[Message: Preloader] BepInEx 6.0.0-be.735 - Among Us (2026/07/24 14:11:57)
[Message: Preloader] Built from commit 5fef3570f212b2fb5fbe9c1d20487c13c2fa90cb
[Info   :   BepInEx] System platform: Windows 10 64-bit
[Info   :   BepInEx] Process bitness: 32-bit (x86)
[Info   :   BepInEx] Running under Unity 2022.3.44f1
[Info   :   BepInEx] Runtime version: 6.0.7
[Info   :   BepInEx] Runtime information: .NET 6.0.7
[Info   : Preloader] 0 patcher plugins loaded
[Info   : Preloader] 0 assemblies discovered
[Message:AssemblyPatcher] Executing 0 patch(es)
[Message:   BepInEx] Chainloader initialized
[Warning:Il2CppInterop] Class::Init signatures have been exhausted, using a substitute!
[Info   :Il2CppInterop] Registered mono type Il2CppInterop.Runtime.DelegateSupport+Il2CppToMonoDelegateReference in il2cpp domain
[Info   :   BepInEx] 1 plugin to load
[Info   :   BepInEx] Loading [Town Of Host-Pko 5.35.22]
[Error  :TownOfHost-Pko] [18:33:37:91][Main]System.Console.OutputEncodingの変更に失敗
[Info   :TownOfHost-Pko] [18:33:38:03][InitializerAttribute]初期化: BanManager.Init
[Info   :TownOfHost-Pko] [18:33:38:04][InitializerAttribute]初期化: ClientOptionsManager.Init
[Info   :TownOfHost-Pko] [18:33:38:04][InitializerAttribute]初期化: CustomWinnerHolder.Reset
[Info   :TownOfHost-Pko] [18:33:38:05][InitializerAttribute]初期化: TemplateManager.Init
[Info   :TownOfHost-Pko] [18:33:38:05][InitializerAttribute]初期化: Translator.Init
[Info   :TownOfHost-Pko] [18:33:38:05][Translator]Language Dictionary Initialize...
[Info   :TownOfHost-Pko] [18:33:38:33][Translator]Language Dictionary Initialize Finished
[Info   :TownOfHost-Pko] [18:33:38:41][InitializerAttribute]初期化: LastGameSave.Init
[Info   :TownOfHost-Pko] [18:33:38:41][InitializerAttribute]初期化: Moderator.Init
[Info   :TownOfHost-Pko] [18:33:38:43][CustomSpawnDeserializer]スポーンのロード開始
[Info   :TownOfHost-Pko] [18:33:38:56][AmongUs Version]2026.8.18
[Info   :TownOfHost-Pko] [18:33:38:56][ModPluginVersion]Town Of Host-Pko v.5.35.22.97
[Info   :TownOfHost-Pko] [18:33:38:56][GitVersion]Branch: main
[Info   :TownOfHost-Pko] [18:33:38:56][GitVersion]BaseTag: v4.32.17.82
[Info   :TownOfHost-Pko] [18:33:38:56][GitVersion]Commit: 084757d3
[Info   :TownOfHost-Pko] [18:33:38:56][GitVersion]Commits: 8507
[Info   :TownOfHost-Pko] [18:33:38:56][GitVersion]IsDirty: False
[Info   :TownOfHost-Pko] [18:33:38:56][GitVersion]Sha: 084757d3b6eba5c8d2e6f667d6f67a6e3dc4f5e2
[Info   :TownOfHost-Pko] [18:33:38:56][GitVersion]Tag: v4.32.17.82-248-g084757d3
[Error  :Il2CppInterop] Assembly TownOfHost-Pko.dll is not registered in il2cpp
[Info   :Il2CppInterop] Registered mono type TownOfHost.ErrorText in il2cpp domain
[Error  :TownOfHost-Pko] [18:33:43:78][Statistics]roleのsubageが3以外(1)
[Error  :TownOfHost-Pko] [18:33:43:78][Statistics]killのsubageが2以外(1)
[Error  :TownOfHost-Pko] [18:33:43:78][Statistics]dieのsubageが2以外(1)
[Error  :TownOfHost-Pko] [18:33:43:78][Statistics]modeのsubageが3以外(1)
[Message:   BepInEx] Chainloader startup complete
[Info   :TownOfHost-Pko] [18:33:44:93][Options]Options.Load Start
[Info   :Il2CppInterop] Registered mono type BepInEx.Unity.IL2CPP.Utils.Collections.Il2CppManagedEnumerator in il2cpp domain
[Info   :TownOfHost-Pko] [18:33:49:97][ModNews]ModNews Error Fetch:0
[Info   :TownOfHost-Pko] [18:33:50:41][PKO]PKO画像を読み込み: TownOfHost.Resources.TOHP.PKO.png
[Info   :TownOfHost-Pko] [19:03:21:80][TestBotManager]Canceled legacy SNR bot spawn.
[Info   :TownOfHost-Pko] [19:03:21:82][OnGameJoined]32に参加
[Info   :TownOfHost-Pko] [19:03:22:14][LateTask]"Welcome Meg" is created
[Warning:TownOfHost-Pko] [19:03:22:94][Translator]未翻訳の関数 : Archenemy
[Warning:TownOfHost-Pko] [19:03:22:94][Translator]未翻訳の関数 : Dracula
[Warning:TownOfHost-Pko] [19:03:22:94][Translator]未翻訳の関数 : kenzoku
[Warning:TownOfHost-Pko] [19:03:22:94][Translator]未翻訳の関数 : Damudo
[Warning:TownOfHost-Pko] [19:03:22:94][Translator]未翻訳の関数 : VoteTracker
[Info   :TownOfHost-Pko] [19:03:25:09][LateTask]"Welcome Meg"is finished
[Warning:TownOfHost-Pko] [19:03:27:56][Translator]未翻訳の関数 : CommandSetting
[Warning:TownOfHost-Pko] [19:03:27:56][Translator]未翻訳の関数 : AutoFunction
[Warning:TownOfHost-Pko] [19:03:27:57][Translator]未翻訳の関数 : GameChatSetting
[Warning:TownOfHost-Pko] [19:03:27:57][Translator]未翻訳の関数 : GameChatHideChat
[Warning:TownOfHost-Pko] [19:03:27:58][Translator]未翻訳の関数 : NumEmergencyMeetings
[Warning:TownOfHost-Pko] [19:03:27:58][Translator]未翻訳の関数 : MapId
[Info   :TownOfHost-Pko] [19:11:44:82][Session]切断(理由:ExitGame:, ping:0,FriendCode:needfulnil#3743,PUID:0002baec0d304fb3bd3013a145cbcd21)
[Info   :TownOfHost-Pko] [19:11:44:82][CustomRoleManager]Dispose ActiveRoles
[Info   :TownOfHost-Pko] [19:11:47:67][ModNews]ModNews Error Fetch:0
[Info   :TownOfHost-Pko] [19:11:47:88][PKO]PKO画像を読み込み: TownOfHost.Resources.TOHP.PKO.png
[Info   :TownOfHost-Pko] [19:30:51:03][TestBotManager]Canceled legacy SNR bot spawn.
[Info   :TownOfHost-Pko] [19:30:51:03][OnGameJoined]-1927679469に参加
[Info   :TownOfHost-Pko] [19:30:52:60][LateTask]"Welcome Meg" is created
[Info   :TownOfHost-Pko] [19:30:55:73][LateTask]"Welcome Meg"is finished
[Info   :TownOfHost-Pko] [19:32:43:40][Session]伝カロちゃん(ClientID:1091921)(FriendCode:marshyshe#6403)(PuId:00021675f39941d0800649ec8742b168)が参加
[Info   :TownOfHost-Pko] [19:32:43:50][LateTask]"Welcome Meg" is created
[Info   :TownOfHost-Pko] [19:32:46:37][LateTask]"Welcome Meg"is finished
[Info   :TownOfHost-Pko] [19:32:47:42][Session]みくろ(ClientID:1091924)(FriendCode:starrypram#3837)(PuId:0002b8809c4841aa8770be571da45354)が参加
[Info   :TownOfHost-Pko] [19:32:48:18][LateTask]"Welcome Meg" is created
[Info   :TownOfHost-Pko] [19:32:51:17][LateTask]"Welcome Meg"is finished
[Info   :TownOfHost-Pko] [19:33:18:85][Session]あそこらgrass(ClientID:1091937)(FriendCode:fishyboot#8274)(PuId:00024b10a2764c5d9cde5abed648f7a4)が参加
[Info   :TownOfHost-Pko] [19:33:20:09][LateTask]"Welcome Meg" is created
[Info   :TownOfHost-Pko] [19:33:23:08][LateTask]"Welcome Meg"is finished
[Info   :TownOfHost-Pko] [19:33:23:64][ReceiveChat]伝カロちゃん:にゅ
[Info   :TownOfHost-Pko] [19:33:29:47][ReceiveChat]あそこらgrass:んばす
[Info   :TownOfHost-Pko] [19:33:32:41][Session]5号(ClientID:1091939)(FriendCode:spottyloaf#5118)(PuId:00024bd90585418a864c0e93eef94ded)が参加
[Info   :TownOfHost-Pko] [19:33:32:64][LateTask]"Welcome Meg" is created
[Info   :TownOfHost-Pko] [19:33:35:63][LateTask]"Welcome Meg"is finished
[Info   :TownOfHost-Pko] [19:33:40:48][ReceiveChat]伝カロちゃん:こんにち
[Info   :TownOfHost-Pko] [19:33:42:38][ReceiveChat]5号:よす
[Info   :TownOfHost-Pko] [19:34:10:64][SendChat]コマンドは確認した？
[Info   :TownOfHost-Pko] [19:34:10:96][ReceiveChat]あそこらgrass:/now role
[Info   :TownOfHost-Pko] [19:34:13:20][ReceiveChat]5号:/now
[Info   :TownOfHost-Pko] [19:34:19:51][Session]ひとつここの(ClientID:1091967)(FriendCode:needsame#5505)(PuId:0002cf29a03740028191c90f6d69517e)が参加
[Info   :TownOfHost-Pko] [19:34:19:72][LateTask]"Welcome Meg" is created
[Info   :TownOfHost-Pko] [19:34:22:66][ReceiveChat]伝カロちゃん:/nowrole
[Info   :TownOfHost-Pko] [19:34:22:71][LateTask]"Welcome Meg"is finished
[Info   :TownOfHost-Pko] [19:34:28:61][ReceiveChat]ひとつここの:やほ
[Info   :TownOfHost-Pko] [19:34:35:96][ReceiveChat]ひとつここの:カロ久しぶり
[Info   :TownOfHost-Pko] [19:34:37:69][ReceiveChat]伝カロちゃん:/now role
[Info   :TownOfHost-Pko] [19:34:41:44][ReceiveChat]みくろ:/now
[Info   :TownOfHost-Pko] [19:34:42:02][ReceiveChat]伝カロちゃん:お久
[Info   :TownOfHost-Pko] [19:34:45:95][ReceiveChat]ひとつここの:/now
[Info   :TownOfHost-Pko] [19:34:59:15][ReceiveChat]あそこらgrass:みれるんだ　すごい
[Info   :TownOfHost-Pko] [19:35:02:11][ReceiveChat]ひとつここの:/now role
[Info   :TownOfHost-Pko] [19:35:09:27][ReceiveChat]ひとつここの:なんもわかんね
[Info   :TownOfHost-Pko] [19:35:24:11][ReceiveChat]みくろ:/now role
[Info   :TownOfHost-Pko] [19:35:42:95][ReceiveChat]ひとつここの:見てもわかんないから勘でやります
[Info   :TownOfHost-Pko] [19:36:09:31][ReceiveChat]あそこらgrass:/now
[Info   :TownOfHost-Pko] [19:36:14:37][ReceiveChat]5号:/now role
[Info   :TownOfHost-Pko] [19:36:30:36][SendChat]/cmd nowで現在設定
[Info   :TownOfHost-Pko] [19:36:30:37][ChatCommand]Command Canceled
[Info   :TownOfHost-Pko] [19:36:33:66][ReceiveChat]あそこらgrass:/my role
[Info   :TownOfHost-Pko] [19:36:40:21][ReceiveChat]5号:/my role
[Info   :TownOfHost-Pko] [19:36:41:68][ReceiveChat]あそこらgrass:意味なかった
[Error  :TownOfHost-Pko] [19:36:46:28][GetClientId]ひとつここののclientがnull
[Info   :TownOfHost-Pko] [19:36:46:38][Session]ひとつここの(ClientID:1091967)が切断(理由:ExitGame, ping:11), Platform:IPhone , friendcode:needsame#5505 , PuId:0002cf29a03740028191c90f6d69517e
[Info   :TownOfHost-Pko] [19:36:49:39][ReceiveChat]5号:/myrole
[Info   :TownOfHost-Pko] [19:36:55:04][SendChat]/cmd now role
[Info   :TownOfHost-Pko] [19:36:55:04][ChatCommand]Command Canceled
[Info   :TownOfHost-Pko] [19:36:57:88][ReceiveChat]5号:やはりここだと意味ないか
[Info   :TownOfHost-Pko] [19:37:14:53][Session]ひとつここの(ClientID:1092031)(FriendCode:needsame#5505)(PuId:0002cf29a03740028191c90f6d69517e)が参加
[Info   :TownOfHost-Pko] [19:37:14:71][LateTask]"Welcome Meg" is created
[Info   :TownOfHost-Pko] [19:37:17:69][LateTask]"Welcome Meg"is finished
[Info   :TownOfHost-Pko] [19:37:29:97][ReceiveChat]ひとつここの:みんなお風呂かな
[Info   :TownOfHost-Pko] [19:37:41:17][ReceiveChat]あそこらgrass:だれかモナモンで宣伝した？
[Info   :TownOfHost-Pko] [19:37:55:58][ReceiveChat]ひとつここの:してるけどリマインドしてみてもいいかも
[Info   :TownOfHost-Pko] [19:38:30:06][SendChat]特にmyroleコマンドは覚えといてね
[Info   :TownOfHost-Pko] [19:39:45:66][ReceiveChat]5号:おっと
[Info   :TownOfHost-Pko] [19:40:03:31][ReceiveChat]ひとつここの:わあ
[Info   :TownOfHost-Pko] [19:40:16:94][ReceiveChat]あそこらgrass:いこ
[Info   :TownOfHost-Pko] [19:40:23:05][PreviousSession]セッション記録: Rの名無しさん (NEEDFULNIL#3743)
[Info   :TownOfHost-Pko] [19:40:23:05][PreviousSession]セッション記録: 伝カロちゃん (MARSHYSHE#6403)
[Info   :TownOfHost-Pko] [19:40:23:05][PreviousSession]セッション記録: みくろ (STARRYPRAM#3837)
[Info   :TownOfHost-Pko] [19:40:23:06][PreviousSession]セッション記録: あそこらgrass (FISHYBOOT#8274)
[Info   :TownOfHost-Pko] [19:40:23:06][PreviousSession]セッション記録: 5号 (SPOTTYLOAF#5118)
[Info   :TownOfHost-Pko] [19:40:23:06][PreviousSession]セッション記録: ひとつここの (NEEDSAME#5505)
[Info   :TownOfHost-Pko] [19:40:23:06][PreviousSession]現在のセッション参加者: 6人
[Info   :TownOfHost-Pko] [19:40:23:17][MeetingTimeManager.Init]DefaultDiscussionTime:0, DefaultVotingTime240
[Info   :TownOfHost-Pko] [19:40:23:27][LateTask]"setdisconnected" is created
[Info   :TownOfHost-Pko] [19:40:23:31][InitializerAttribute]初期化: Achievements.init
[Info   :TownOfHost-Pko] [19:40:23:32][InitializerAttribute]初期化: CheckGetNomalAchievement.OnStartGame
[Info   :TownOfHost-Pko] [19:40:23:32][InitializerAttribute]初期化: AntiBlackout.Reset
[Info   :TownOfHost-Pko] [19:40:23:32][AntiBlackout]==Reset==
[Info   :TownOfHost-Pko] [19:40:23:32][InitializerAttribute]初期化: CustomWinnerHolder.Reset
[Info   :TownOfHost-Pko] [19:40:23:32][InitializerAttribute]初期化: DisableDevice.Reset
[Info   :TownOfHost-Pko] [19:40:23:33][InitializerAttribute]初期化: DoubleTrigger.Init
[Info   :TownOfHost-Pko] [19:40:23:33][InitializerAttribute]初期化: DummyHunter.Init
[Info   :TownOfHost-Pko] [19:40:23:33][InitializerAttribute]初期化: MurderMystery.Init
[Info   :TownOfHost-Pko] [19:40:23:33][InitializerAttribute]初期化: TaskBattle.Init
[Info   :TownOfHost-Pko] [19:40:23:33][InitializerAttribute]初期化: GameStates.Reset
[Info   :TownOfHost-Pko] [19:40:23:33][InitializerAttribute]初期化: GuessManager.Guessreset
[Info   :TownOfHost-Pko] [19:40:23:33][InitializerAttribute]初期化: PlayerOutfitManager.RemoveAll
[Info   :TownOfHost-Pko] [19:40:23:33][InitializerAttribute]初期化: TargetArrow.Init
[Info   :TownOfHost-Pko] [19:40:23:33][InitializerAttribute]初期化: GetArrow.Init
[Info   :TownOfHost-Pko] [19:40:23:33][InitializerAttribute]初期化: Utils.Init
[Info   :TownOfHost-Pko] [19:40:23:34][InitializerAttribute]初期化: SubmergedPatch.Init
[Info   :TownOfHost-Pko] [19:40:23:34][InitializerAttribute]初期化: FallFromLadder.Reset
[Info   :TownOfHost-Pko] [19:40:23:34][InitializerAttribute]初期化: PlayerControlRpcUseZiplinePatch.Reset
[Info   :TownOfHost-Pko] [19:40:23:34][InitializerAttribute]初期化: AutoForceEndOnDisconnect.Reset
[Info   :TownOfHost-Pko] [19:40:23:34][InitializerAttribute]初期化: Lovers.Reset
[Info   :TownOfHost-Pko] [19:40:23:35][InitializerAttribute]初期化: GhostRoleCore.Init
[Info   :TownOfHost-Pko] [19:40:23:36][InitializerAttribute]初期化: Amateras.Init
[Info   :TownOfHost-Pko] [19:40:23:36][InitializerAttribute]初期化: Cupid.Mareset
[Info   :TownOfHost-Pko] [19:40:23:36][InitializerAttribute]初期化: Madonna.Mareset
[Info   :TownOfHost-Pko] [19:40:23:36][InitializerAttribute]初期化: Ruler.Init
[Info   :TownOfHost-Pko] [19:40:23:36][InitializerAttribute]初期化: ThreePigsData.Init
[Info   :TownOfHost-Pko] [19:40:23:36][InitializerAttribute]初期化: Zombie.ResetRuntimeData
[Info   :TownOfHost-Pko] [19:40:23:36][InitializerAttribute]初期化: Evolver.Init
[Info   :TownOfHost-Pko] [19:40:23:36][InitializerAttribute]初期化: Workhorse.Init
[Info   :TownOfHost-Pko] [19:40:23:36][InitializerAttribute]初期化: Guesser.Init
[Info   :TownOfHost-Pko] [19:40:23:36][InitializerAttribute]初期化: DoorsReset.Initialize
[Info   :TownOfHost-Pko] [19:40:23:36][InitializerAttribute]初期化: SuddenDeathMode.Reset
[Info   :TownOfHost-Pko] [19:40:23:36][InitializerAttribute]初期化: SelfVoteManager.Init
[Info   :TownOfHost-Pko] [19:40:23:36][InitializerAttribute]初期化: VentManager.Init
[Info   :TownOfHost-Pko] [19:40:23:36][InitializerAttribute]初期化: ChatManager.ResetChat
[Info   :TownOfHost-Pko] [19:40:23:36][OnGamStarted]==============　1試合目　==============
[Info   :TownOfHost-Pko] [19:40:23:36][OnGamStarted Fin]region:Asia ,LagTime : 0.23 ,(11) PlayerCount : 6
[Warning:TownOfHost-Pko] [19:40:23:50][Translator]未翻訳の関数 : NotAssignedInfo
[Info   :TownOfHost-Pko] [19:40:23:92][StandardIntro]伝カロちゃん
[Info   :TownOfHost-Pko] [19:40:23:92][StandardIntro]みくろ
[Info   :TownOfHost-Pko] [19:40:23:92][StandardIntro]あそこらgrass
[Info   :TownOfHost-Pko] [19:40:23:92][StandardIntro]5号
[Info   :TownOfHost-Pko] [19:40:23:92][StandardIntro]ひとつここの
[Info   :TownOfHost-Pko] [19:40:23:92][StandardIntro]SetDisconnected
[Info   :TownOfHost-Pko] [19:40:23:92][LateTask]"setdisconnected"is finished
[Message:TownOfHost-Pko] [19:40:25:25][Method]"StartPatch.Postfix" Called in "ShipStatusPatch.cs(92)"
[Info   :TownOfHost-Pko] [19:40:25:25][Phase]-----------ゲーム開始-----------
[Info   :TownOfHost-Pko] [19:40:25:26][CountAlivePlayers]OutOfGame:6/6, All:0/0
[Info   :TownOfHost-Pko] [19:40:27:93][AssignCount][Crewmate, 3], [Impostor, 1], [Neutral, 2], [Madmate, 0]
[Info   :TownOfHost-Pko] [19:40:27:93][AssignRoleList]Samurai, Mayor, Doctor, Express, Opportunist, Jackal
[Info   :TownOfHost-Pko] [19:40:27:94][AssignRolesDesync]役職設定:Rの名無しさん = Jackal
[Info   :TownOfHost-Pko] [19:40:27:96][AssignRolesDesync]役職設定:5号 = Opportunist
[Info   :TownOfHost-Pko] [19:40:27:97][PlayerControl.RpcSetRole]みくろ => Phantom
[Info   :TownOfHost-Pko] [19:40:27:98][PlayerControl.RpcSetRole]伝カロちゃん => Scientist
[Info   :TownOfHost-Pko] [19:40:27:98][PlayerControl.RpcSetRole]あそこらgrass => Crewmate
[Info   :TownOfHost-Pko] [19:40:27:98][PlayerControl.RpcSetRole]ひとつここの => Crewmate
[Info   :TownOfHost-Pko] [19:40:27:99][AssignRoles]役職設定:みくろ = Samurai
[Info   :TownOfHost-Pko] [19:40:27:99][AssignRoles]役職設定:あそこらgrass = Mayor
[Info   :TownOfHost-Pko] [19:40:27:99][AssignRoles]役職設定:伝カロちゃん = Doctor
[Info   :TownOfHost-Pko] [19:40:27:99][AssignRoles]役職設定:ひとつここの = Express
[Info   :TownOfHost-Pko] [19:40:28:01][IusePhantomButton]Rの名無しさん:ファントムワンクリに追加
[Info   :TownOfHost-Pko] [19:40:28:01][IusePhantomButton]みくろ:ファントムワンクリに追加
[Error  :TownOfHost-Pko] [19:40:28:12][ButtonHud]System.NullReferenceException: Object reference not set to an instance of an object.
   at TownOfHost.CustomButtonHud.BottonHud(Boolean reset)
[Error  :TownOfHost-Pko] [19:40:28:13][ButtonHud]System.NullReferenceException: Object reference not set to an instance of an object.
   at TownOfHost.CustomButtonHud.BottonHud(Boolean reset)
[Error  :TownOfHost-Pko] [19:40:28:13][ButtonHud]System.NullReferenceException: Object reference not set to an instance of an object.
   at TownOfHost.CustomButtonHud.BottonHud(Boolean reset)
[Error  :TownOfHost-Pko] [19:40:28:13][ButtonHud]System.NullReferenceException: Object reference not set to an instance of an object.
   at TownOfHost.CustomButtonHud.BottonHud(Boolean reset)
[Error  :TownOfHost-Pko] [19:40:28:14][ButtonHud]System.NullReferenceException: Object reference not set to an instance of an object.
   at TownOfHost.CustomButtonHud.BottonHud(Boolean reset)
[Error  :TownOfHost-Pko] [19:40:28:14][ButtonHud]System.NullReferenceException: Object reference not set to an instance of an object.
   at TownOfHost.CustomButtonHud.BottonHud(Boolean reset)
[Info   :TownOfHost-Pko] [19:40:28:15][StandardIntro]ShowIntro
[Info   :TownOfHost-Pko] [19:40:28:15][LateTask]"SetTaskDelay" is created
[Info   :TownOfHost-Pko] [19:40:28:15][CountAliveImpostors]生存しているインポスター:1人
[Info   :TownOfHost-Pko] [19:40:28:15][CountAliveNeutral]生存しているニュートラル:2人
[Info   :TownOfHost-Pko] [19:40:28:15][CountAlivePlayers]Crew:4/4, Impostor:1/1, Jackal:1/1, All:6/6
[Message:TownOfHost-Pko] [19:40:28:24][Method]"BeginPatch.Postfix" Called in "ShipStatusPatch.cs(137)"
[Info   :TownOfHost-Pko] [19:40:28:70][LateTask]"SetTask" is created
[Info   :TownOfHost-Pko] [19:40:28:70][LateTask]"SetTaskDelay"is finished
[Info   :TownOfHost-Pko] [19:40:30:14][Info]------------名前表示------------
[Info   :TownOfHost-Pko] [19:40:30:15][Info][*]0 :Rの名無しさん       :Rの名無しさん(Blue)
[Info   :TownOfHost-Pko] [19:40:30:15][Info]   1 :伝カロちゃん        :伝カロちゃん(Brown)
[Info   :TownOfHost-Pko] [19:40:30:15][Info]   2 :みくろ              :みくろ(Orange)
[Info   :TownOfHost-Pko] [19:40:30:15][Info]   3 :あそこらgrass       :あそこらgrass(Lime)
[Info   :TownOfHost-Pko] [19:40:30:15][Info]   4 :5号                 :5号(Black)
[Info   :TownOfHost-Pko] [19:40:30:15][Info]   5 :ひとつここの        :ひとつここの(White)
[Info   :TownOfHost-Pko] [19:40:30:15][Info]----------役職割り当て----------
[Info   :TownOfHost-Pko] [19:40:30:15][Info][*]0 :Rの名無しさん       :ジャッカル
[Info   :TownOfHost-Pko] [19:40:30:15][Info]   1 :伝カロちゃん        :ドクター
[Info   :TownOfHost-Pko] [19:40:30:15][Info]   2 :みくろ              :侍
[Info   :TownOfHost-Pko] [19:40:30:15][Info]   3 :あそこらgrass       :メイヤー
[Info   :TownOfHost-Pko] [19:40:30:15][Info]   4 :5号                 :オポチュニスト
[Info   :TownOfHost-Pko] [19:40:30:15][Info]   5 :ひとつここの        :エクスプレス
[Info   :TownOfHost-Pko] [19:40:30:15][Info]--------------環境--------------
[Info   :TownOfHost-Pko] [19:40:30:15][Info][*]0 :Rの名無しさん       :SteamPC    :Mod(TOH-PKO/5.35.22.97:084757d3(main))
[Info   :TownOfHost-Pko] [19:40:30:15][Info]   1 :伝カロちゃん        :IPhone     :Vanilla
[Info   :TownOfHost-Pko] [19:40:30:15][Info]   2 :みくろ              :Switch     :Vanilla
[Info   :TownOfHost-Pko] [19:40:30:15][Info]   3 :あそこらgrass       :Android    :Vanilla
[Info   :TownOfHost-Pko] [19:40:30:15][Info]   4 :5号                 :SteamPC    :Vanilla
[Info   :TownOfHost-Pko] [19:40:30:15][Info]   5 :ひとつここの        :IPhone     :Vanilla
[Info   :TownOfHost-Pko] [19:40:30:15][Info]------------基本設定------------
[Info   :TownOfHost-Pko] [19:40:30:15][Info]マップ: The Skeld
[Info   :TownOfHost-Pko] [19:40:30:15][Info]インポスター数: 1
[Info   :TownOfHost-Pko] [19:40:30:15][Info]追放数を確認: オフ
[Info   :TownOfHost-Pko] [19:40:30:15][Info]# 緊急会議: 1
[Info   :TownOfHost-Pko] [19:40:30:15][Info]匿名投票: オン
[Info   :TownOfHost-Pko] [19:40:30:15][Info]緊急ボタンクールダウン: 15秒
[Info   :TownOfHost-Pko] [19:40:30:15][Info]議論タイム: 0秒
[Info   :TownOfHost-Pko] [19:40:30:15][Info]投票時間: 240秒
[Info   :TownOfHost-Pko] [19:40:30:15][Info]プレイヤー速度: 1.25x
[Info   :TownOfHost-Pko] [19:40:30:15][Info]タスクバーアップデート: 行わない
[Info   :TownOfHost-Pko] [19:40:30:15][Info]視認タスク: オフ
[Info   :TownOfHost-Pko] [19:40:30:15][Info]クルービジョン: 5x
[Info   :TownOfHost-Pko] [19:40:30:15][Info]インポスタービジョン: 5x
[Info   :TownOfHost-Pko] [19:40:30:15][Info]キルのクールダウン時間: 30秒
[Info   :TownOfHost-Pko] [19:40:30:15][Info]キル可能距離: ミドル
[Info   :TownOfHost-Pko] [19:40:30:15][Info]# 通常タスク: 3
[Info   :TownOfHost-Pko] [19:40:30:15][Info]# ロングタスク: 2
[Info   :TownOfHost-Pko] [19:40:30:15][Info]# ショートタスク: 4
[Info   :TownOfHost-Pko] [19:40:30:15][Info]------------詳細設定------------
[Info   :TownOfHost-Pko] [19:40:30:15][Info]Preset                                  :2
[Info   :TownOfHost-Pko] [19:40:30:16][Info]GameMode                                :スタンダード
[Info   :TownOfHost-Pko] [19:40:30:16][Info]GM                                      :×
[Info   :TownOfHost-Pko] [19:40:30:16][Info]AssignMode                              :固定
[Info   :TownOfHost-Pko] [19:40:30:16][Info]SoloWinOption                           :0
[Info   :TownOfHost-Pko] [19:40:30:16][Info]SoloWinOption                           :0
[Info   :TownOfHost-Pko] [19:40:30:16][Info]SoloWinOption                           :0
[Info   :TownOfHost-Pko] [19:40:30:16][Info]ONspecialMode                           :○
[Info   :TownOfHost-Pko] [19:40:30:16][Info]┗ InsiderMode                           :×
[Info   :TownOfHost-Pko] [19:40:30:16][Info]┗ ColorNameMode                         :×
[Info   :TownOfHost-Pko] [19:40:30:16][Info]┗ CanSeeImpostorRole                    :○
[Info   :TownOfHost-Pko] [19:40:30:16][Info]ExperimentalMode                        :○
[Info   :TownOfHost-Pko] [19:40:30:16][Info]┗ ExAftermeetingflash                   :○
[Info   :TownOfHost-Pko] [19:40:30:16][Info]┗ ExHideChatCommand                     :○
[Info   :TownOfHost-Pko] [19:40:30:16][Info]┗ TeamHideChat                          :×
[Info   :TownOfHost-Pko] [19:40:30:16][Info]┗ ExRpcWeightR                          :×
[Info   :TownOfHost-Pko] [19:40:30:16][Info]┗ ExCallMeetingBlackout                 :○
[Info   :TownOfHost-Pko] [19:40:30:16][Info]┗ ExIntroWeight                         :通常の分割
[Info   :TownOfHost-Pko] [19:40:30:16][Info]┗ ExChatMonochrome                      :○
[Info   :TownOfHost-Pko] [19:40:30:16][Info]FixSpawnPacketSize                      :×
[Info   :TownOfHost-Pko] [19:40:30:16][Info]┗ VampireSpeedDown                      :○
[Info   :TownOfHost-Pko] [19:40:30:16][Info]┗ VampireSpeedDownCount                 :10秒
[Info   :TownOfHost-Pko] [19:40:30:16][Info]┗ VampireKillDelay                      :10秒
[Info   :TownOfHost-Pko] [19:40:30:16][Info]┗ blastrange                            :5
[Info   :TownOfHost-Pko] [19:40:30:16][Info]┗ PuppeteerPuppetCool                   :5秒
[Info   :TownOfHost-Pko] [19:40:30:16][Info]┗ StealthDarkenDuration                 :1秒
[Info   :TownOfHost-Pko] [19:40:30:16][Info]┗ KillAnimation                         :×
[Info   :TownOfHost-Pko] [19:40:30:16][Info]┗ NotifierProbability                   :50%
[Info   :TownOfHost-Pko] [19:40:30:16][Info]┗ TimeThiefDecreaseMeetingTime          :50秒
[Info   :TownOfHost-Pko] [19:40:30:16][Info]┗ TimeThiefReturnStolenTimeUponDeath    :×
[Info   :TownOfHost-Pko] [19:40:30:16][Info]┗ TairoDeathReason                      :×
[Info   :TownOfHost-Pko] [19:40:30:16][Info]┗ MayorAdditionalVote                   :1票
[Info   :TownOfHost-Pko] [19:40:30:16][Info]┗ ProgressKillerMadseen                 :×
[Info   :TownOfHost-Pko] [19:40:30:16][Info]┗ ProgressWorkhorseseen                 :×
[Info   :TownOfHost-Pko] [19:40:30:16][Info]┗ NekoKabochaImpostorsGetRevenged       :×
[Info   :TownOfHost-Pko] [19:40:30:16][Info]┗ NekoKabochaMadmatesGetRevenged        :×
[Info   :TownOfHost-Pko] [19:40:30:16][Info]┗ NekoKabochaNeutralsGetRevenged        :×
[Info   :TownOfHost-Pko] [19:40:30:16][Info]┗ NekoKabochaRevengeOnExile             :×
[Info   :TownOfHost-Pko] [19:40:30:16][Info]┗ PenguinAbductTimerLimit               :10秒
[Info   :TownOfHost-Pko] [19:40:30:16][Info]┗ PenguinMeetingKill                    :×
[Info   :TownOfHost-Pko] [19:40:30:16][Info]┗ EvilHackerCanSeeMurderRoom            :×
[Info   :TownOfHost-Pko] [19:40:30:16][Info]┗ EvilHackerCanSeeDistance              :×
[Info   :TownOfHost-Pko] [19:40:30:16][Info]┗ CanCreateSideKick                     :×
[Info   :TownOfHost-Pko] [19:40:30:16][Info]Evilgambler                             :30%
[Info   :TownOfHost-Pko] [19:40:30:16][Info]┗ Maximum                               :1人
[Info   :TownOfHost-Pko] [19:40:30:16][Info]┗ Evillgamblergamblecollect             :50%
[Info   :TownOfHost-Pko] [19:40:30:16][Info]┗ EvillgamblercollectkillCooldown       :5秒
[Info   :TownOfHost-Pko] [19:40:30:16][Info]┗ EvillgamblernotcollectkillCooldown    :60秒
[Info   :TownOfHost-Pko] [19:40:30:16][Info]┗ GiveGuesser                           :×
[Info   :TownOfHost-Pko] [19:40:30:16][Info]┗ GiveWatching                          :×
[Info   :TownOfHost-Pko] [19:40:30:16][Info]┗ GivePlusVote                          :×
[Info   :TownOfHost-Pko] [19:40:30:16][Info]┗ GiveTiebreaker                        :×
[Info   :TownOfHost-Pko] [19:40:30:16][Info]┗ GiveAutopsy                           :×
[Info   :TownOfHost-Pko] [19:40:30:16][Info]┗ GiveRevenger                          :×
[Info   :TownOfHost-Pko] [19:40:30:16][Info]┗ GiveSpeeding                          :×
[Info   :TownOfHost-Pko] [19:40:30:16][Info]┗ GiveGuarding                          :×
[Info   :TownOfHost-Pko] [19:40:30:16][Info]┗ GiveManagement                        :×
[Info   :TownOfHost-Pko] [19:40:30:16][Info]┗ GiveSeeing                            :×
[Info   :TownOfHost-Pko] [19:40:30:16][Info]┗ GiveOpener                            :×
[Info   :TownOfHost-Pko] [19:40:30:16][Info]┗ GiveNotvoter                          :×
[Info   :TownOfHost-Pko] [19:40:30:16][Info]┗ GiveElector                           :×
[Info   :TownOfHost-Pko] [19:40:30:16][Info]┗ GiveInfoPoor                          :×
[Info   :TownOfHost-Pko] [19:40:30:16][Info]┗ GiveNonReport                         :×
[Info   :TownOfHost-Pko] [19:40:30:16][Info]┗ GiveTransparent                       :×
[Info   :TownOfHost-Pko] [19:40:30:16][Info]┗ GiveWater                             :×
[Info   :TownOfHost-Pko] [19:40:30:16][Info]┗ GiveClumsy                            :×
[Info   :TownOfHost-Pko] [19:40:30:16][Info]┗ GiveSlacker                           :×
[Info   :TownOfHost-Pko] [19:40:30:16][Info]┗ GiveStamina                           :×
[Info   :TownOfHost-Pko] [19:40:30:16][Info]┗ GiveJumbo                             :×
[Info   :TownOfHost-Pko] [19:40:30:16][Info]┗ GiveSunglasses                        :×
[Info   :TownOfHost-Pko] [19:40:30:16][Info]┗ GiveSecurer                           :×
[Info   :TownOfHost-Pko] [19:40:30:16][Info]┗ GiveSealer                            :×
[Info   :TownOfHost-Pko] [19:40:30:16][Info]┗ GiveSilverBuzzer                      :×
[Info   :TownOfHost-Pko] [19:40:30:16][Info]Minimalist                              :30%
[Info   :TownOfHost-Pko] [19:40:30:16][Info]┗ Maximum                               :1人
[Info   :TownOfHost-Pko] [19:40:30:16][Info]┗ KillCooldown                          :30秒
[Info   :TownOfHost-Pko] [19:40:30:16][Info]┗ MinimalistCanVent                     :×
[Info   :TownOfHost-Pko] [19:40:30:16][Info]┗ MinimalistCanSabotage                 :×
[Info   :TownOfHost-Pko] [19:40:30:16][Info]SelfBomber                              :10%
[Info   :TownOfHost-Pko] [19:40:30:16][Info]┗ SelfBomberCooldown                    :32秒
[Info   :TownOfHost-Pko] [19:40:30:16][Info]┗ SelfBomberExplosionRadius             :3x
[Info   :TownOfHost-Pko] [19:40:30:16][Info]HateKiller                              :30%
[Info   :TownOfHost-Pko] [19:40:30:16][Info]┗ KillCooldown                          :30秒
[Info   :TownOfHost-Pko] [19:40:30:16][Info]┗ HateKillerDecreaseKillCool            :4秒
[Info   :TownOfHost-Pko] [19:40:30:16][Info]┗ HateKillerMinimumKillCool             :10秒
[Info   :TownOfHost-Pko] [19:40:30:16][Info]┗ HateKillerCountImpostorVotes          :○
[Info   :TownOfHost-Pko] [19:40:30:16][Info]┗ HateKillerCountSelfVotes              :×
[Info   :TownOfHost-Pko] [19:40:30:16][Info]SmokeMaker                              :30%
[Info   :TownOfHost-Pko] [19:40:30:16][Info]┗ Maximum                               :1人
[Info   :TownOfHost-Pko] [19:40:30:16][Info]┗ SmokeMakerPlaceCooldown               :10秒
[Info   :TownOfHost-Pko] [19:40:30:16][Info]┗ SmokeMakerSmokeCooldown               :15秒
[Info   :TownOfHost-Pko] [19:40:30:16][Info]┗ SmokeMakerSmokeDuration               :10秒
[Info   :TownOfHost-Pko] [19:40:30:16][Info]┗ SmokeMakerSmokeSize                   :150%
[Info   :TownOfHost-Pko] [19:40:30:16][Info]┗ SmokeMakerMaxDummies                  :5個
[Info   :TownOfHost-Pko] [19:40:30:16][Info]┗ SmokeMakerSwapControls                :×
[Info   :TownOfHost-Pko] [19:40:30:16][Info]┗ EvilStandMasterTeammateKillCDReduce   :10秒
[Info   :TownOfHost-Pko] [19:40:30:16][Info]┗ EvilStandMasterOwnKillCDReduce        :5秒
[Info   :TownOfHost-Pko] [19:40:30:16][Info]HadouHo                                 :10%
[Info   :TownOfHost-Pko] [19:40:30:16][Info]┗ Maximum                               :1人
[Info   :TownOfHost-Pko] [19:40:30:16][Info]┗ KillCooldown                          :30秒
[Info   :TownOfHost-Pko] [19:40:30:16][Info]┗ Cooldown                              :30秒
[Info   :TownOfHost-Pko] [19:40:30:16][Info]┗ HadouHoChargeTime                     :3秒
[Info   :TownOfHost-Pko] [19:40:30:16][Info]┗ HadouHoBeamTime                       :1秒
[Info   :TownOfHost-Pko] [19:40:30:16][Info]┗ HadouHoSelfDestruct                   :×
[Info   :TownOfHost-Pko] [19:40:30:16][Info]┗ HadouHoKillImpostor                   :○
[Info   :TownOfHost-Pko] [19:40:30:16][Info]DoubleKiller                            :10%
[Info   :TownOfHost-Pko] [19:40:30:16][Info]┗ DoubleKillerKillCooldown              :30秒
[Info   :TownOfHost-Pko] [19:40:30:16][Info]┗ DoubleKillerPhantomCooldown           :30秒
[Info   :TownOfHost-Pko] [19:40:30:16][Info]┗ DoubleKillerCanVent                   :×
[Info   :TownOfHost-Pko] [19:40:30:16][Info]┗ DoubleKillerCanSabotage               :×
[Info   :TownOfHost-Pko] [19:40:30:16][Info]┗ DoubleKillerPhantomUsageCount         :1回
[Info   :TownOfHost-Pko] [19:40:30:16][Info]Samurai                                 :10%
[Info   :TownOfHost-Pko] [19:40:30:16][Info]┗ KillCooldown                          :30秒
[Info   :TownOfHost-Pko] [19:40:30:16][Info]┗ Cooldown                              :50秒
[Info   :TownOfHost-Pko] [19:40:30:16][Info]┗ CanVent                               :×
[Info   :TownOfHost-Pko] [19:40:30:16][Info]┗ CanUseSabotage                        :×
[Info   :TownOfHost-Pko] [19:40:30:16][Info]┗ SamuraiSlashRange                     :2x
[Info   :TownOfHost-Pko] [19:40:30:16][Info]Penguin                                 :30%
[Info   :TownOfHost-Pko] [19:40:30:16][Info]┗ Maximum                               :1人
[Info   :TownOfHost-Pko] [19:40:30:16][Info]┗ PenguinAbductTimerLimit               :10秒
[Info   :TownOfHost-Pko] [19:40:30:16][Info]┗ PenguinMeetingKill                    :○
[Info   :TownOfHost-Pko] [19:40:30:16][Info]Vampire                                 :10%
[Info   :TownOfHost-Pko] [19:40:30:16][Info]┗ KillCooldown                          :30秒
[Info   :TownOfHost-Pko] [19:40:30:16][Info]┗ VampireKillDelay                      :9.7秒
[Info   :TownOfHost-Pko] [19:40:30:16][Info]┗ VampireSpeedDown                      :×
[Info   :TownOfHost-Pko] [19:40:30:16][Info]┗ KillCooldown                          :30秒
[Info   :TownOfHost-Pko] [19:40:30:16][Info]NekoKabocha                             :20%
[Info   :TownOfHost-Pko] [19:40:30:16][Info]┗ Maximum                               :1人
[Info   :TownOfHost-Pko] [19:40:30:16][Info]┗ NekoKabochaImpostorsGetRevenged       :○
[Info   :TownOfHost-Pko] [19:40:30:16][Info]┗ NekoKabochaMadmatesGetRevenged        :○
[Info   :TownOfHost-Pko] [19:40:30:16][Info]┗ NekoKabochaNeutralsGetRevenged        :○
[Info   :TownOfHost-Pko] [19:40:30:16][Info]┗ NekoKabochaRevengeOnExile             :○
[Info   :TownOfHost-Pko] [19:40:30:16][Info]┗ DecrescendoVisionx                    :0.75x
[Info   :TownOfHost-Pko] [19:40:30:16][Info]┗ DecrescendoMinVision                  :0.1x
[Info   :TownOfHost-Pko] [19:40:30:16][Info]DoubleTriggerThreashould                :0.5秒
[Info   :TownOfHost-Pko] [19:40:30:16][Info]DefaultShapeshiftCooldown               :15秒
[Info   :TownOfHost-Pko] [19:40:30:16][Info]DefaultShapeshiftDuration               :10秒
[Info   :TownOfHost-Pko] [19:40:30:16][Info]MadSnitch                               :20%
[Info   :TownOfHost-Pko] [19:40:30:16][Info]┗ Maximum                               :1人
[Info   :TownOfHost-Pko] [19:40:30:16][Info]┗ CanVent                               :○
[Info   :TownOfHost-Pko] [19:40:30:16][Info]┗ MadSnitchCanAlsoBeExposedToImpostor   :×
[Info   :TownOfHost-Pko] [19:40:30:16][Info]┗ TaskTrigger                           :4個
[Info   :TownOfHost-Pko] [19:40:30:16][Info]┗ doOverride                            :○
[Info   :TownOfHost-Pko] [19:40:30:16][Info]┗ roleCommonTasksNum                    :3個
[Info   :TownOfHost-Pko] [19:40:30:16][Info]┗ roleLongTasksNum                      :0個
[Info   :TownOfHost-Pko] [19:40:30:16][Info]┗ roleShortTasksNum                     :5個
[Info   :TownOfHost-Pko] [19:40:30:16][Info]┗ addaddons                             :×
[Info   :TownOfHost-Pko] [19:40:30:16][Info]┗ BlackSantaNeedsTaskForKnowImpostors   :×
[Info   :TownOfHost-Pko] [19:40:30:16][Info]┗ MadBaitIgnoreImpostor                 :×
[Info   :TownOfHost-Pko] [19:40:30:16][Info]┗ MadWareRemoveSabotageCooldown         :3秒
[Info   :TownOfHost-Pko] [19:40:30:16][Info]┗ GiveGuesser                           :×
[Info   :TownOfHost-Pko] [19:40:30:16][Info]┗ GiveWatching                          :×
[Info   :TownOfHost-Pko] [19:40:30:16][Info]┗ GivePlusVote                          :×
[Info   :TownOfHost-Pko] [19:40:30:16][Info]┗ GiveTiebreaker                        :×
[Info   :TownOfHost-Pko] [19:40:30:16][Info]┗ GiveAutopsy                           :×
[Info   :TownOfHost-Pko] [19:40:30:16][Info]┗ GiveRevenger                          :×
[Info   :TownOfHost-Pko] [19:40:30:16][Info]┗ GiveSpeeding                          :×
[Info   :TownOfHost-Pko] [19:40:30:16][Info]┗ GiveGuarding                          :×
[Info   :TownOfHost-Pko] [19:40:30:16][Info]┗ GiveManagement                        :×
[Info   :TownOfHost-Pko] [19:40:30:16][Info]┗ GiveSeeing                            :×
[Info   :TownOfHost-Pko] [19:40:30:16][Info]┗ GiveOpener                            :×
[Info   :TownOfHost-Pko] [19:40:30:16][Info]┗ GiveLighting                          :×
[Info   :TownOfHost-Pko] [19:40:30:16][Info]┗ GiveMoon                              :○
[Info   :TownOfHost-Pko] [19:40:30:16][Info]┗ GiveNotvoter                          :×
[Info   :TownOfHost-Pko] [19:40:30:16][Info]┗ GiveElector                           :×
[Info   :TownOfHost-Pko] [19:40:30:16][Info]┗ GiveInfoPoor                          :×
[Info   :TownOfHost-Pko] [19:40:30:16][Info]┗ GiveNonReport                         :×
[Info   :TownOfHost-Pko] [19:40:30:16][Info]┗ GiveTransparent                       :×
[Info   :TownOfHost-Pko] [19:40:30:16][Info]┗ GiveWater                             :○
[Info   :TownOfHost-Pko] [19:40:30:16][Info]┗ GiveClumsy                            :○
[Info   :TownOfHost-Pko] [19:40:30:16][Info]┗ GiveSlacker                           :×
[Info   :TownOfHost-Pko] [19:40:30:16][Info]┗ GiveStamina                           :×
[Info   :TownOfHost-Pko] [19:40:30:16][Info]┗ GiveJumbo                             :×
[Info   :TownOfHost-Pko] [19:40:30:16][Info]┗ GiveSunglasses                        :×
[Info   :TownOfHost-Pko] [19:40:30:16][Info]┗ GiveSecurer                           :×
[Info   :TownOfHost-Pko] [19:40:30:16][Info]┗ GiveSealer                            :×
[Info   :TownOfHost-Pko] [19:40:30:16][Info]┗ GiveSilverBuzzer                      :×
[Info   :TownOfHost-Pko] [19:40:30:16][Info]┗ SheriffShotLimit                      :1回
[Info   :TownOfHost-Pko] [19:40:30:16][Info]┗ MeetingSheriffCanKillMadMate          :○
[Info   :TownOfHost-Pko] [19:40:30:16][Info]┗ MeetingSheriffCanKillNeutrals         :○
[Info   :TownOfHost-Pko] [19:40:30:16][Info]┗ SheriffCanKillLovers                  :○
[Info   :TownOfHost-Pko] [19:40:30:16][Info]┗ MeetingMaxTime                        :∞
[Info   :TownOfHost-Pko] [19:40:30:16][Info]┗ SabotageMasterSkillLimit              :1回
[Info   :TownOfHost-Pko] [19:40:30:16][Info]┗ SeerMindelay                          :3秒
[Info   :TownOfHost-Pko] [19:40:30:16][Info]┗ SeerMaxdelay                          :3秒
[Info   :TownOfHost-Pko] [19:40:30:16][Info]┗ TimeManagerIncreaseMeetingTime        :15秒
[Info   :TownOfHost-Pko] [19:40:30:16][Info]┗ TrapperBlockMoveTime                  :5秒
[Info   :TownOfHost-Pko] [19:40:30:16][Info]┗ AwakeningTaskcount                    :5
[Info   :TownOfHost-Pko] [19:40:30:16][Info]┗ GiveGuesser                           :×
[Info   :TownOfHost-Pko] [19:40:30:16][Info]┗ GiveWatching                          :×
[Info   :TownOfHost-Pko] [19:40:30:16][Info]┗ GivePlusVote                          :×
[Info   :TownOfHost-Pko] [19:40:30:16][Info]┗ GiveTiebreaker                        :×
[Info   :TownOfHost-Pko] [19:40:30:16][Info]┗ GiveAutopsy                           :×
[Info   :TownOfHost-Pko] [19:40:30:16][Info]┗ GiveRevenger                          :×
[Info   :TownOfHost-Pko] [19:40:30:16][Info]┗ GiveSpeeding                          :×
[Info   :TownOfHost-Pko] [19:40:30:16][Info]┗ GiveGuarding                          :×
[Info   :TownOfHost-Pko] [19:40:30:16][Info]┗ GiveManagement                        :×
[Info   :TownOfHost-Pko] [19:40:30:16][Info]┗ GiveSeeing                            :×
[Info   :TownOfHost-Pko] [19:40:30:16][Info]┗ GiveOpener                            :×
[Info   :TownOfHost-Pko] [19:40:30:16][Info]┗ GiveLighting                          :×
[Info   :TownOfHost-Pko] [19:40:30:16][Info]┗ GiveMoon                              :×
[Info   :TownOfHost-Pko] [19:40:30:16][Info]┗ GiveNotvoter                          :×
[Info   :TownOfHost-Pko] [19:40:30:16][Info]┗ GiveElector                           :×
[Info   :TownOfHost-Pko] [19:40:30:16][Info]┗ GiveInfoPoor                          :×
[Info   :TownOfHost-Pko] [19:40:30:16][Info]┗ GiveNonReport                         :×
[Info   :TownOfHost-Pko] [19:40:30:16][Info]┗ GiveTransparent                       :×
[Info   :TownOfHost-Pko] [19:40:30:16][Info]┗ GiveWater                             :×
[Info   :TownOfHost-Pko] [19:40:30:16][Info]┗ GiveClumsy                            :×
[Info   :TownOfHost-Pko] [19:40:30:16][Info]┗ GiveSlacker                           :×
[Info   :TownOfHost-Pko] [19:40:30:16][Info]┗ GiveStamina                           :×
[Info   :TownOfHost-Pko] [19:40:30:16][Info]┗ GiveJumbo                             :×
[Info   :TownOfHost-Pko] [19:40:30:16][Info]┗ GiveSunglasses                        :×
[Info   :TownOfHost-Pko] [19:40:30:16][Info]┗ GiveSecurer                           :×
[Info   :TownOfHost-Pko] [19:40:30:16][Info]┗ GiveSealer                            :×
[Info   :TownOfHost-Pko] [19:40:30:16][Info]┗ GiveSilverBuzzer                      :×
[Info   :TownOfHost-Pko] [19:40:30:16][Info]Sheriff                                 :100%
[Info   :TownOfHost-Pko] [19:40:30:16][Info]┗ Maximum                               :1人
[Info   :TownOfHost-Pko] [19:40:30:16][Info]┗ KillCooldown                          :30秒
[Info   :TownOfHost-Pko] [19:40:30:16][Info]┗ Killdistance                          :ショート
[Info   :TownOfHost-Pko] [19:40:30:16][Info]┗ SheriffMisfireKillsTarget             :×
[Info   :TownOfHost-Pko] [19:40:30:16][Info]┗ SheriffShotLimit                      :15回
[Info   :TownOfHost-Pko] [19:40:30:16][Info]┗ SheriffStartInTaskMode                :○
[Info   :TownOfHost-Pko] [19:40:30:16][Info]┗ doOverride                            :×
[Info   :TownOfHost-Pko] [19:40:30:16][Info]┗ SheriffCanKillAllAlive                :○
[Info   :TownOfHost-Pko] [19:40:30:16][Info]┗ SheriffCanKill%role%                  :○
[Info   :TownOfHost-Pko] [19:40:30:16][Info]┗ SheriffCanKillNeutrals                :全てオン
[Info   :TownOfHost-Pko] [19:40:30:16][Info]┗ SheriffCanKillLovers                  :○
[Info   :TownOfHost-Pko] [19:40:30:16][Info]┗ WolfBoyCountteam                      :○
[Info   :TownOfHost-Pko] [19:40:30:16][Info]┗ WolfBoyCountteam                      :×
[Info   :TownOfHost-Pko] [19:40:30:16][Info]┗ WolfBoyCountteam                      :×
[Info   :TownOfHost-Pko] [19:40:30:16][Info]┗ WolfBoyCountteam                      :×
[Info   :TownOfHost-Pko] [19:40:30:16][Info]┗ TellMaximum                           :1回
[Info   :TownOfHost-Pko] [19:40:30:16][Info]┗ AbilityVotemode                       :自投票
[Info   :TownOfHost-Pko] [19:40:30:16][Info]┗ TellerCanSeeRolename                  :○
[Info   :TownOfHost-Pko] [19:40:30:16][Info]┗ TellRole                              :○
[Info   :TownOfHost-Pko] [19:40:30:16][Info]┗ cantaskcount                          :5
[Info   :TownOfHost-Pko] [19:40:30:16][Info]┗ MeetingMaxTime                        :∞
[Info   :TownOfHost-Pko] [19:40:30:16][Info]┗ AbilityAwakening                      :×
[Info   :TownOfHost-Pko] [19:40:30:16][Info]┗ AmateurTellerTargetCanseeArrow        :○
[Info   :TownOfHost-Pko] [19:40:30:16][Info]┗ SuspiciousTellerChangeRoleFilter      :未設定
[Info   :TownOfHost-Pko] [19:40:30:16][Info]Mayor                                   :50%
[Info   :TownOfHost-Pko] [19:40:30:16][Info]┗ Maximum                               :1人
[Info   :TownOfHost-Pko] [19:40:30:16][Info]┗ MayorAdditionalVote                   :2票
[Info   :TownOfHost-Pko] [19:40:30:16][Info]┗ MayorAwakening                        :×
[Info   :TownOfHost-Pko] [19:40:30:16][Info]┗ MayorHasPortableButton                :×
[Info   :TownOfHost-Pko] [19:40:30:16][Info]┗ WalkureNeedRevealCount                :3回
[Info   :TownOfHost-Pko] [19:40:30:16][Info]┗ WalkureReflectCrewmateRoleChanges     :○
[Info   :TownOfHost-Pko] [19:40:30:16][Info]┗ WalkureReflectImpostorRoleChanges     :○
[Info   :TownOfHost-Pko] [19:40:30:16][Info]┗ WalkureReflectJackalRoleChanges       :○
[Info   :TownOfHost-Pko] [19:40:30:16][Info]┗ WalkureKillRevealCount                :6回
[Info   :TownOfHost-Pko] [19:40:30:16][Info]┗ KillCooldown                          :40秒
[Info   :TownOfHost-Pko] [19:40:30:16][Info]┗ CanVent                               :×
[Info   :TownOfHost-Pko] [19:40:30:16][Info]Bakery                                  :20%
[Info   :TownOfHost-Pko] [19:40:30:16][Info]┗ Maximum                               :1人
[Info   :TownOfHost-Pko] [19:40:30:16][Info]┗ PoisonedBakeryRole77                  :0%
[Info   :TownOfHost-Pko] [19:40:30:16][Info]Express                                 :20%
[Info   :TownOfHost-Pko] [19:40:30:16][Info]┗ Maximum                               :1人
[Info   :TownOfHost-Pko] [19:40:30:16][Info]┗ ExpressSpeed                          :1.5x
[Info   :TownOfHost-Pko] [19:40:30:16][Info]Sage                                    :20%
[Info   :TownOfHost-Pko] [19:40:30:16][Info]┗ Maximum                               :1人
[Info   :TownOfHost-Pko] [19:40:30:16][Info]┗ SageBarrierDuration                   :10秒
[Info   :TownOfHost-Pko] [19:40:30:16][Info]┗ SageBarrierCooldown                   :25秒
[Info   :TownOfHost-Pko] [19:40:30:16][Info]┗ StolenerCanUseaddonOnfinish           :○
[Info   :TownOfHost-Pko] [19:40:30:16][Info]┗ GiveGuesser                           :×
[Info   :TownOfHost-Pko] [19:40:30:16][Info]┗ GiveWatching                          :×
[Info   :TownOfHost-Pko] [19:40:30:16][Info]┗ GivePlusVote                          :×
[Info   :TownOfHost-Pko] [19:40:30:16][Info]┗ GiveTiebreaker                        :×
[Info   :TownOfHost-Pko] [19:40:30:16][Info]┗ GiveAutopsy                           :×
[Info   :TownOfHost-Pko] [19:40:30:16][Info]┗ GiveRevenger                          :×
[Info   :TownOfHost-Pko] [19:40:30:16][Info]┗ GiveSpeeding                          :×
[Info   :TownOfHost-Pko] [19:40:30:16][Info]┗ GiveGuarding                          :×
[Info   :TownOfHost-Pko] [19:40:30:16][Info]┗ GiveManagement                        :×
[Info   :TownOfHost-Pko] [19:40:30:16][Info]┗ GiveSeeing                            :×
[Info   :TownOfHost-Pko] [19:40:30:16][Info]┗ GiveOpener                            :×
[Info   :TownOfHost-Pko] [19:40:30:16][Info]┗ GiveLighting                          :×
[Info   :TownOfHost-Pko] [19:40:30:16][Info]┗ GiveMoon                              :×
[Info   :TownOfHost-Pko] [19:40:30:16][Info]┗ GiveNotvoter                          :×
[Info   :TownOfHost-Pko] [19:40:30:16][Info]┗ GiveElector                           :×
[Info   :TownOfHost-Pko] [19:40:30:16][Info]┗ GiveInfoPoor                          :×
[Info   :TownOfHost-Pko] [19:40:30:16][Info]┗ GiveNonReport                         :×
[Info   :TownOfHost-Pko] [19:40:30:16][Info]┗ GiveTransparent                       :×
[Info   :TownOfHost-Pko] [19:40:30:16][Info]┗ GiveWater                             :×
[Info   :TownOfHost-Pko] [19:40:30:16][Info]┗ GiveClumsy                            :×
[Info   :TownOfHost-Pko] [19:40:30:16][Info]┗ GiveSlacker                           :×
[Info   :TownOfHost-Pko] [19:40:30:16][Info]┗ GiveStamina                           :×
[Info   :TownOfHost-Pko] [19:40:30:16][Info]┗ GiveJumbo                             :×
[Info   :TownOfHost-Pko] [19:40:30:16][Info]┗ GiveSunglasses                        :×
[Info   :TownOfHost-Pko] [19:40:30:16][Info]┗ GiveSecurer                           :×
[Info   :TownOfHost-Pko] [19:40:30:16][Info]┗ GiveSealer                            :×
[Info   :TownOfHost-Pko] [19:40:30:16][Info]┗ GiveSilverBuzzer                      :×
[Info   :TownOfHost-Pko] [19:40:30:16][Info]Bait                                    :20%
[Info   :TownOfHost-Pko] [19:40:30:16][Info]┗ Maximum                               :1人
[Info   :TownOfHost-Pko] [19:40:30:16][Info]┗ CanUseActiveComms                     :○
[Info   :TownOfHost-Pko] [19:40:30:16][Info]┗ BaitReportDelay                       :0秒
[Info   :TownOfHost-Pko] [19:40:30:16][Info]┗ BaitMaxDelay                          :0秒
[Info   :TownOfHost-Pko] [19:40:30:16][Info]┗ TaskAwakening                         :×
[Info   :TownOfHost-Pko] [19:40:30:16][Info]BoostLighter                            :30%
[Info   :TownOfHost-Pko] [19:40:30:16][Info]┗ Maximum                               :1人
[Info   :TownOfHost-Pko] [19:40:30:16][Info]┗ BoostLighterCooldown                  :30秒
[Info   :TownOfHost-Pko] [19:40:30:16][Info]┗ BoostLighterDuration                  :15秒
[Info   :TownOfHost-Pko] [19:40:30:16][Info]┗ BoostLighterVision                    :3x
[Info   :TownOfHost-Pko] [19:40:30:16][Info]┗ BoostLighterAffectedByBlackout        :○
[Info   :TownOfHost-Pko] [19:40:30:16][Info]┗ FanaticOmoikomiPick1                  :クルーメイト
[Info   :TownOfHost-Pko] [19:40:30:16][Info]┗ FanaticOmoikomiPick2                  :クルーメイト
[Info   :TownOfHost-Pko] [19:40:30:16][Info]┗ FanaticOmoikomiPick3                  :クルーメイト
[Info   :TownOfHost-Pko] [19:40:30:16][Info]┗ FanaticCantOmoikomiroles              :未設定
[Info   :TownOfHost-Pko] [19:40:30:16][Info]Doctor                                  :30%
[Info   :TownOfHost-Pko] [19:40:30:16][Info]┗ Maximum                               :1人
[Info   :TownOfHost-Pko] [19:40:30:16][Info]┗ DoctorTaskCompletedBatteryCharge      :10秒
[Info   :TownOfHost-Pko] [19:40:30:16][Info]┗ CanUseActiveComms                     :×
[Info   :TownOfHost-Pko] [19:40:30:16][Info]Seer                                    :50%
[Info   :TownOfHost-Pko] [19:40:30:16][Info]┗ Maximum                               :1人
[Info   :TownOfHost-Pko] [19:40:30:16][Info]┗ CanUseActiveComms                     :○
[Info   :TownOfHost-Pko] [19:40:30:16][Info]┗ AbilityAwakening                      :×
[Info   :TownOfHost-Pko] [19:40:30:16][Info]┗ cantaskcount                          :0
[Info   :TownOfHost-Pko] [19:40:30:16][Info]┗ SeerDelayMode                         :×
[Info   :TownOfHost-Pko] [19:40:30:16][Info]┗ PukupukuGuardCount                    :1
[Info   :TownOfHost-Pko] [19:40:30:16][Info]┗ PukupukuNotifyOnGuard                 :○
[Info   :TownOfHost-Pko] [19:40:30:16][Info]TimeManager                             :20%
[Info   :TownOfHost-Pko] [19:40:30:16][Info]┗ Maximum                               :1人
[Info   :TownOfHost-Pko] [19:40:30:16][Info]┗ TimeManagerIncreaseMeetingTime        :10秒
[Info   :TownOfHost-Pko] [19:40:30:16][Info]SabotageMaster                          :30%
[Info   :TownOfHost-Pko] [19:40:30:16][Info]┗ Maximum                               :1人
[Info   :TownOfHost-Pko] [19:40:30:16][Info]┗ SabotageMasterSkillLimit              :3回
[Info   :TownOfHost-Pko] [19:40:30:16][Info]┗ SabotageMasterFixesDoors              :○
[Info   :TownOfHost-Pko] [19:40:30:16][Info]┗ SabotageMasterFixesReactors           :○
[Info   :TownOfHost-Pko] [19:40:30:16][Info]┗ SabotageMasterFixesOxygens            :○
[Info   :TownOfHost-Pko] [19:40:30:16][Info]┗ SabotageMasterFixesCommunications     :○
[Info   :TownOfHost-Pko] [19:40:30:16][Info]┗ SabotageMasterFixesElectrical         :○
[Info   :TownOfHost-Pko] [19:40:30:16][Info]┗ roleCommonTasksNum                    :1個
[Info   :TownOfHost-Pko] [19:40:30:16][Info]┗ roleLongTasksNum                      :0個
[Info   :TownOfHost-Pko] [19:40:30:16][Info]┗ roleShortTasksNum                     :0個
[Info   :TownOfHost-Pko] [19:40:30:16][Info]┗ AndroidRemove                         :7.5%
[Info   :TownOfHost-Pko] [19:40:30:16][Info]┗ AndroidRemoveTime                     :4秒
[Info   :TownOfHost-Pko] [19:40:30:16][Info]DefaultEngineerCooldown                 :15秒
[Info   :TownOfHost-Pko] [19:40:30:16][Info]DefaultEngineerInVentMaxTime            :5秒
[Info   :TownOfHost-Pko] [19:40:30:16][Info]┗ GiveGuesser                           :○
[Info   :TownOfHost-Pko] [19:40:30:16][Info]┗ CanGuessTime                          :1人
[Info   :TownOfHost-Pko] [19:40:30:16][Info]┗ AddShotLimit                          :×
[Info   :TownOfHost-Pko] [19:40:30:16][Info]┗ OwnCanGuessTime                       :1人
[Info   :TownOfHost-Pko] [19:40:30:16][Info]┗ CanGuessVanilla                       :×
[Info   :TownOfHost-Pko] [19:40:30:16][Info]┗ CanGuessNakama                        :×
[Info   :TownOfHost-Pko] [19:40:30:16][Info]┗ CanGuessTaskDoneSnitch                :×
[Info   :TownOfHost-Pko] [19:40:30:16][Info]┗ CanWhiteCrew                          :×
[Info   :TownOfHost-Pko] [19:40:30:16][Info]┗ GiveWatching                          :○
[Info   :TownOfHost-Pko] [19:40:30:16][Info]┗ GivePlusVote                          :×
[Info   :TownOfHost-Pko] [19:40:30:16][Info]┗ GiveTiebreaker                        :○
[Info   :TownOfHost-Pko] [19:40:30:16][Info]┗ GiveAutopsy                           :○
[Info   :TownOfHost-Pko] [19:40:30:16][Info]┗ CanUseActiveComms                     :○
[Info   :TownOfHost-Pko] [19:40:30:16][Info]┗ GiveRevenger                          :×
[Info   :TownOfHost-Pko] [19:40:30:16][Info]┗ GiveSpeeding                          :×
[Info   :TownOfHost-Pko] [19:40:30:16][Info]┗ GiveGuarding                          :×
[Info   :TownOfHost-Pko] [19:40:30:16][Info]┗ GiveManagement                        :×
[Info   :TownOfHost-Pko] [19:40:30:16][Info]┗ GiveSeeing                            :×
[Info   :TownOfHost-Pko] [19:40:30:16][Info]┗ GiveOpener                            :×
[Info   :TownOfHost-Pko] [19:40:30:16][Info]┗ GiveLighting                          :×
[Info   :TownOfHost-Pko] [19:40:30:16][Info]┗ GiveMoon                              :×
[Info   :TownOfHost-Pko] [19:40:30:16][Info]┗ GiveNotvoter                          :×
[Info   :TownOfHost-Pko] [19:40:30:16][Info]┗ GiveElector                           :×
[Info   :TownOfHost-Pko] [19:40:30:16][Info]┗ GiveInfoPoor                          :×
[Info   :TownOfHost-Pko] [19:40:30:16][Info]┗ GiveNonReport                         :×
[Info   :TownOfHost-Pko] [19:40:30:16][Info]┗ GiveTransparent                       :×
[Info   :TownOfHost-Pko] [19:40:30:16][Info]┗ GiveWater                             :×
[Info   :TownOfHost-Pko] [19:40:30:16][Info]┗ GiveClumsy                            :○
[Info   :TownOfHost-Pko] [19:40:30:16][Info]┗ GiveSlacker                           :×
[Info   :TownOfHost-Pko] [19:40:30:16][Info]┗ GiveStamina                           :×
[Info   :TownOfHost-Pko] [19:40:30:16][Info]┗ GiveJumbo                             :×
[Info   :TownOfHost-Pko] [19:40:30:16][Info]┗ GiveSunglasses                        :×
[Info   :TownOfHost-Pko] [19:40:30:16][Info]┗ GiveSecurer                           :×
[Info   :TownOfHost-Pko] [19:40:30:16][Info]┗ GiveSealer                            :×
[Info   :TownOfHost-Pko] [19:40:30:16][Info]┗ GiveSilverBuzzer                      :×
[Info   :TownOfHost-Pko] [19:40:30:16][Info]Jackal                                  :50%
[Info   :TownOfHost-Pko] [19:40:30:16][Info]┗ KillCooldown                          :30秒
[Info   :TownOfHost-Pko] [19:40:30:16][Info]┗ CanVent                               :○
[Info   :TownOfHost-Pko] [19:40:30:16][Info]┗ CanUseSabotage                        :×
[Info   :TownOfHost-Pko] [19:40:30:16][Info]┗ ImpostorVision                        :○
[Info   :TownOfHost-Pko] [19:40:30:16][Info]┗ CanCreateSideKick                     :○
[Info   :TownOfHost-Pko] [19:40:30:16][Info]┗ JackalImpostorCanSidekick             :○
[Info   :TownOfHost-Pko] [19:40:30:16][Info]┗ JackalbeforeImpCanSeeImp              :○
[Info   :TownOfHost-Pko] [19:40:30:16][Info]┗ Jackaldollimpgaimpnimieru             :○
[Info   :TownOfHost-Pko] [19:40:30:16][Info]┗ Cooldown                              :30秒
[Info   :TownOfHost-Pko] [19:40:30:16][Info]┗ JackalSidekickPromotion               :○
[Info   :TownOfHost-Pko] [19:40:30:16][Info]┗ addaddons                             :×
[Info   :TownOfHost-Pko] [19:40:30:16][Info]┗ JackalImpostorCanSidekick             :×
[Info   :TownOfHost-Pko] [19:40:30:16][Info]┗ Cooldown                              :30秒
[Info   :TownOfHost-Pko] [19:40:30:16][Info]┗ JackalSidekickPromotion               :×
[Info   :TownOfHost-Pko] [19:40:30:16][Info]┗ VampireSpeedDown                      :○
[Info   :TownOfHost-Pko] [19:40:30:16][Info]┗ VampireSpeedDownCount                 :10秒
[Info   :TownOfHost-Pko] [19:40:30:16][Info]┗ VampireKillDelay                      :10秒
[Info   :TownOfHost-Pko] [19:40:30:16][Info]┗ blastrange                            :5
[Info   :TownOfHost-Pko] [19:40:30:16][Info]┗ PuppeteerPuppetCool                   :5秒
[Info   :TownOfHost-Pko] [19:40:30:16][Info]┗ StealthDarkenDuration                 :1秒
[Info   :TownOfHost-Pko] [19:40:30:16][Info]┗ KillAnimation                         :×
[Info   :TownOfHost-Pko] [19:40:30:16][Info]┗ NotifierProbability                   :50%
[Info   :TownOfHost-Pko] [19:40:30:16][Info]┗ TimeThiefDecreaseMeetingTime          :50秒
[Info   :TownOfHost-Pko] [19:40:30:16][Info]┗ TimeThiefReturnStolenTimeUponDeath    :×
[Info   :TownOfHost-Pko] [19:40:30:16][Info]┗ TairoDeathReason                      :×
[Info   :TownOfHost-Pko] [19:40:30:16][Info]┗ MayorAdditionalVote                   :1票
[Info   :TownOfHost-Pko] [19:40:30:16][Info]┗ ProgressKillerMadseen                 :×
[Info   :TownOfHost-Pko] [19:40:30:16][Info]┗ ProgressWorkhorseseen                 :×
[Info   :TownOfHost-Pko] [19:40:30:16][Info]┗ NekoKabochaImpostorsGetRevenged       :×
[Info   :TownOfHost-Pko] [19:40:30:16][Info]┗ NekoKabochaMadmatesGetRevenged        :×
[Info   :TownOfHost-Pko] [19:40:30:16][Info]┗ NekoKabochaNeutralsGetRevenged        :×
[Info   :TownOfHost-Pko] [19:40:30:16][Info]┗ NekoKabochaRevengeOnExile             :×
[Info   :TownOfHost-Pko] [19:40:30:16][Info]┗ PenguinAbductTimerLimit               :10秒
[Info   :TownOfHost-Pko] [19:40:30:16][Info]┗ PenguinMeetingKill                    :×
[Info   :TownOfHost-Pko] [19:40:30:16][Info]┗ GiveGuesser                           :×
[Info   :TownOfHost-Pko] [19:40:30:16][Info]┗ GiveWatching                          :×
[Info   :TownOfHost-Pko] [19:40:30:16][Info]┗ GivePlusVote                          :×
[Info   :TownOfHost-Pko] [19:40:30:16][Info]┗ GiveTiebreaker                        :×
[Info   :TownOfHost-Pko] [19:40:30:16][Info]┗ GiveAutopsy                           :×
[Info   :TownOfHost-Pko] [19:40:30:16][Info]┗ GiveRevenger                          :×
[Info   :TownOfHost-Pko] [19:40:30:17][Info]┗ GiveSpeeding                          :×
[Info   :TownOfHost-Pko] [19:40:30:17][Info]┗ GiveGuarding                          :×
[Info   :TownOfHost-Pko] [19:40:30:17][Info]┗ GiveManagement                        :×
[Info   :TownOfHost-Pko] [19:40:30:17][Info]┗ GiveSeeing                            :×
[Info   :TownOfHost-Pko] [19:40:30:17][Info]┗ GiveOpener                            :×
[Info   :TownOfHost-Pko] [19:40:30:17][Info]┗ GiveLighting                          :○
[Info   :TownOfHost-Pko] [19:40:30:17][Info]┗ GiveMoon                              :○
[Info   :TownOfHost-Pko] [19:40:30:17][Info]┗ GiveNotvoter                          :×
[Info   :TownOfHost-Pko] [19:40:30:17][Info]┗ GiveElector                           :×
[Info   :TownOfHost-Pko] [19:40:30:17][Info]┗ GiveInfoPoor                          :×
[Info   :TownOfHost-Pko] [19:40:30:17][Info]┗ GiveNonReport                         :×
[Info   :TownOfHost-Pko] [19:40:30:17][Info]┗ GiveTransparent                       :×
[Info   :TownOfHost-Pko] [19:40:30:17][Info]┗ GiveWater                             :×
[Info   :TownOfHost-Pko] [19:40:30:17][Info]┗ GiveClumsy                            :×
[Info   :TownOfHost-Pko] [19:40:30:17][Info]┗ GiveSlacker                           :×
[Info   :TownOfHost-Pko] [19:40:30:17][Info]┗ GiveStamina                           :×
[Info   :TownOfHost-Pko] [19:40:30:17][Info]┗ GiveJumbo                             :×
[Info   :TownOfHost-Pko] [19:40:30:17][Info]┗ GiveSunglasses                        :×
[Info   :TownOfHost-Pko] [19:40:30:17][Info]┗ GiveSecurer                           :×
[Info   :TownOfHost-Pko] [19:40:30:17][Info]┗ GiveSealer                            :×
[Info   :TownOfHost-Pko] [19:40:30:17][Info]┗ GiveSilverBuzzer                      :×
[Info   :TownOfHost-Pko] [19:40:30:17][Info]┗ JackalImpostorCanSidekick             :×
[Info   :TownOfHost-Pko] [19:40:30:17][Info]┗ Cooldown                              :30秒
[Info   :TownOfHost-Pko] [19:40:30:17][Info]┗ JackalSidekickPromotion               :×
[Info   :TownOfHost-Pko] [19:40:30:17][Info]┗ GiveGuesser                           :×
[Info   :TownOfHost-Pko] [19:40:30:17][Info]┗ GiveWatching                          :×
[Info   :TownOfHost-Pko] [19:40:30:17][Info]┗ GivePlusVote                          :×
[Info   :TownOfHost-Pko] [19:40:30:17][Info]┗ GiveTiebreaker                        :×
[Info   :TownOfHost-Pko] [19:40:30:17][Info]┗ GiveAutopsy                           :×
[Info   :TownOfHost-Pko] [19:40:30:17][Info]┗ GiveRevenger                          :×
[Info   :TownOfHost-Pko] [19:40:30:17][Info]┗ GiveSpeeding                          :×
[Info   :TownOfHost-Pko] [19:40:30:17][Info]┗ GiveGuarding                          :×
[Info   :TownOfHost-Pko] [19:40:30:17][Info]┗ GiveManagement                        :×
[Info   :TownOfHost-Pko] [19:40:30:17][Info]┗ GiveSeeing                            :×
[Info   :TownOfHost-Pko] [19:40:30:17][Info]┗ GiveOpener                            :×
[Info   :TownOfHost-Pko] [19:40:30:17][Info]┗ GiveLighting                          :○
[Info   :TownOfHost-Pko] [19:40:30:17][Info]┗ GiveMoon                              :○
[Info   :TownOfHost-Pko] [19:40:30:17][Info]┗ GiveNotvoter                          :×
[Info   :TownOfHost-Pko] [19:40:30:17][Info]┗ GiveElector                           :×
[Info   :TownOfHost-Pko] [19:40:30:17][Info]┗ GiveInfoPoor                          :×
[Info   :TownOfHost-Pko] [19:40:30:17][Info]┗ GiveNonReport                         :×
[Info   :TownOfHost-Pko] [19:40:30:17][Info]┗ GiveTransparent                       :×
[Info   :TownOfHost-Pko] [19:40:30:17][Info]┗ GiveWater                             :×
[Info   :TownOfHost-Pko] [19:40:30:17][Info]┗ GiveClumsy                            :×
[Info   :TownOfHost-Pko] [19:40:30:17][Info]┗ GiveSlacker                           :×
[Info   :TownOfHost-Pko] [19:40:30:17][Info]┗ GiveStamina                           :×
[Info   :TownOfHost-Pko] [19:40:30:17][Info]┗ GiveJumbo                             :×
[Info   :TownOfHost-Pko] [19:40:30:17][Info]┗ GiveSunglasses                        :×
[Info   :TownOfHost-Pko] [19:40:30:17][Info]┗ GiveSecurer                           :×
[Info   :TownOfHost-Pko] [19:40:30:17][Info]┗ GiveSealer                            :×
[Info   :TownOfHost-Pko] [19:40:30:17][Info]┗ GiveSilverBuzzer                      :×
[Info   :TownOfHost-Pko] [19:40:30:17][Info]┗ GiveGuesser                           :×
[Info   :TownOfHost-Pko] [19:40:30:17][Info]┗ GiveWatching                          :×
[Info   :TownOfHost-Pko] [19:40:30:17][Info]┗ GivePlusVote                          :×
[Info   :TownOfHost-Pko] [19:40:30:17][Info]┗ GiveTiebreaker                        :×
[Info   :TownOfHost-Pko] [19:40:30:17][Info]┗ GiveAutopsy                           :×
[Info   :TownOfHost-Pko] [19:40:30:17][Info]┗ GiveRevenger                          :×
[Info   :TownOfHost-Pko] [19:40:30:17][Info]┗ GiveSpeeding                          :×
[Info   :TownOfHost-Pko] [19:40:30:17][Info]┗ GiveGuarding                          :×
[Info   :TownOfHost-Pko] [19:40:30:17][Info]┗ GiveManagement                        :×
[Info   :TownOfHost-Pko] [19:40:30:17][Info]┗ GiveSeeing                            :×
[Info   :TownOfHost-Pko] [19:40:30:17][Info]┗ GiveOpener                            :×
[Info   :TownOfHost-Pko] [19:40:30:17][Info]┗ GiveLighting                          :○
[Info   :TownOfHost-Pko] [19:40:30:17][Info]┗ GiveMoon                              :○
[Info   :TownOfHost-Pko] [19:40:30:17][Info]┗ GiveNotvoter                          :×
[Info   :TownOfHost-Pko] [19:40:30:17][Info]┗ GiveElector                           :×
[Info   :TownOfHost-Pko] [19:40:30:17][Info]┗ GiveInfoPoor                          :×
[Info   :TownOfHost-Pko] [19:40:30:17][Info]┗ GiveNonReport                         :×
[Info   :TownOfHost-Pko] [19:40:30:17][Info]┗ GiveTransparent                       :×
[Info   :TownOfHost-Pko] [19:40:30:17][Info]┗ GiveWater                             :×
[Info   :TownOfHost-Pko] [19:40:30:17][Info]┗ GiveClumsy                            :×
[Info   :TownOfHost-Pko] [19:40:30:17][Info]┗ GiveSlacker                           :×
[Info   :TownOfHost-Pko] [19:40:30:17][Info]┗ GiveStamina                           :×
[Info   :TownOfHost-Pko] [19:40:30:17][Info]┗ GiveJumbo                             :×
[Info   :TownOfHost-Pko] [19:40:30:17][Info]┗ GiveSunglasses                        :×
[Info   :TownOfHost-Pko] [19:40:30:17][Info]┗ GiveSecurer                           :×
[Info   :TownOfHost-Pko] [19:40:30:17][Info]┗ GiveSealer                            :×
[Info   :TownOfHost-Pko] [19:40:30:17][Info]┗ GiveSilverBuzzer                      :×
[Info   :TownOfHost-Pko] [19:40:30:17][Info]┗ JackaldollCountAsKillerOnlyWhenPromotionEnabled:×
[Info   :TownOfHost-Pko] [19:40:30:17][Info]JackalHadouHo                           :10%
[Info   :TownOfHost-Pko] [19:40:30:17][Info]┗ KillCooldown                          :30秒
[Info   :TownOfHost-Pko] [19:40:30:17][Info]┗ Cooldown                              :30秒
[Info   :TownOfHost-Pko] [19:40:30:17][Info]┗ JackalHadouHoChargeTime               :5秒
[Info   :TownOfHost-Pko] [19:40:30:17][Info]┗ JackalHadouHoSuperChargeTime          :3秒
[Info   :TownOfHost-Pko] [19:40:30:17][Info]┗ JackalHadouHoBeamTime                 :0.5秒
[Info   :TownOfHost-Pko] [19:40:30:17][Info]┗ JackalHadouHoSuperBeamTime            :2秒
[Info   :TownOfHost-Pko] [19:40:30:17][Info]┗ JackalHadouHoSelfDestruct             :×
[Info   :TownOfHost-Pko] [19:40:30:17][Info]┗ JackalHadouHoKillJackal               :○
[Info   :TownOfHost-Pko] [19:40:30:17][Info]┗ CanVent                               :○
[Info   :TownOfHost-Pko] [19:40:30:17][Info]┗ CanUseSabotage                        :×
[Info   :TownOfHost-Pko] [19:40:30:17][Info]┗ ImpostorVision                        :○
[Info   :TownOfHost-Pko] [19:40:30:17][Info]┗ CanCreateSideKick                     :○
[Info   :TownOfHost-Pko] [19:40:30:17][Info]┗ JackalHadouHoSidekickCooldown         :30秒
[Info   :TownOfHost-Pko] [19:40:30:17][Info]┗ JackalHadouHoImpostorCanSidekick      :○
[Info   :TownOfHost-Pko] [19:40:30:17][Info]┗ JackalHadouHoSidekickCanSeeOldImpostorTeammates:○
[Info   :TownOfHost-Pko] [19:40:30:17][Info]┗ JackalHadouHoImpostorCanSeeNameColor  :○
[Info   :TownOfHost-Pko] [19:40:30:17][Info]┗ JackalHadouHoSidekickPromotion        :○
[Info   :TownOfHost-Pko] [19:40:30:17][Info]┗ TamaCanLoad                           :○
[Info   :TownOfHost-Pko] [19:40:30:17][Info]┗ TamaLoadCooldown                      :10秒
[Info   :TownOfHost-Pko] [19:40:30:17][Info]┗ CanVent                               :×
[Info   :TownOfHost-Pko] [19:40:30:17][Info]┗ TamaCountAsJackalKiller               :○
[Info   :TownOfHost-Pko] [19:40:30:17][Info]┗ TamaCountAsKillerOnlyWhenPromotionEnabled:×
[Info   :TownOfHost-Pko] [19:40:30:17][Info]┗ addaddons                             :×
[Info   :TownOfHost-Pko] [19:40:30:17][Info]┗ GiveGuesser                           :×
[Info   :TownOfHost-Pko] [19:40:30:17][Info]┗ GiveWatching                          :×
[Info   :TownOfHost-Pko] [19:40:30:17][Info]┗ GivePlusVote                          :×
[Info   :TownOfHost-Pko] [19:40:30:17][Info]┗ GiveTiebreaker                        :×
[Info   :TownOfHost-Pko] [19:40:30:17][Info]┗ GiveAutopsy                           :×
[Info   :TownOfHost-Pko] [19:40:30:17][Info]┗ GiveRevenger                          :×
[Info   :TownOfHost-Pko] [19:40:30:17][Info]┗ GiveSpeeding                          :×
[Info   :TownOfHost-Pko] [19:40:30:17][Info]┗ GiveGuarding                          :×
[Info   :TownOfHost-Pko] [19:40:30:17][Info]┗ GiveManagement                        :×
[Info   :TownOfHost-Pko] [19:40:30:17][Info]┗ GiveSeeing                            :×
[Info   :TownOfHost-Pko] [19:40:30:17][Info]┗ GiveOpener                            :×
[Info   :TownOfHost-Pko] [19:40:30:17][Info]┗ GiveLighting                          :○
[Info   :TownOfHost-Pko] [19:40:30:17][Info]┗ GiveMoon                              :○
[Info   :TownOfHost-Pko] [19:40:30:17][Info]┗ GiveNotvoter                          :×
[Info   :TownOfHost-Pko] [19:40:30:17][Info]┗ GiveElector                           :×
[Info   :TownOfHost-Pko] [19:40:30:17][Info]┗ GiveInfoPoor                          :×
[Info   :TownOfHost-Pko] [19:40:30:17][Info]┗ GiveNonReport                         :×
[Info   :TownOfHost-Pko] [19:40:30:17][Info]┗ GiveTransparent                       :×
[Info   :TownOfHost-Pko] [19:40:30:17][Info]┗ GiveWater                             :×
[Info   :TownOfHost-Pko] [19:40:30:17][Info]┗ GiveClumsy                            :×
[Info   :TownOfHost-Pko] [19:40:30:17][Info]┗ GiveSlacker                           :×
[Info   :TownOfHost-Pko] [19:40:30:17][Info]┗ GiveStamina                           :×
[Info   :TownOfHost-Pko] [19:40:30:17][Info]┗ GiveJumbo                             :×
[Info   :TownOfHost-Pko] [19:40:30:17][Info]┗ GiveSunglasses                        :×
[Info   :TownOfHost-Pko] [19:40:30:17][Info]┗ GiveSecurer                           :×
[Info   :TownOfHost-Pko] [19:40:30:17][Info]┗ GiveSealer                            :×
[Info   :TownOfHost-Pko] [19:40:30:17][Info]┗ GiveSilverBuzzer                      :×
[Info   :TownOfHost-Pko] [19:40:30:17][Info]┗ CountKillerAddWinToSoloWin            :×
[Info   :TownOfHost-Pko] [19:40:30:17][Info]┗ GiveGuesser                           :×
[Info   :TownOfHost-Pko] [19:40:30:17][Info]┗ GiveWatching                          :×
[Info   :TownOfHost-Pko] [19:40:30:17][Info]┗ GivePlusVote                          :×
[Info   :TownOfHost-Pko] [19:40:30:17][Info]┗ GiveTiebreaker                        :×
[Info   :TownOfHost-Pko] [19:40:30:17][Info]┗ GiveAutopsy                           :×
[Info   :TownOfHost-Pko] [19:40:30:17][Info]┗ GiveRevenger                          :×
[Info   :TownOfHost-Pko] [19:40:30:17][Info]┗ GiveSpeeding                          :×
[Info   :TownOfHost-Pko] [19:40:30:17][Info]┗ GiveGuarding                          :×
[Info   :TownOfHost-Pko] [19:40:30:17][Info]┗ GiveManagement                        :×
[Info   :TownOfHost-Pko] [19:40:30:17][Info]┗ GiveSeeing                            :×
[Info   :TownOfHost-Pko] [19:40:30:17][Info]┗ GiveOpener                            :×
[Info   :TownOfHost-Pko] [19:40:30:17][Info]┗ GiveLighting                          :○
[Info   :TownOfHost-Pko] [19:40:30:17][Info]┗ GiveMoon                              :○
[Info   :TownOfHost-Pko] [19:40:30:17][Info]┗ GiveNotvoter                          :×
[Info   :TownOfHost-Pko] [19:40:30:17][Info]┗ GiveElector                           :×
[Info   :TownOfHost-Pko] [19:40:30:17][Info]┗ GiveInfoPoor                          :×
[Info   :TownOfHost-Pko] [19:40:30:17][Info]┗ GiveNonReport                         :×
[Info   :TownOfHost-Pko] [19:40:30:17][Info]┗ GiveTransparent                       :×
[Info   :TownOfHost-Pko] [19:40:30:17][Info]┗ GiveWater                             :×
[Info   :TownOfHost-Pko] [19:40:30:17][Info]┗ GiveClumsy                            :×
[Info   :TownOfHost-Pko] [19:40:30:17][Info]┗ GiveSlacker                           :×
[Info   :TownOfHost-Pko] [19:40:30:17][Info]┗ GiveStamina                           :×
[Info   :TownOfHost-Pko] [19:40:30:17][Info]┗ GiveJumbo                             :×
[Info   :TownOfHost-Pko] [19:40:30:17][Info]┗ GiveSunglasses                        :×
[Info   :TownOfHost-Pko] [19:40:30:17][Info]┗ GiveSecurer                           :×
[Info   :TownOfHost-Pko] [19:40:30:17][Info]┗ GiveSealer                            :×
[Info   :TownOfHost-Pko] [19:40:30:17][Info]┗ GiveSilverBuzzer                      :×
[Info   :TownOfHost-Pko] [19:40:30:17][Info]┗ GiveGuesser                           :×
[Info   :TownOfHost-Pko] [19:40:30:17][Info]┗ GiveWatching                          :×
[Info   :TownOfHost-Pko] [19:40:30:17][Info]┗ GivePlusVote                          :×
[Info   :TownOfHost-Pko] [19:40:30:17][Info]┗ GiveTiebreaker                        :×
[Info   :TownOfHost-Pko] [19:40:30:17][Info]┗ GiveAutopsy                           :×
[Info   :TownOfHost-Pko] [19:40:30:17][Info]┗ GiveRevenger                          :×
[Info   :TownOfHost-Pko] [19:40:30:17][Info]┗ GiveSpeeding                          :×
[Info   :TownOfHost-Pko] [19:40:30:17][Info]┗ GiveGuarding                          :×
[Info   :TownOfHost-Pko] [19:40:30:17][Info]┗ GiveManagement                        :×
[Info   :TownOfHost-Pko] [19:40:30:17][Info]┗ GiveSeeing                            :×
[Info   :TownOfHost-Pko] [19:40:30:17][Info]┗ GiveOpener                            :×
[Info   :TownOfHost-Pko] [19:40:30:17][Info]┗ GiveLighting                          :○
[Info   :TownOfHost-Pko] [19:40:30:17][Info]┗ GiveMoon                              :○
[Info   :TownOfHost-Pko] [19:40:30:17][Info]┗ GiveNotvoter                          :×
[Info   :TownOfHost-Pko] [19:40:30:17][Info]┗ GiveElector                           :×
[Info   :TownOfHost-Pko] [19:40:30:17][Info]┗ GiveInfoPoor                          :×
[Info   :TownOfHost-Pko] [19:40:30:17][Info]┗ GiveNonReport                         :×
[Info   :TownOfHost-Pko] [19:40:30:17][Info]┗ GiveTransparent                       :×
[Info   :TownOfHost-Pko] [19:40:30:17][Info]┗ GiveWater                             :×
[Info   :TownOfHost-Pko] [19:40:30:17][Info]┗ GiveClumsy                            :×
[Info   :TownOfHost-Pko] [19:40:30:17][Info]┗ GiveSlacker                           :×
[Info   :TownOfHost-Pko] [19:40:30:17][Info]┗ GiveStamina                           :×
[Info   :TownOfHost-Pko] [19:40:30:17][Info]┗ GiveJumbo                             :×
[Info   :TownOfHost-Pko] [19:40:30:17][Info]┗ GiveSunglasses                        :×
[Info   :TownOfHost-Pko] [19:40:30:17][Info]┗ GiveSecurer                           :×
[Info   :TownOfHost-Pko] [19:40:30:17][Info]┗ GiveSealer                            :×
[Info   :TownOfHost-Pko] [19:40:30:17][Info]┗ GiveSilverBuzzer                      :×
[Info   :TownOfHost-Pko] [19:40:30:17][Info]Arsonist                                :10%
[Info   :TownOfHost-Pko] [19:40:30:17][Info]┗ Maximum                               :1人
[Info   :TownOfHost-Pko] [19:40:30:17][Info]┗ SoloWinOption                         :1
[Info   :TownOfHost-Pko] [19:40:30:17][Info]┗ ArsonistCanSeeAllplayer               :×
[Info   :TownOfHost-Pko] [19:40:30:17][Info]┗ CanVent                               :×
[Info   :TownOfHost-Pko] [19:40:30:17][Info]┗ ArsonistDouseTime                     :3秒
[Info   :TownOfHost-Pko] [19:40:30:17][Info]┗ Cooldown                              :15秒
[Info   :TownOfHost-Pko] [19:40:30:17][Info]┗ ArsonistRange                         :1.5x
[Info   :TownOfHost-Pko] [19:40:30:17][Info]┗ Killdistance                          :ミドル
[Info   :TownOfHost-Pko] [19:40:30:17][Info]PlagueDoctor                            :10%
[Info   :TownOfHost-Pko] [19:40:30:17][Info]┗ Maximum                               :1人
[Info   :TownOfHost-Pko] [19:40:30:17][Info]┗ SoloWinOption                         :1
[Info   :TownOfHost-Pko] [19:40:30:17][Info]┗ PlagueDoctorInfectLimit               :1回
[Info   :TownOfHost-Pko] [19:40:30:17][Info]┗ PlagueDoctorInfectWhenKilled          :×
[Info   :TownOfHost-Pko] [19:40:30:17][Info]┗ PlagueDoctorInfectTime                :10秒
[Info   :TownOfHost-Pko] [19:40:30:17][Info]┗ PlagueDoctorInfectDistance            :1.5
[Info   :TownOfHost-Pko] [19:40:30:17][Info]┗ PlagueDoctorInfectInactiveTime        :10秒
[Info   :TownOfHost-Pko] [19:40:30:17][Info]┗ PlagueDoctorCanInfectSelf             :×
[Info   :TownOfHost-Pko] [19:40:30:17][Info]┗ PlagueDoctorCanInfectVent             :○
[Info   :TownOfHost-Pko] [19:40:30:17][Info]┗ PlagueDoctorDestroyPlague             :×
[Info   :TownOfHost-Pko] [19:40:30:17][Info]┗ Killdistance                          :ショート
[Info   :TownOfHost-Pko] [19:40:30:17][Info]Jester                                  :20%
[Info   :TownOfHost-Pko] [19:40:30:17][Info]┗ Maximum                               :1人
[Info   :TownOfHost-Pko] [19:40:30:17][Info]┗ SoloWinOption                         :1
[Info   :TownOfHost-Pko] [19:40:30:17][Info]┗ CanVent                               :×
[Info   :TownOfHost-Pko] [19:40:30:17][Info]┗ JesterRequireTask                     :○
[Info   :TownOfHost-Pko] [19:40:30:17][Info]┗ doOverride                            :○
[Info   :TownOfHost-Pko] [19:40:30:17][Info]┗ roleCommonTasksNum                    :0個
[Info   :TownOfHost-Pko] [19:40:30:17][Info]┗ roleLongTasksNum                      :0個
[Info   :TownOfHost-Pko] [19:40:30:17][Info]┗ roleShortTasksNum                     :3個
[Info   :TownOfHost-Pko] [19:40:30:17][Info]Cupid                                   :20%
[Info   :TownOfHost-Pko] [19:40:30:17][Info]┗ CupidKillCooldown                     :15秒
[Info   :TownOfHost-Pko] [19:40:30:17][Info]┗ SoloWinOption                         :13
[Info   :TownOfHost-Pko] [19:40:30:17][Info]┗ CupidFallChenge                       :オポチュニスト
[Info   :TownOfHost-Pko] [19:40:30:17][Info]┗ LoversRole                            :○
[Info   :TownOfHost-Pko] [19:40:30:17][Info]┗ LoversRoleAddwin                      :×
[Info   :TownOfHost-Pko] [19:40:30:17][Info]┗ LoverSoloWin3players                  :×
[Info   :TownOfHost-Pko] [19:40:30:17][Info]┗ EngineerCooldown                      :15秒
[Info   :TownOfHost-Pko] [19:40:30:17][Info]┗ EngineerInVentCooldown                :5秒
[Info   :TownOfHost-Pko] [19:40:30:17][Info]┗ roleCommonTasksNum                    :0個
[Info   :TownOfHost-Pko] [19:40:30:17][Info]┗ roleLongTasksNum                      :0個
[Info   :TownOfHost-Pko] [19:40:30:17][Info]┗ roleShortTasksNum                     :3個
[Info   :TownOfHost-Pko] [19:40:30:17][Info]┗ BankerDieRemoveCoin                   :30
[Info   :TownOfHost-Pko] [19:40:30:17][Info]┗ BankerDieRemoveTurn                   :10
[Info   :TownOfHost-Pko] [19:40:30:17][Info]┗ roleCommonTasksNum                    :0個
[Info   :TownOfHost-Pko] [19:40:30:17][Info]┗ roleLongTasksNum                      :1個
[Info   :TownOfHost-Pko] [19:40:30:17][Info]┗ roleShortTasksNum                     :2個
[Info   :TownOfHost-Pko] [19:40:30:17][Info]┗ roleCommonTasksNum                    :1個
[Info   :TownOfHost-Pko] [19:40:30:17][Info]┗ roleLongTasksNum                      :1個
[Info   :TownOfHost-Pko] [19:40:30:17][Info]┗ roleShortTasksNum                     :1個
[Info   :TownOfHost-Pko] [19:40:30:17][Info]┗ roleCommonTasksNum                    :1個
[Info   :TownOfHost-Pko] [19:40:30:17][Info]┗ roleLongTasksNum                      :1個
[Info   :TownOfHost-Pko] [19:40:30:17][Info]┗ roleShortTasksNum                     :1個
[Info   :TownOfHost-Pko] [19:40:30:17][Info]┗ OnmyojiVentCooldown                   :15秒
[Info   :TownOfHost-Pko] [19:40:30:17][Info]┗ OnmyojiVentDuration                   :10秒
[Info   :TownOfHost-Pko] [19:40:30:17][Info]┗ OnmyojiCreateShikigamiCooldown        :20秒
[Info   :TownOfHost-Pko] [19:40:30:17][Info]Freeter                                 :40%
[Info   :TownOfHost-Pko] [19:40:30:17][Info]┗ Maximum                               :1人
[Info   :TownOfHost-Pko] [19:40:30:17][Info]┗ FreeterUnemployedDeathTurns           :3回
[Info   :TownOfHost-Pko] [19:40:30:17][Info]┗ FreeterInitialCooldown                :20秒
[Info   :TownOfHost-Pko] [19:40:30:17][Info]┗ FreeterFinalCooldown                  :60秒
[Info   :TownOfHost-Pko] [19:40:30:17][Info]┗ FreeterSeeEmployerRole                :○
[Info   :TownOfHost-Pko] [19:40:30:17][Info]┗ FreeterSurvivalRequiredForWin         :×
[Info   :TownOfHost-Pko] [19:40:30:17][Info]Opportunist                             :50%
[Info   :TownOfHost-Pko] [19:40:30:17][Info]┗ Maximum                               :1人
[Info   :TownOfHost-Pko] [19:40:30:17][Info]┗ OpportunistHasKillButton              :×
[Info   :TownOfHost-Pko] [19:40:30:17][Info]┗ PhantomThiefNoticeType                :陣営
[Info   :TownOfHost-Pko] [19:40:30:17][Info]God                                     :20%
[Info   :TownOfHost-Pko] [19:40:30:17][Info]┗ Maximum                               :1人
[Info   :TownOfHost-Pko] [19:40:30:17][Info]┗ SoloWinOption                         :5
[Info   :TownOfHost-Pko] [19:40:30:17][Info]┗ doOverride                            :○
[Info   :TownOfHost-Pko] [19:40:30:17][Info]┗ roleCommonTasksNum                    :0個
[Info   :TownOfHost-Pko] [19:40:30:17][Info]┗ roleLongTasksNum                      :0個
[Info   :TownOfHost-Pko] [19:40:30:17][Info]┗ roleShortTasksNum                     :5個
[Info   :TownOfHost-Pko] [19:40:30:17][Info]┗ GodBakuro                             :×
[Info   :TownOfHost-Pko] [19:40:30:17][Info]┗ GodSeeVotes                           :○
[Info   :TownOfHost-Pko] [19:40:30:17][Info]┗ GodCanSeeDeathReason                  :○
[Info   :TownOfHost-Pko] [19:40:30:17][Info]┗ GodSeeAddons                          :○
[Info   :TownOfHost-Pko] [19:40:30:17][Info]┗ GodRequireTasksToWin                  :○
[Info   :TownOfHost-Pko] [19:40:30:17][Info]┗ GodTaskCount                          :3
[Info   :TownOfHost-Pko] [19:40:30:17][Info]┗ GodCantFixReactor                     :○
[Info   :TownOfHost-Pko] [19:40:30:17][Info]┗ GodCantFixLightsOut                   :○
[Info   :TownOfHost-Pko] [19:40:30:17][Info]┗ GodCantFixHeli                        :○
[Info   :TownOfHost-Pko] [19:40:30:17][Info]┗ GodCantFixComms                       :○
[Info   :TownOfHost-Pko] [19:40:30:17][Info]┗ GiveGuesser                           :×
[Info   :TownOfHost-Pko] [19:40:30:17][Info]┗ GiveWatching                          :×
[Info   :TownOfHost-Pko] [19:40:30:17][Info]┗ GivePlusVote                          :×
[Info   :TownOfHost-Pko] [19:40:30:17][Info]┗ GiveTiebreaker                        :×
[Info   :TownOfHost-Pko] [19:40:30:17][Info]┗ GiveAutopsy                           :×
[Info   :TownOfHost-Pko] [19:40:30:17][Info]┗ GiveRevenger                          :×
[Info   :TownOfHost-Pko] [19:40:30:17][Info]┗ GiveSpeeding                          :×
[Info   :TownOfHost-Pko] [19:40:30:17][Info]┗ GiveGuarding                          :×
[Info   :TownOfHost-Pko] [19:40:30:17][Info]┗ GiveManagement                        :×
[Info   :TownOfHost-Pko] [19:40:30:17][Info]┗ GiveSeeing                            :×
[Info   :TownOfHost-Pko] [19:40:30:17][Info]┗ GiveOpener                            :×
[Info   :TownOfHost-Pko] [19:40:30:17][Info]┗ GiveLighting                          :○
[Info   :TownOfHost-Pko] [19:40:30:17][Info]┗ GiveMoon                              :○
[Info   :TownOfHost-Pko] [19:40:30:17][Info]┗ GiveNotvoter                          :×
[Info   :TownOfHost-Pko] [19:40:30:17][Info]┗ GiveElector                           :×
[Info   :TownOfHost-Pko] [19:40:30:17][Info]┗ GiveInfoPoor                          :×
[Info   :TownOfHost-Pko] [19:40:30:17][Info]┗ GiveNonReport                         :×
[Info   :TownOfHost-Pko] [19:40:30:17][Info]┗ GiveTransparent                       :×
[Info   :TownOfHost-Pko] [19:40:30:17][Info]┗ GiveWater                             :×
[Info   :TownOfHost-Pko] [19:40:30:17][Info]┗ GiveClumsy                            :×
[Info   :TownOfHost-Pko] [19:40:30:17][Info]┗ GiveSlacker                           :×
[Info   :TownOfHost-Pko] [19:40:30:17][Info]┗ GiveStamina                           :×
[Info   :TownOfHost-Pko] [19:40:30:17][Info]┗ GiveJumbo                             :×
[Info   :TownOfHost-Pko] [19:40:30:17][Info]┗ GiveSunglasses                        :×
[Info   :TownOfHost-Pko] [19:40:30:17][Info]┗ GiveSecurer                           :×
[Info   :TownOfHost-Pko] [19:40:30:17][Info]┗ GiveSealer                            :×
[Info   :TownOfHost-Pko] [19:40:30:17][Info]┗ GiveSilverBuzzer                      :×
[Info   :TownOfHost-Pko] [19:40:30:17][Info]┗ BakeCatDieKillerTime                  :1秒
[Info   :TownOfHost-Pko] [19:40:30:17][Info]┗ BakeCatShowRoleNameToKillerTeam       :×
[Info   :TownOfHost-Pko] [19:40:30:17][Info]CanMakeMadmateCount                     :0人
[Info   :TownOfHost-Pko] [19:40:30:17][Info]MadmateOption                           :×
[Info   :TownOfHost-Pko] [19:40:30:18][Info]┗ FixedRole                             :未設定
[Info   :TownOfHost-Pko] [19:40:30:18][Info]┗ FixedRole                             :未設定
[Info   :TownOfHost-Pko] [19:40:30:18][Info]┗ KillCooldown                          :15秒
[Info   :TownOfHost-Pko] [19:40:30:18][Info]┗ KillCooldown                          :15秒
[Info   :TownOfHost-Pko] [19:40:30:18][Info]┗ FixedRole                             :未設定
[Info   :TownOfHost-Pko] [19:40:30:18][Info]┗ FixedRole                             :未設定
[Info   :TownOfHost-Pko] [19:40:30:18][Info]┗ FixedRole                             :未設定
[Info   :TownOfHost-Pko] [19:40:30:18][Info]┗ FixedRole                             :未設定
[Info   :TownOfHost-Pko] [19:40:30:18][Info]┗ FixedRole                             :未設定
[Info   :TownOfHost-Pko] [19:40:30:18][Info]┗ FixedRole                             :未設定
[Info   :TownOfHost-Pko] [19:40:30:18][Info]┗ FixedRole                             :未設定
[Info   :TownOfHost-Pko] [19:40:30:18][Info]┗ FixedRole                             :未設定
[Info   :TownOfHost-Pko] [19:40:30:18][Info]┗ FixedRole                             :未設定
[Info   :TownOfHost-Pko] [19:40:30:18][Info]┗ FixedRole                             :未設定
[Info   :TownOfHost-Pko] [19:40:30:18][Info]┗ FixedRole                             :未設定
[Info   :TownOfHost-Pko] [19:40:30:18][Info]┗ FixedRole                             :未設定
[Info   :TownOfHost-Pko] [19:40:30:18][Info]┗ FixedRole                             :未設定
[Info   :TownOfHost-Pko] [19:40:30:18][Info]┗ FixedRole                             :未設定
[Info   :TownOfHost-Pko] [19:40:30:18][Info]┗ FixedRole                             :未設定
[Info   :TownOfHost-Pko] [19:40:30:18][Info]┗ FixedRole                             :未設定
[Info   :TownOfHost-Pko] [19:40:30:18][Info]┗ FixedRole                             :未設定
[Info   :TownOfHost-Pko] [19:40:30:18][Info]┗ FixedRole                             :未設定
[Info   :TownOfHost-Pko] [19:40:30:18][Info]┗ FixedRole                             :未設定
[Info   :TownOfHost-Pko] [19:40:30:18][Info]┗ FixedRole                             :未設定
[Info   :TownOfHost-Pko] [19:40:30:18][Info]┗ FixedRole                             :未設定
[Info   :TownOfHost-Pko] [19:40:30:18][Info]┗ FixedRole                             :未設定
[Info   :TownOfHost-Pko] [19:40:30:18][Info]┗ FixedRole                             :未設定
[Info   :TownOfHost-Pko] [19:40:30:18][Info]┗ FixedRole                             :未設定
[Info   :TownOfHost-Pko] [19:40:30:18][Info]┗ FixedRole                             :未設定
[Info   :TownOfHost-Pko] [19:40:30:18][Info]┗ FixedRole                             :未設定
[Info   :TownOfHost-Pko] [19:40:30:18][Info]┗ FixedRole                             :未設定
[Info   :TownOfHost-Pko] [19:40:30:18][Info]┗ FixedRole                             :未設定
[Info   :TownOfHost-Pko] [19:40:30:18][Info]┗ FixedRole                             :未設定
[Info   :TownOfHost-Pko] [19:40:30:18][Info]┗ FixedRole                             :未設定
[Info   :TownOfHost-Pko] [19:40:30:18][Info]┗ FixedRole                             :未設定
[Info   :TownOfHost-Pko] [19:40:30:18][Info]┗ FixedRole                             :未設定
[Info   :TownOfHost-Pko] [19:40:30:18][Info]┗ FixedRole                             :未設定
[Info   :TownOfHost-Pko] [19:40:30:18][Info]┗ FixedRole                             :未設定
[Info   :TownOfHost-Pko] [19:40:30:18][Info]┗ FixedRole                             :未設定
[Info   :TownOfHost-Pko] [19:40:30:18][Info]┗ FixedRole                             :未設定
[Info   :TownOfHost-Pko] [19:40:30:18][Info]┗ FixedRole                             :未設定
[Info   :TownOfHost-Pko] [19:40:30:18][Info]┗ FixedRole                             :未設定
[Info   :TownOfHost-Pko] [19:40:30:18][Info]┗ FixedRole                             :未設定
[Info   :TownOfHost-Pko] [19:40:30:18][Info]┗ FixedRole                             :未設定
[Info   :TownOfHost-Pko] [19:40:30:18][Info]┗ FixedRole                             :未設定
[Info   :TownOfHost-Pko] [19:40:30:18][Info]┗ FixedRole                             :未設定
[Info   :TownOfHost-Pko] [19:40:30:18][Info]┗ FixedRole                             :未設定
[Info   :TownOfHost-Pko] [19:40:30:18][Info]┗ FixedRole                             :未設定
[Info   :TownOfHost-Pko] [19:40:30:18][Info]┗ FixedRole                             :未設定
[Info   :TownOfHost-Pko] [19:40:30:18][Info]┗ FixedRole                             :未設定
[Info   :TownOfHost-Pko] [19:40:30:18][Info]┗ FixedRole                             :未設定
[Info   :TownOfHost-Pko] [19:40:30:18][Info]┗ FixedRole                             :未設定
[Info   :TownOfHost-Pko] [19:40:30:18][Info]┗ FixedRole                             :未設定
[Info   :TownOfHost-Pko] [19:40:30:18][Info]┗ FixedRole                             :未設定
[Info   :TownOfHost-Pko] [19:40:30:18][Info]┗ FixedRole                             :未設定
[Info   :TownOfHost-Pko] [19:40:30:18][Info]┗ FixedRole                             :未設定
[Info   :TownOfHost-Pko] [19:40:30:18][Info]┗ RoughPercentage                       :○
[Info   :TownOfHost-Pko] [19:40:30:18][Info]┗ FixedRole                             :未設定
[Info   :TownOfHost-Pko] [19:40:30:18][Info]┗ FixedRole                             :未設定
[Info   :TownOfHost-Pko] [19:40:30:18][Info]┗ FixedRole                             :未設定
[Info   :TownOfHost-Pko] [19:40:30:18][Info]┗ FixedRole                             :未設定
[Info   :TownOfHost-Pko] [19:40:30:18][Info]┗ FixedRole                             :未設定
[Info   :TownOfHost-Pko] [19:40:30:18][Info]┗ FixedRole                             :未設定
[Info   :TownOfHost-Pko] [19:40:30:18][Info]┗ FixedRole                             :未設定
[Info   :TownOfHost-Pko] [19:40:30:18][Info]┗ FixedRole                             :未設定
[Info   :TownOfHost-Pko] [19:40:30:18][Info]┗ FixedRole                             :未設定
[Info   :TownOfHost-Pko] [19:40:30:18][Info]┗ FixedRole                             :未設定
[Info   :TownOfHost-Pko] [19:40:30:18][Info]┗ FixedRole                             :未設定
[Info   :TownOfHost-Pko] [19:40:30:18][Info]┗ FixedRole                             :未設定
[Info   :TownOfHost-Pko] [19:40:30:18][Info]┗ FixedRole                             :未設定
[Info   :TownOfHost-Pko] [19:40:30:18][Info]┗ FixedRole                             :未設定
[Info   :TownOfHost-Pko] [19:40:30:18][Info]┗ FixedRole                             :未設定
[Info   :TownOfHost-Pko] [19:40:30:18][Info]┗ FixedRole                             :未設定
[Info   :TownOfHost-Pko] [19:40:30:18][Info]┗ FixedRole                             :未設定
[Info   :TownOfHost-Pko] [19:40:30:18][Info]┗ FixedRole                             :未設定
[Info   :TownOfHost-Pko] [19:40:30:18][Info]┗ AmnesiaDefaultKillCool                :○
[Info   :TownOfHost-Pko] [19:40:30:18][Info]┗ AmnesiaRealizeDayCount                :4日
[Info   :TownOfHost-Pko] [19:40:30:18][Info]┗ AmnesiaRealizeTaskCount               :4
[Info   :TownOfHost-Pko] [19:40:30:18][Info]┗ AmnesiaRealizeKillcount               :2
[Info   :TownOfHost-Pko] [19:40:30:18][Info]┗ FixedRole                             :未設定
[Info   :TownOfHost-Pko] [19:40:30:18][Info]┗ FixedRole                             :未設定
[Info   :TownOfHost-Pko] [19:40:30:18][Info]┗ FixedRole                             :未設定
[Info   :TownOfHost-Pko] [19:40:30:18][Info]┗ FixedRole                             :未設定
[Info   :TownOfHost-Pko] [19:40:30:18][Info]┗ Everyturn                             :×
[Info   :TownOfHost-Pko] [19:40:30:18][Info]┗ Everyturn                             :×
[Info   :TownOfHost-Pko] [19:40:30:18][Info]┗ FixedRole                             :未設定
[Info   :TownOfHost-Pko] [19:40:30:18][Info]┗ FixedRole                             :未設定
[Info   :TownOfHost-Pko] [19:40:30:18][Info]┗ FixedRole                             :未設定
[Info   :TownOfHost-Pko] [19:40:30:18][Info]┗ FixedRole                             :未設定
[Info   :TownOfHost-Pko] [19:40:30:18][Info]┗ FixedRole                             :未設定
[Info   :TownOfHost-Pko] [19:40:30:18][Info]┗ FixedRole                             :未設定
[Info   :TownOfHost-Pko] [19:40:30:18][Info]┗ FixedRole                             :未設定
[Info   :TownOfHost-Pko] [19:40:30:18][Info]┗ FixedRole                             :未設定
[Info   :TownOfHost-Pko] [19:40:30:18][Info]┗ FixedRole                             :未設定
[Info   :TownOfHost-Pko] [19:40:30:18][Info]┗ FixedRole                             :未設定
[Info   :TownOfHost-Pko] [19:40:30:18][Info]┗ FixedRole                             :未設定
[Info   :TownOfHost-Pko] [19:40:30:18][Info]┗ FixedRole                             :未設定
[Info   :TownOfHost-Pko] [19:40:30:18][Info]┗ FixedRole                             :未設定
[Info   :TownOfHost-Pko] [19:40:30:18][Info]┗ FixedRole                             :未設定
[Info   :TownOfHost-Pko] [19:40:30:18][Info]┗ FixedRole                             :未設定
[Info   :TownOfHost-Pko] [19:40:30:18][Info]┗ FixedRole                             :未設定
[Info   :TownOfHost-Pko] [19:40:30:18][Info]┗ FixedRole                             :未設定
[Info   :TownOfHost-Pko] [19:40:30:18][Info]┗ FixedRole                             :未設定
[Info   :TownOfHost-Pko] [19:40:30:18][Info]┗ FixedRole                             :未設定
[Info   :TownOfHost-Pko] [19:40:30:18][Info]┗ FixedRole                             :未設定
[Info   :TownOfHost-Pko] [19:40:30:18][Info]┗ FixedRole                             :未設定
[Info   :TownOfHost-Pko] [19:40:30:18][Info]┗ FixedRole                             :未設定
[Info   :TownOfHost-Pko] [19:40:30:18][Info]┗ FixedRole                             :未設定
[Info   :TownOfHost-Pko] [19:40:30:18][Info]┗ FixedRole                             :未設定
[Info   :TownOfHost-Pko] [19:40:30:18][Info]┗ FixedRole                             :未設定
[Info   :TownOfHost-Pko] [19:40:30:18][Info]┗ FixedRole                             :未設定
[Info   :TownOfHost-Pko] [19:40:30:18][Info]┗ FixedRole                             :未設定
[Info   :TownOfHost-Pko] [19:40:30:18][Info]┗ FixedRole                             :未設定
[Info   :TownOfHost-Pko] [19:40:30:18][Info]┗ FixedRole                             :未設定
[Info   :TownOfHost-Pko] [19:40:30:18][Info]┗ FixedRole                             :未設定
[Info   :TownOfHost-Pko] [19:40:30:18][Info]┗ FixedRole                             :未設定
[Info   :TownOfHost-Pko] [19:40:30:18][Info]┗ FixedRole                             :未設定
[Info   :TownOfHost-Pko] [19:40:30:18][Info]┗ FixedRole                             :未設定
[Info   :TownOfHost-Pko] [19:40:30:18][Info]┗ FixedRole                             :未設定
[Info   :TownOfHost-Pko] [19:40:30:18][Info]┗ FixedRole                             :未設定
[Info   :TownOfHost-Pko] [19:40:30:18][Info]┗ FixedRole                             :未設定
[Info   :TownOfHost-Pko] [19:40:30:18][Info]┗ FixedRole                             :未設定
[Info   :TownOfHost-Pko] [19:40:30:18][Info]┗ FixedRole                             :未設定
[Info   :TownOfHost-Pko] [19:40:30:18][Info]┗ FixedRole                             :未設定
[Info   :TownOfHost-Pko] [19:40:30:18][Info]┗ FixedRole                             :未設定
[Info   :TownOfHost-Pko] [19:40:30:18][Info]┗ FixedRole                             :未設定
[Info   :TownOfHost-Pko] [19:40:30:18][Info]┗ FixedRole                             :未設定
[Info   :TownOfHost-Pko] [19:40:30:18][Info]┗ FixedRole                             :未設定
[Info   :TownOfHost-Pko] [19:40:30:18][Info]┗ FixedRole                             :未設定
[Info   :TownOfHost-Pko] [19:40:30:18][Info]┗ FixedRole                             :未設定
[Info   :TownOfHost-Pko] [19:40:30:18][Info]┗ FixedRole                             :未設定
[Info   :TownOfHost-Pko] [19:40:30:18][Info]┗ FixedRole                             :未設定
[Info   :TownOfHost-Pko] [19:40:30:18][Info]┗ FixedRole                             :未設定
[Info   :TownOfHost-Pko] [19:40:30:18][Info]┗ FixedRole                             :未設定
[Info   :TownOfHost-Pko] [19:40:30:18][Info]┗ FixedRole                             :未設定
[Info   :TownOfHost-Pko] [19:40:30:18][Info]┗ FixedRole                             :未設定
[Info   :TownOfHost-Pko] [19:40:30:18][Info]SlotRole1                               :設定済み(4)
[Info   :TownOfHost-Pko] [19:40:30:18][Info]SlotRole2                               :設定済み(2)
[Info   :TownOfHost-Pko] [19:40:30:18][Info]SlotRole3                               :未設定
[Info   :TownOfHost-Pko] [19:40:30:18][Info]SlotRole4                               :未設定
[Info   :TownOfHost-Pko] [19:40:30:18][Info]SlotRole5                               :未設定
[Info   :TownOfHost-Pko] [19:40:30:18][Info]SlotRole6                               :未設定
[Info   :TownOfHost-Pko] [19:40:30:18][Info]SlotRole7                               :未設定
[Info   :TownOfHost-Pko] [19:40:30:18][Info]SlotRole8                               :未設定
[Info   :TownOfHost-Pko] [19:40:30:18][Info]SlotRole9                               :未設定
[Info   :TownOfHost-Pko] [19:40:30:18][Info]SlotRole10                              :未設定
[Info   :TownOfHost-Pko] [19:40:30:18][Info]SlotRole11                              :未設定
[Info   :TownOfHost-Pko] [19:40:30:18][Info]SlotRole12                              :未設定
[Info   :TownOfHost-Pko] [19:40:30:18][Info]SlotRole13                              :未設定
[Info   :TownOfHost-Pko] [19:40:30:18][Info]SlotRole14                              :未設定
[Info   :TownOfHost-Pko] [19:40:30:18][Info]SlotRole15                              :未設定
[Info   :TownOfHost-Pko] [19:40:30:18][Info]GhostRoleOptions                        :×
[Info   :TownOfHost-Pko] [19:40:30:18][Info]KillFlashDuration                       :0.3秒
[Info   :TownOfHost-Pko] [19:40:30:18][Info]MapModification                         :×
[Info   :TownOfHost-Pko] [19:40:30:18][Info]TaskOption                              :×
[Info   :TownOfHost-Pko] [19:40:30:18][Info]DevicesOption                           :×
[Info   :TownOfHost-Pko] [19:40:30:18][Info]Sabotage                                :×
[Info   :TownOfHost-Pko] [19:40:30:18][Info]RandomMapsMode                          :×
[Info   :TownOfHost-Pko] [19:40:30:18][Info]RandomSpawn                             :×
[Info   :TownOfHost-Pko] [19:40:30:18][Info]MeetingAndVoteOpt                       :○
[Info   :TownOfHost-Pko] [19:40:30:18][Info]┗ LowerLimitVotingTime                  :60秒
[Info   :TownOfHost-Pko] [19:40:30:18][Info]┗ LimitMeetingTime                      :300秒
[Info   :TownOfHost-Pko] [19:40:30:18][Info]┗ AllAliveMeeting                       :○
[Info   :TownOfHost-Pko] [19:40:30:18][Info]┗ AllAliveMeetingTime                   :60秒
[Info   :TownOfHost-Pko] [19:40:30:18][Info]┗ VoteMode                              :×
[Info   :TownOfHost-Pko] [19:40:30:18][Info]┗ SyncButtonMode                        :×
[Info   :TownOfHost-Pko] [19:40:30:18][Info]┗ AdditionalEmergencyCooldown           :×
[Info   :TownOfHost-Pko] [19:40:30:18][Info]┗ ShowVoteResult                        :×
[Info   :TownOfHost-Pko] [19:40:30:18][Info]LadderDeath                             :×
[Info   :TownOfHost-Pko] [19:40:30:18][Info]GhostOptions                            :×
[Info   :TownOfHost-Pko] [19:40:30:18][Info]ConvenientOptions                       :○
[Info   :TownOfHost-Pko] [19:40:30:18][Info]┗ FirstTurnMeeting                      :○
[Info   :TownOfHost-Pko] [19:40:30:18][Info]┗ FirstTurnMeetingCantability           :×
[Info   :TownOfHost-Pko] [19:40:30:18][Info]┗ FixFirstKillCooldown                  :×
[Info   :TownOfHost-Pko] [19:40:30:18][Info]┗ CommnTaskResetAssing                  :○
[Info   :TownOfHost-Pko] [19:40:30:18][Info]┗ CanseeVoteresult                      :×
[Info   :TownOfHost-Pko] [19:40:30:18][Info]┗ OutroCrewWinreasonchenge              :○
[Info   :TownOfHost-Pko] [19:40:30:18][Info]┗ AutoGrantPet                          :○
[Info   :TownOfHost-Pko] [19:40:30:18][Info]OptionBatchSetting                      :○
[Info   :TownOfHost-Pko] [19:40:30:18][Info]┗ OptionAllImpostorKillCool             :30
[Info   :TownOfHost-Pko] [19:40:30:18][Info]┗ OptionAllNeutralKillCool              :30
[Info   :TownOfHost-Pko] [19:40:30:18][Info]RandomPreset                            :×
[Info   :TownOfHost-Pko] [19:40:30:18][Info]DisableTaskWin                          :×
[Info   :TownOfHost-Pko] [19:40:30:18][Info]NoGameEnd                               :×
[Info   :TownOfHost-Pko] [19:40:30:18][Info]HideGameSettings                        :×
[Info   :TownOfHost-Pko] [19:40:30:18][Info]HideGameSettingsDuringGame              :×
[Info   :TownOfHost-Pko] [19:40:30:18][Info]SuffixMode                              :なし
[Info   :TownOfHost-Pko] [19:40:30:18][Info]ChangeNameToRoleInfo                    :○
[Info   :TownOfHost-Pko] [19:40:30:18][Info]RoleAssigningAlgorithm                  :デフォルト
[Info   :TownOfHost-Pko] [19:40:30:18][Info]UseZoom                                 :×
[Info   :TownOfHost-Pko] [19:40:30:18][Info]CommandSetting                          :○
[Info   :TownOfHost-Pko] [19:40:30:18][Info]┗ DisableCommandNow                     :×
[Info   :TownOfHost-Pko] [19:40:30:18][Info]┗ DisableCommandNowRole                 :×
[Info   :TownOfHost-Pko] [19:40:30:18][Info]┗ DisableCommandNowSet                  :×
[Info   :TownOfHost-Pko] [19:40:30:18][Info]┗ DisableCommandNowW                    :×
[Info   :TownOfHost-Pko] [19:40:30:18][Info]┗ DisableCommandNowH                    :×
[Info   :TownOfHost-Pko] [19:40:30:18][Info]┗ DisableCommandHRoles                  :×
[Info   :TownOfHost-Pko] [19:40:30:18][Info]┗ DisableCommandMyrole                  :×
[Info   :TownOfHost-Pko] [19:40:30:18][Info]┗ DisableCommandMeetinginfo             :×
[Info   :TownOfHost-Pko] [19:40:30:18][Info]┗ DisableCommandNumberDNumber           :×
[Info   :TownOfHost-Pko] [19:40:30:18][Info]┗ DisableCommand8ball                   :×
[Info   :TownOfHost-Pko] [19:40:30:18][Info]┗ DisableCommandPko                     :×
[Info   :TownOfHost-Pko] [19:40:30:18][Info]┗ DisableCommandPkoNotUseInGame         :×
[Info   :TownOfHost-Pko] [19:40:30:18][Info]┗ DisableCommandRename                  :×
[Info   :TownOfHost-Pko] [19:40:30:18][Info]┗ NameCharLimit                         :30
[Info   :TownOfHost-Pko] [19:40:30:18][Info]┗ DisableCommandRule                    :×
[Info   :TownOfHost-Pko] [19:40:30:18][Info]┗ DisableCommandLastresult              :×
[Info   :TownOfHost-Pko] [19:40:30:18][Info]┗ DisableCommandKilllog                 :×
[Info   :TownOfHost-Pko] [19:40:30:18][Info]┗ DisableCommandTimer                   :×
[Info   :TownOfHost-Pko] [19:40:30:18][Info]┗ DisableCommandTp                      :×
[Info   :TownOfHost-Pko] [19:40:30:18][Info]AutoFunction                            :×
[Info   :TownOfHost-Pko] [19:40:30:18][Info]GameChatSetting                         :○
[Info   :TownOfHost-Pko] [19:40:30:18][Info]┗ GameChatNormalChat                    :○
[Info   :TownOfHost-Pko] [19:40:30:18][Info]┗ GameChatNormalNearChat                :×
[Info   :TownOfHost-Pko] [19:40:30:18][Info]┗ GameChatHideChat                      :×
[Info   :TownOfHost-Pko] [19:40:30:18][Info]ApplyDenyNameList                       :○
[Info   :TownOfHost-Pko] [19:40:30:18][Info]KickPlayerFriendCodeNotExist            :×
[Info   :TownOfHost-Pko] [19:40:30:18][Info]ApplyBanList                            :○
[Info   :TownOfHost-Pko] [19:40:30:18][Info]KiclHotNotFriend                        :×
[Info   :TownOfHost-Pko] [19:40:30:18][Info]KickInitialName                         :×
[Info   :TownOfHost-Pko] [19:40:30:18][Info]BanKickjoinplayer                       :×
[Info   :TownOfHost-Pko] [19:40:30:18][Info]-------------その他-------------
[Info   :TownOfHost-Pko] [19:40:30:18][Info]プレイヤー数: 6人
[Info   :TownOfHost-Pko] [19:40:31:70][TaskState.Init]Rの名無しさん(ジャッカル): InitTask
[Info   :TownOfHost-Pko] [19:40:31:70][TaskState.Init]伝カロちゃん(ドクター): InitTask
[Info   :TownOfHost-Pko] [19:40:31:70][TaskState.Init]伝カロちゃん(ドクター): TaskCounts = 0/9
[Info   :TownOfHost-Pko] [19:40:31:70][TaskState.Init]みくろ(侍): InitTask
[Info   :TownOfHost-Pko] [19:40:31:70][TaskState.Init]あそこらgrass(メイヤー): InitTask
[Info   :TownOfHost-Pko] [19:40:31:70][TaskState.Init]あそこらgrass(メイヤー): TaskCounts = 0/9
[Info   :TownOfHost-Pko] [19:40:31:70][TaskState.Init]5号(オポチュニスト): InitTask
[Info   :TownOfHost-Pko] [19:40:31:70][TaskState.Init]ひとつここの(エクスプレス): InitTask
[Info   :TownOfHost-Pko] [19:40:31:70][TaskState.Init]ひとつここの(エクスプレス): TaskCounts = 0/9
[Info   :TownOfHost-Pko] [19:40:31:70][LateTask]"SetTask"is finished
[Info   :TownOfHost-Pko] [19:40:33:44][LateTask]"Roleset" is created
[Info   :TownOfHost-Pko] [19:40:33:57][StartFadeIntro]ループを終了します
[Info   :TownOfHost-Pko] [19:40:34:75][LateTask]"Override Role Text"is end
[Info   :TownOfHost-Pko] [19:40:35:43][StandardIntro]SetRole
[Info   :TownOfHost-Pko] [19:40:35:43][LateTask]"Roleset"is finished
[Info   :TownOfHost-Pko] [19:40:37:25][LateTask]"ShowChatOnGameStart" is created
[Info   :TownOfHost-Pko] [19:40:37:25][Phase]タスクフェイズ開始
[Error  :TownOfHost-Pko] [19:40:37:26][ButtonHud]System.NullReferenceException: Object reference not set to an instance of an object.
   at TownOfHost.CustomButtonHud.BottonHud(Boolean reset)
[Info   :TownOfHost-Pko] [19:40:37:26][IntroCutscene]OnDestroy
[Info   :TownOfHost-Pko] [19:40:37:57][CompleteTask]TaskComplete:5号(オポチュニスト) 0
[Info   :TownOfHost-Pko] [19:40:37:57][TaskState.Update]5号(オポチュニスト): UpdateTask
[Info   :TownOfHost-Pko] [19:40:37:57][TaskState.Update]TotalTaskCounts = 1/27
[Info   :TownOfHost-Pko] [19:40:37:58][TaskState.Update]TotalTaskCounts = 0/27
[Info   :TownOfHost-Pko] [19:40:37:58][CompleteTask]TaskComplete:5号(オポチュニスト) 1
[Info   :TownOfHost-Pko] [19:40:37:58][TaskState.Update]5号(オポチュニスト): UpdateTask
[Info   :TownOfHost-Pko] [19:40:37:58][TaskState.Update]TotalTaskCounts = 1/27
[Info   :TownOfHost-Pko] [19:40:37:58][TaskState.Update]TotalTaskCounts = 0/27
[Info   :TownOfHost-Pko] [19:40:37:58][CompleteTask]TaskComplete:5号(オポチュニスト) 2
[Info   :TownOfHost-Pko] [19:40:37:58][TaskState.Update]5号(オポチュニスト): UpdateTask
[Info   :TownOfHost-Pko] [19:40:37:58][TaskState.Update]TotalTaskCounts = 1/27
[Info   :TownOfHost-Pko] [19:40:37:58][TaskState.Update]TotalTaskCounts = 0/27
[Info   :TownOfHost-Pko] [19:40:37:58][CompleteTask]TaskComplete:5号(オポチュニスト) 3
[Info   :TownOfHost-Pko] [19:40:37:58][TaskState.Update]5号(オポチュニスト): UpdateTask
[Info   :TownOfHost-Pko] [19:40:37:58][TaskState.Update]TotalTaskCounts = 1/27
[Info   :TownOfHost-Pko] [19:40:37:58][TaskState.Update]TotalTaskCounts = 0/27
[Info   :TownOfHost-Pko] [19:40:37:58][CompleteTask]TaskComplete:5号(オポチュニスト) 4
[Info   :TownOfHost-Pko] [19:40:37:58][TaskState.Update]5号(オポチュニスト): UpdateTask
[Info   :TownOfHost-Pko] [19:40:37:58][TaskState.Update]TotalTaskCounts = 1/27
[Info   :TownOfHost-Pko] [19:40:37:58][TaskState.Update]TotalTaskCounts = 0/27
[Info   :TownOfHost-Pko] [19:40:37:58][CompleteTask]TaskComplete:5号(オポチュニスト) 5
[Info   :TownOfHost-Pko] [19:40:37:58][TaskState.Update]5号(オポチュニスト): UpdateTask
[Info   :TownOfHost-Pko] [19:40:37:58][TaskState.Update]TotalTaskCounts = 1/27
[Info   :TownOfHost-Pko] [19:40:37:58][TaskState.Update]TotalTaskCounts = 0/27
[Info   :TownOfHost-Pko] [19:40:37:58][CompleteTask]TaskComplete:5号(オポチュニスト) 6
[Info   :TownOfHost-Pko] [19:40:37:58][TaskState.Update]5号(オポチュニスト): UpdateTask
[Info   :TownOfHost-Pko] [19:40:37:58][TaskState.Update]TotalTaskCounts = 1/27
[Info   :TownOfHost-Pko] [19:40:37:59][TaskState.Update]TotalTaskCounts = 0/27
[Info   :TownOfHost-Pko] [19:40:37:59][CompleteTask]TaskComplete:5号(オポチュニスト) 7
[Info   :TownOfHost-Pko] [19:40:37:59][TaskState.Update]5号(オポチュニスト): UpdateTask
[Info   :TownOfHost-Pko] [19:40:37:59][TaskState.Update]TotalTaskCounts = 1/27
[Info   :TownOfHost-Pko] [19:40:37:59][TaskState.Update]TotalTaskCounts = 0/27
[Info   :TownOfHost-Pko] [19:40:37:59][CompleteTask]TaskComplete:5号(オポチュニスト) 8
[Info   :TownOfHost-Pko] [19:40:37:59][TaskState.Update]5号(オポチュニスト): UpdateTask
[Info   :TownOfHost-Pko] [19:40:37:59][TaskState.Update]TotalTaskCounts = 1/27
[Info   :TownOfHost-Pko] [19:40:37:59][TaskState.Update]TotalTaskCounts = 0/27
[Info   :TownOfHost-Pko] [19:40:37:60][RpcResetAbilityCooldown]アビリティクールダウンのリセット:Rの名無しさん(0)
[Info   :TownOfHost-Pko] [19:40:37:75][LateTask]"ShowChatOnGameStart"is finished
[Info   :TownOfHost-Pko] [19:40:37:90][PetActionPatch]Rの名無しさん にペットを自動付与: pet_test
[Info   :TownOfHost-Pko] [19:40:37:90][PetActionPatch]伝カロちゃん にペットを自動付与: pet_test
[Info   :TownOfHost-Pko] [19:40:37:90][PetActionPatch]みくろ にペットを自動付与: pet_test
[Info   :TownOfHost-Pko] [19:40:38:18][ExReportDeadBody]Rの名無しさん(ジャッカル) => Rの名無しさん(ジャッカル)
[Info   :TownOfHost-Pko] [19:40:38:20][LateTask]"SetSkin" is created
[Info   :TownOfHost-Pko] [19:40:38:21][MeetingTimeManager.OnReportDeadBody]DiscussionTime:0, VotingTime60
[Info   :TownOfHost-Pko] [19:40:38:22][UpdateSystem]SystemType: Laboratory, PlayerName: Rの名無しさん(ジャッカル), amount: 16
[Info   :TownOfHost-Pko] [19:40:38:22][UpdateSystem]SystemType: Reactor, PlayerName: Rの名無しさん(ジャッカル), amount: 16
[Info   :TownOfHost-Pko] [19:40:38:22][UpdateSystem]SystemType: LifeSupp, PlayerName: Rの名無しさん(ジャッカル), amount: 16
[Info   :TownOfHost-Pko] [19:40:38:27][Phase]------------会議開始　day:1------------
[Info   :TownOfHost-Pko] [19:40:38:53][LateTask]"SetSkin"is finished
[Info   :TownOfHost-Pko] [19:40:41:18][LateTask]"sendroleinfo" is created
[Warning:TownOfHost-Pko] [19:40:42:19][Translator]未翻訳の関数 : Crew
[Info   :TownOfHost-Pko] [19:40:42:19][LateTask]"sendroleinfo"is finished
[Info   :TownOfHost-Pko] [19:40:42:21][SetName]名前変更:Rの名無しさん(ジャッカル) => <align="left"><#00b4eb>【あなたの役職】</color>\n<size=70%><#ffffff><#00b4eb><b><line-height=1.3pic><size=150%>ジャッカル\n\n<size=90%>すべてを殺せ</b></color>\n<size=65%>陣営:ニュートラル    カウント:ジャッカル    判定:ファントム\n<#000000>From:</color><#ff0000>TheOtherRoles</color>\n<size=30%>\n<size=57%>ジャッカルはすべてのプレイヤーを殺すことができる。\nインポスターが残っておらず、生き残っているジャッカルカウントの人数が\n
[Info   :TownOfHost-Pko] [19:40:42:21][ReceiveChat]○Rの名無しさん(ジャッカル): 
[Info   :TownOfHost-Pko] [19:40:42:22][SetName]名前変更:Rの名無しさん(ジャッカル) => Rの名無しさん
[Info   :TownOfHost-Pko] [19:40:42:41][SetName]名前変更:Rの名無しさん(ジャッカル) => <align="left"><size=70%><#ffffff><line-height=1.3pic><size=57%>クルーと同じかそれ以上でジャッカルが勝利する。\n\nキルボタンが光っている状態でワンクリックボタンを押すと、\n一番近くにいるプレイヤー(ジャッカル陣営を除く)をジャッカルドールにできる。\n<line-height=0.9pic><size=45%>\nキルクール: 30秒\nベントを使える: ○\nサボタージュを使用できる: ×\nインポスター視界: ○\nサイドキックを作成できる: ○\n
[Info   :TownOfHost-Pko] [19:40:42:41][ReceiveChat]○Rの名無しさん(ジャッカル): 
[Info   :TownOfHost-Pko] [19:40:42:42][SetName]名前変更:Rの名無しさん(ジャッカル) => Rの名無しさん
[Info   :TownOfHost-Pko] [19:40:42:61][SetName]名前変更:Rの名無しさん(ジャッカル) => <align="left"><size=70%><#ffffff><line-height=0.9pic><size=45%>┣ インポスターをサイドキックできる: ○\n┃┣ 元仲間のネームカラーが白になる: ○\n┃┗ 元仲間視点ネームカラーが白になる: ○\n┣ クールダウン: 30秒\n┗ サイドキックが昇格する: ○\nジャッカルに属性を付与する: ×\n\n\n
[Info   :TownOfHost-Pko] [19:40:42:61][ReceiveChat]○Rの名無しさん(ジャッカル): 
[Info   :TownOfHost-Pko] [19:40:42:61][SetName]名前変更:Rの名無しさん(ジャッカル) => Rの名無しさん
[Info   :TownOfHost-Pko] [19:40:45:06][ReceiveChat]伝カロちゃん(ドクター):役だ
[Info   :TownOfHost-Pko] [19:40:48:67][ReceiveChat]5号(オポチュニスト):なぼ
[Info   :TownOfHost-Pko] [19:40:53:05][ReceiveChat]ひとつここの(エクスプレス):エクスプレスきたーー
[Info   :TownOfHost-Pko] [19:40:53:17][ReceiveChat]5号(オポチュニスト):訳あり
[Info   :TownOfHost-Pko] [19:40:56:67][ReceiveChat]あそこらgrass(メイヤー):やくもち
[Info   :TownOfHost-Pko] [19:41:08:24][ReceiveChat]みくろ(侍):そりゃやくあり
[Info   :TownOfHost-Pko] [19:41:10:97][ReceiveChat]あそこらgrass(メイヤー):役証明できるんで
[Info   :TownOfHost-Pko] [19:41:18:16][SendChat]エクスプレス今回遅めになってる
[Info   :TownOfHost-Pko] [19:41:20:95][ReceiveChat]ひとつここの(エクスプレス):みんな役か
[Info   :TownOfHost-Pko] [19:41:24:38][SendChat]役
[Info   :TownOfHost-Pko] [19:41:25:10][ReceiveChat]ひとつここの(エクスプレス):おけ
[Info   :TownOfHost-Pko] [19:41:27:02][ReceiveChat]5号(オポチュニスト):ナーフされたか
[Info   :TownOfHost-Pko] [19:41:32:60][ReceiveChat]ひとつここの(エクスプレス):会議短くない
[Info   :TownOfHost-Pko] [19:41:36:62][MeetingVoteManager]投票: 5号(オポチュニスト) => Skip x 1 
[Info   :TownOfHost-Pko] [19:41:38:28][MeetingVoteManager]投票: みくろ(侍) => Skip x 1 
[Info   :TownOfHost-Pko] [19:41:39:14][ReceiveChat]伝カロちゃん(ドクター):確かに
[Info   :TownOfHost-Pko] [19:41:40:11][ReceiveChat]ひとつここの(エクスプレス):弾丸列車で参ります
[Info   :TownOfHost-Pko] [19:41:40:24][MeetingVoteManager]投票: 伝カロちゃん(ドクター) => Skip x 1 
[Info   :TownOfHost-Pko] [19:41:40:26][MeetingVoteManager]投票: Rの名無しさん(ジャッカル) => Skip x 1 
[Info   :TownOfHost-Pko] [19:41:41:38][MeetingVoteManager]投票: ひとつここの(エクスプレス) => Skip x 1 
[Info   :TownOfHost-Pko] [19:41:43:33][ReceiveChat]あそこらgrass(メイヤー):役もち居たら黒なのね
[Info   :TownOfHost-Pko] [19:41:44:75][MeetingVoteManager]あそこらgrass(メイヤー) が あそこらgrass(メイヤー) の投票数を 3 に変更します
[Info   :TownOfHost-Pko] [19:41:44:75][MeetingVoteManager]投票: あそこらgrass(メイヤー) => Skip x 3 
[Warning:TownOfHost-Pko] [19:41:44:78][GetCustomRole]TownOfHost.Modules.MeetingVoteManager.CountVotesがCustomRoleを取得しようとしましたが、対象がnullでした。
[Info   :TownOfHost-Pko] [19:41:44:79][VoteCount]スキップ => 8
[Info   :TownOfHost-Pko] [19:41:44:80][MeetingVoteManager]最多得票者: Skip
[Info   :TownOfHost-Pko] [19:41:44:80][MeetingVoteManager]追放者: スキップ で会議を終了します
[Info   :TownOfHost-Pko] [19:41:48:74][AntiBlackout]SetIsDead is called from EndMeeting
[Info   :TownOfHost-Pko] [19:41:48:75][AntiBlackout]SendGameData is called from SetIsDead
[Info   :TownOfHost-Pko] [19:41:48:76][AntiBlackout]Rの名無しさん => Impostor
[Info   :TownOfHost-Pko] [19:41:48:76][AntiBlackout]伝カロちゃん => Crewmate
[Info   :TownOfHost-Pko] [19:41:48:76][AntiBlackout]みくろ => Crewmate
[Info   :TownOfHost-Pko] [19:41:48:76][AntiBlackout]あそこらgrass => Crewmate
[Info   :TownOfHost-Pko] [19:41:48:76][AntiBlackout]5号 => Crewmate
[Info   :TownOfHost-Pko] [19:41:48:76][AntiBlackout]ひとつここの => Crewmate
[Info   :TownOfHost-Pko] [19:41:48:76][LateTask]"LateAntiBlackoutSet"is end
[Info   :TownOfHost-Pko] [19:41:50:78][Phase]------------会議終了------------
[Info   :TownOfHost-Pko] [19:41:58:22][AntiBlackout]RestoreIsDead is called from WrapUpPostfix
[Info   :TownOfHost-Pko] [19:41:58:22][CountAlivePlayers]Crew:4/4, Impostor:1/1, Jackal:1/1, All:6/6
[Info   :TownOfHost-Pko] [19:41:58:25][LateTask]"ShowChatAfterMeeting" is created
[Info   :TownOfHost-Pko] [19:41:58:25][LateTask]"Restore IsDead Task" is created
[Info   :TownOfHost-Pko] [19:41:58:25][LateTask]"AfterMeetingDeathPlayers Task" is created
[Info   :TownOfHost-Pko] [19:41:58:28][LateTask]"Tuihoufin" is created
[Info   :TownOfHost-Pko] [19:41:58:70][LateTask]"ShowChatAfterMeeting"is finished
[Info   :TownOfHost-Pko] [19:41:58:70][LateTask]"Restore IsDead Task"is finished
[Info   :TownOfHost-Pko] [19:41:58:71][UpdateSystem]SystemType: Reactor, PlayerName: Rの名無しさん(ジャッカル), amount: 128
[Info   :TownOfHost-Pko] [19:41:58:72][LateTask]"Fix Reactor" is created
[Info   :TownOfHost-Pko] [19:41:58:73][RpcResetAbilityCooldown]アビリティクールダウンのリセット:Rの名無しさん(0)
[Info   :TownOfHost-Pko] [19:41:58:73][RpcResetAbilityCooldown]アビリティクールダウンのリセット:伝カロちゃん(1)
[Info   :TownOfHost-Pko] [19:41:58:73][RpcResetAbilityCooldown]アビリティクールダウンのリセット:みくろ(2)
[Info   :TownOfHost-Pko] [19:41:58:74][RpcResetAbilityCooldown]アビリティクールダウンのリセット:あそこらgrass(3)
[Info   :TownOfHost-Pko] [19:41:58:74][RpcResetAbilityCooldown]アビリティクールダウンのリセット:5号(4)
[Info   :TownOfHost-Pko] [19:41:58:74][RpcResetAbilityCooldown]アビリティクールダウンのリセット:ひとつここの(5)
[Info   :TownOfHost-Pko] [19:41:58:74][Phase]タスクフェイズ開始
[Info   :TownOfHost-Pko] [19:41:58:74][LateTask]"AfterMeetingDeathPlayers Task"is finished
[Info   :TownOfHost-Pko] [19:41:58:80][LateTask]"AfterMeetingDeathPlayer"is end
[Info   :TownOfHost-Pko] [19:41:58:94][RpcResetAbilityCooldown]アビリティクールダウンのリセット:Rの名無しさん(0)
[Info   :TownOfHost-Pko] [19:41:58:94][RpcResetAbilityCooldown]アビリティクールダウンのリセット:伝カロちゃん(1)
[Info   :TownOfHost-Pko] [19:41:58:94][RpcResetAbilityCooldown]アビリティクールダウンのリセット:みくろ(2)
[Info   :TownOfHost-Pko] [19:41:58:94][RpcResetAbilityCooldown]アビリティクールダウンのリセット:あそこらgrass(3)
[Info   :TownOfHost-Pko] [19:41:58:94][RpcResetAbilityCooldown]アビリティクールダウンのリセット:5号(4)
[Info   :TownOfHost-Pko] [19:41:58:94][RpcResetAbilityCooldown]アビリティクールダウンのリセット:ひとつここの(5)
[Info   :TownOfHost-Pko] [19:41:58:99][UpdateSystem]SystemType: Reactor, PlayerName: Rの名無しさん(ジャッカル), amount: 16
[Info   :TownOfHost-Pko] [19:41:58:99][LateTask]"Fix Reactor"is finished
[Info   :TownOfHost-Pko] [19:41:59:16][MurderPlayer]Rの名無しさん(ジャッカル) => Rの名無しさん(ジャッカル) (FailedProtected)
[Info   :TownOfHost-Pko] [19:42:01:41][LateTask]"Tuihoufin"is finished
[Info   :TownOfHost-Pko] [19:42:09:60][CompleteTask]TaskComplete:ひとつここの(エクスプレス) 8
[Info   :TownOfHost-Pko] [19:42:09:60][TaskState.Update]ひとつここの(エクスプレス): UpdateTask
[Info   :TownOfHost-Pko] [19:42:09:60][TaskState.Update]TotalTaskCounts = 1/27
[Info   :TownOfHost-Pko] [19:42:09:60][TaskState.Update]ひとつここの(エクスプレス): TaskCounts = 1/9
[Info   :TownOfHost-Pko] [19:42:09:60][TaskState.Update]TotalTaskCounts = 1/27
[Info   :TownOfHost-Pko] [19:42:16:36][CompleteTask]TaskComplete:伝カロちゃん(ドクター) 4
[Info   :TownOfHost-Pko] [19:42:16:36][TaskState.Update]伝カロちゃん(ドクター): UpdateTask
[Info   :TownOfHost-Pko] [19:42:16:36][TaskState.Update]TotalTaskCounts = 2/27
[Info   :TownOfHost-Pko] [19:42:16:36][TaskState.Update]伝カロちゃん(ドクター): TaskCounts = 1/9
[Info   :TownOfHost-Pko] [19:42:16:36][TaskState.Update]TotalTaskCounts = 2/27
[Info   :TownOfHost-Pko] [19:42:18:26][CompleteTask]TaskComplete:ひとつここの(エクスプレス) 3
[Info   :TownOfHost-Pko] [19:42:18:26][TaskState.Update]ひとつここの(エクスプレス): UpdateTask
[Info   :TownOfHost-Pko] [19:42:18:26][TaskState.Update]TotalTaskCounts = 3/27
[Info   :TownOfHost-Pko] [19:42:18:26][TaskState.Update]ひとつここの(エクスプレス): TaskCounts = 2/9
[Info   :TownOfHost-Pko] [19:42:18:26][TaskState.Update]TotalTaskCounts = 3/27
[Info   :TownOfHost-Pko] [19:42:20:98][CompleteTask]TaskComplete:あそこらgrass(メイヤー) 3
[Info   :TownOfHost-Pko] [19:42:20:98][TaskState.Update]あそこらgrass(メイヤー): UpdateTask
[Info   :TownOfHost-Pko] [19:42:20:98][TaskState.Update]TotalTaskCounts = 4/27
[Info   :TownOfHost-Pko] [19:42:20:98][TaskState.Update]あそこらgrass(メイヤー): TaskCounts = 1/9
[Info   :TownOfHost-Pko] [19:42:20:98][TaskState.Update]TotalTaskCounts = 4/27
[Info   :TownOfHost-Pko] [19:42:24:59][CompleteTask]TaskComplete:ひとつここの(エクスプレス) 0
[Info   :TownOfHost-Pko] [19:42:24:59][TaskState.Update]ひとつここの(エクスプレス): UpdateTask
[Info   :TownOfHost-Pko] [19:42:24:59][TaskState.Update]TotalTaskCounts = 5/27
[Info   :TownOfHost-Pko] [19:42:24:59][TaskState.Update]ひとつここの(エクスプレス): TaskCounts = 3/9
[Info   :TownOfHost-Pko] [19:42:24:60][TaskState.Update]TotalTaskCounts = 5/27
[Info   :TownOfHost-Pko] [19:42:27:83][CompleteTask]TaskComplete:あそこらgrass(メイヤー) 7
[Info   :TownOfHost-Pko] [19:42:27:83][TaskState.Update]あそこらgrass(メイヤー): UpdateTask
[Info   :TownOfHost-Pko] [19:42:27:83][TaskState.Update]TotalTaskCounts = 6/27
[Info   :TownOfHost-Pko] [19:42:27:83][TaskState.Update]あそこらgrass(メイヤー): TaskCounts = 2/9
[Info   :TownOfHost-Pko] [19:42:27:83][TaskState.Update]TotalTaskCounts = 6/27
[Info   :TownOfHost-Pko] [19:42:28:19][CompleteTask]TaskComplete:伝カロちゃん(ドクター) 5
[Info   :TownOfHost-Pko] [19:42:28:19][TaskState.Update]伝カロちゃん(ドクター): UpdateTask
[Info   :TownOfHost-Pko] [19:42:28:19][TaskState.Update]TotalTaskCounts = 7/27
[Info   :TownOfHost-Pko] [19:42:28:19][TaskState.Update]伝カロちゃん(ドクター): TaskCounts = 2/9
[Info   :TownOfHost-Pko] [19:42:28:20][TaskState.Update]TotalTaskCounts = 7/27
[Error  :Il2CppInterop] During invoking native->managed trampoline
Exception: Il2CppInterop.Runtime.Il2CppException: System.NullReferenceException: routine is null
--- BEGIN IL2CPP STACK TRACE ---
System.NullReferenceException: routine is null
  at UnityEngine.MonoBehaviour.StartCoroutine (System.Collections.IEnumerator routine) [0x00000] in <00000000000000000000000000000000>:0 
  at PlayerPhysics.HandleRpc (System.Byte callId, Hazel.MessageReader reader) [0x00000] in <00000000000000000000000000000000>:0 
  at InnerNet.InnerNetClient+<HandleGameDataInner>d__168.MoveNext () [0x00000] in <00000000000000000000000000000000>:0 
  at UnityEngine.SetupCoroutine.InvokeMoveNext (System.Collections.IEnumerator enumerator, System.IntPtr returnValueAddress) [0x00000] in <00000000000000000000000000000000>:0 
  at UnityEngine.MonoBehaviour.StartCoroutine (System.Collections.IEnumerator routine) [0x00000] in <00000000000000000000000000000000>:0 
  at InnerNet.InnerNetClient.HandleGameData (Hazel.MessageReader parentReader) [0x00000] in <00000000000000000000000000000000>:0 
  at InnerNet.InnerNetClient+<>c__DisplayClass98_4.<HandleMessage>b__9 () [0x00000] in <00000000000000000000000000000000>:0 
  at InnerNet.InnerNetClient.Update () [0x00000] in <00000000000000000000000000000000>:0 
--- END IL2CPP STACK TRACE ---

   at Il2CppInterop.Runtime.Il2CppException.RaiseExceptionIfNecessary(IntPtr returnedException) in /home/runner/work/Il2CppInterop/Il2CppInterop/Il2CppInterop.Runtime/Il2CppException.cs:line 36
   at DMD<PlayerPhysics::HandleRpc>(PlayerPhysics this, Byte callId, MessageReader reader)
   at (il2cpp -> managed) HandleRpc(IntPtr , Byte , IntPtr , Il2CppMethodInfo* )
[Info   :TownOfHost-Pko] [19:42:38:85][ReportDeadBody]伝カロちゃん(ドクター) => null
[Info   :TownOfHost-Pko] [19:42:38:85][LateTask]"SetSkin" is created
[Info   :TownOfHost-Pko] [19:42:39:18][LateTask]"SetSkin"is finished
[Info   :TownOfHost-Pko] [19:42:39:42][MeetingTimeManager.OnReportDeadBody]DiscussionTime:0, VotingTime60
[Info   :TownOfHost-Pko] [19:42:39:42][UpdateSystem]SystemType: Laboratory, PlayerName: Rの名無しさん(ジャッカル), amount: 16
[Info   :TownOfHost-Pko] [19:42:39:42][UpdateSystem]SystemType: Reactor, PlayerName: Rの名無しさん(ジャッカル), amount: 16
[Info   :TownOfHost-Pko] [19:42:39:42][UpdateSystem]SystemType: LifeSupp, PlayerName: Rの名無しさん(ジャッカル), amount: 16
[Info   :TownOfHost-Pko] [19:42:39:46][Phase]------------会議開始　day:1------------
[Info   :TownOfHost-Pko] [19:42:42:42][LateTask]"sendroleinfo" is created
[Info   :TownOfHost-Pko] [19:42:43:02][ReceiveChat]5号(オポチュニスト):なぼ
[Info   :TownOfHost-Pko] [19:42:43:41][LateTask]"sendroleinfo"is finished
[Info   :TownOfHost-Pko] [19:42:45:69][ReceiveChat]伝カロちゃん(ドクター):よし
[Info   :TownOfHost-Pko] [19:42:45:94][ReceiveChat]ひとつここの(エクスプレス):なぼ
[Info   :TownOfHost-Pko] [19:42:47:99][SendChat]ないす
[Info   :TownOfHost-Pko] [19:42:53:14][MeetingVoteManager]投票: 5号(オポチュニスト) => Skip x 1 
[Info   :TownOfHost-Pko] [19:42:55:11][MeetingVoteManager]投票: ひとつここの(エクスプレス) => Skip x 1 
[Info   :TownOfHost-Pko] [19:42:56:16][ReceiveChat]あそこらgrass(メイヤー):通信終わるタイミングでボタンかい
[Info   :TownOfHost-Pko] [19:42:59:82][MeetingVoteManager]投票: 伝カロちゃん(ドクター) => Skip x 1 
[Info   :TownOfHost-Pko] [19:43:02:26][MeetingVoteManager]投票: みくろ(侍) => Skip x 1 
[Info   :TownOfHost-Pko] [19:43:02:34][ReceiveChat]5号(オポチュニスト):今回結構視界狭いのね
[Info   :TownOfHost-Pko] [19:43:05:48][SendChat]全員生存だと会議短い設定
[Info   :TownOfHost-Pko] [19:43:09:16][ReceiveChat]あそこらgrass(メイヤー):メイヤーco
[Info   :TownOfHost-Pko] [19:43:13:18][ReceiveChat]5号(オポチュニスト):ほう
[Info   :TownOfHost-Pko] [19:43:13:41][SendChat]おけ
[Info   :TownOfHost-Pko] [19:43:15:76][ReceiveChat]ひとつここの(エクスプレス):なるほどかしこい
[Info   :TownOfHost-Pko] [19:43:21:33][ReceiveChat]あそこらgrass(メイヤー):多く表を入れれます
[Info   :TownOfHost-Pko] [19:43:24:10][MeetingVoteManager]あそこらgrass(メイヤー) が あそこらgrass(メイヤー) の投票数を 3 に変更します
[Info   :TownOfHost-Pko] [19:43:24:10][MeetingVoteManager]投票: あそこらgrass(メイヤー) => あそこらgrass(メイヤー) x 3 
[Info   :TownOfHost-Pko] [19:43:26:76][MeetingVoteManager]投票: Rの名無しさん(ジャッカル) => Skip x 1 
[Warning:TownOfHost-Pko] [19:43:26:76][GetCustomRole]TownOfHost.Modules.MeetingVoteManager.CountVotesがCustomRoleを取得しようとしましたが、対象がnullでした。
[Info   :TownOfHost-Pko] [19:43:26:76][VoteCount]あそこらgrass => 3
[Info   :TownOfHost-Pko] [19:43:26:76][VoteCount]スキップ => 5
[Info   :TownOfHost-Pko] [19:43:26:76][MeetingVoteManager]最多得票者: Skip
[Info   :TownOfHost-Pko] [19:43:26:76][MeetingVoteManager]追放者: スキップ で会議を終了します
[Info   :TownOfHost-Pko] [19:43:28:10][ReceiveChat]ひとつここの(エクスプレス):/now role
[Info   :TownOfHost-Pko] [19:43:30:76][AntiBlackout]SetIsDead is called from EndMeeting
[Info   :TownOfHost-Pko] [19:43:30:76][AntiBlackout]SendGameData is called from SetIsDead
[Info   :TownOfHost-Pko] [19:43:30:76][AntiBlackout]Rの名無しさん => Impostor
[Info   :TownOfHost-Pko] [19:43:30:76][AntiBlackout]伝カロちゃん => Crewmate
[Info   :TownOfHost-Pko] [19:43:30:76][AntiBlackout]みくろ => Crewmate
[Info   :TownOfHost-Pko] [19:43:30:76][AntiBlackout]あそこらgrass => Crewmate
[Info   :TownOfHost-Pko] [19:43:30:76][AntiBlackout]5号 => Crewmate
[Info   :TownOfHost-Pko] [19:43:30:76][AntiBlackout]ひとつここの => Crewmate
[Info   :TownOfHost-Pko] [19:43:30:76][LateTask]"LateAntiBlackoutSet"is end
[Info   :TownOfHost-Pko] [19:43:32:79][Phase]------------会議終了------------
[Info   :TownOfHost-Pko] [19:43:40:24][AntiBlackout]RestoreIsDead is called from WrapUpPostfix
[Info   :TownOfHost-Pko] [19:43:40:24][CountAlivePlayers]Crew:4/4, Impostor:1/1, Jackal:1/1, All:6/6
[Info   :TownOfHost-Pko] [19:43:40:25][LateTask]"ShowChatAfterMeeting" is created
[Info   :TownOfHost-Pko] [19:43:40:25][LateTask]"Restore IsDead Task" is created
[Info   :TownOfHost-Pko] [19:43:40:25][LateTask]"AfterMeetingDeathPlayers Task" is created
[Info   :TownOfHost-Pko] [19:43:40:28][LateTask]"Tuihoufin" is created
[Info   :TownOfHost-Pko] [19:43:40:71][LateTask]"ShowChatAfterMeeting"is finished
[Info   :TownOfHost-Pko] [19:43:40:71][LateTask]"Restore IsDead Task"is finished
[Info   :TownOfHost-Pko] [19:43:40:73][UpdateSystem]SystemType: Reactor, PlayerName: Rの名無しさん(ジャッカル), amount: 128
[Info   :TownOfHost-Pko] [19:43:40:73][LateTask]"Fix Reactor" is created
[Info   :TownOfHost-Pko] [19:43:40:73][RpcResetAbilityCooldown]アビリティクールダウンのリセット:Rの名無しさん(0)
[Info   :TownOfHost-Pko] [19:43:40:73][RpcResetAbilityCooldown]アビリティクールダウンのリセット:伝カロちゃん(1)
[Info   :TownOfHost-Pko] [19:43:40:73][RpcResetAbilityCooldown]アビリティクールダウンのリセット:みくろ(2)
[Info   :TownOfHost-Pko] [19:43:40:74][RpcResetAbilityCooldown]アビリティクールダウンのリセット:あそこらgrass(3)
[Info   :TownOfHost-Pko] [19:43:40:74][RpcResetAbilityCooldown]アビリティクールダウンのリセット:5号(4)
[Info   :TownOfHost-Pko] [19:43:40:74][RpcResetAbilityCooldown]アビリティクールダウンのリセット:ひとつここの(5)
[Info   :TownOfHost-Pko] [19:43:40:74][Phase]タスクフェイズ開始
[Info   :TownOfHost-Pko] [19:43:40:74][LateTask]"AfterMeetingDeathPlayers Task"is finished
[Info   :TownOfHost-Pko] [19:43:40:81][LateTask]"AfterMeetingDeathPlayer"is end
[Info   :TownOfHost-Pko] [19:43:40:95][RpcResetAbilityCooldown]アビリティクールダウンのリセット:Rの名無しさん(0)
[Info   :TownOfHost-Pko] [19:43:40:95][RpcResetAbilityCooldown]アビリティクールダウンのリセット:伝カロちゃん(1)
[Info   :TownOfHost-Pko] [19:43:40:95][RpcResetAbilityCooldown]アビリティクールダウンのリセット:みくろ(2)
[Info   :TownOfHost-Pko] [19:43:40:95][RpcResetAbilityCooldown]アビリティクールダウンのリセット:あそこらgrass(3)
[Info   :TownOfHost-Pko] [19:43:40:95][RpcResetAbilityCooldown]アビリティクールダウンのリセット:5号(4)
[Info   :TownOfHost-Pko] [19:43:40:95][RpcResetAbilityCooldown]アビリティクールダウンのリセット:ひとつここの(5)
[Info   :TownOfHost-Pko] [19:43:41:01][UpdateSystem]SystemType: Reactor, PlayerName: Rの名無しさん(ジャッカル), amount: 16
[Info   :TownOfHost-Pko] [19:43:41:01][LateTask]"Fix Reactor"is finished
[Info   :TownOfHost-Pko] [19:43:41:16][MurderPlayer]Rの名無しさん(ジャッカル) => Rの名無しさん(ジャッカル) (FailedProtected)
[Info   :TownOfHost-Pko] [19:43:43:44][LateTask]"Tuihoufin"is finished
[Info   :TownOfHost-Pko] [19:43:48:66][CompleteTask]TaskComplete:あそこらgrass(メイヤー) 1
[Info   :TownOfHost-Pko] [19:43:48:66][TaskState.Update]あそこらgrass(メイヤー): UpdateTask
[Info   :TownOfHost-Pko] [19:43:48:66][TaskState.Update]TotalTaskCounts = 8/27
[Info   :TownOfHost-Pko] [19:43:48:66][TaskState.Update]あそこらgrass(メイヤー): TaskCounts = 3/9
[Info   :TownOfHost-Pko] [19:43:48:67][TaskState.Update]TotalTaskCounts = 8/27
[Info   :TownOfHost-Pko] [19:44:00:45][CompleteTask]TaskComplete:ひとつここの(エクスプレス) 4
[Info   :TownOfHost-Pko] [19:44:00:45][TaskState.Update]ひとつここの(エクスプレス): UpdateTask
[Info   :TownOfHost-Pko] [19:44:00:45][TaskState.Update]TotalTaskCounts = 9/27
[Info   :TownOfHost-Pko] [19:44:00:45][TaskState.Update]ひとつここの(エクスプレス): TaskCounts = 4/9
[Info   :TownOfHost-Pko] [19:44:00:45][TaskState.Update]TotalTaskCounts = 9/27
[Info   :TownOfHost-Pko] [19:44:01:37][CompleteTask]TaskComplete:伝カロちゃん(ドクター) 1
[Info   :TownOfHost-Pko] [19:44:01:37][TaskState.Update]伝カロちゃん(ドクター): UpdateTask
[Info   :TownOfHost-Pko] [19:44:01:37][TaskState.Update]TotalTaskCounts = 10/27
[Info   :TownOfHost-Pko] [19:44:01:37][TaskState.Update]伝カロちゃん(ドクター): TaskCounts = 3/9
[Info   :TownOfHost-Pko] [19:44:01:37][TaskState.Update]TotalTaskCounts = 10/27
[Info   :TownOfHost-Pko] [19:44:05:19][CompleteTask]TaskComplete:伝カロちゃん(ドクター) 2
[Info   :TownOfHost-Pko] [19:44:05:19][TaskState.Update]伝カロちゃん(ドクター): UpdateTask
[Info   :TownOfHost-Pko] [19:44:05:19][TaskState.Update]TotalTaskCounts = 11/27
[Info   :TownOfHost-Pko] [19:44:05:19][TaskState.Update]伝カロちゃん(ドクター): TaskCounts = 4/9
[Info   :TownOfHost-Pko] [19:44:05:19][TaskState.Update]TotalTaskCounts = 11/27
[Info   :TownOfHost-Pko] [19:44:06:36][ReportDeadBody]5号(オポチュニスト) => null
[Info   :TownOfHost-Pko] [19:44:06:36][LateTask]"SetSkin" is created
[Info   :TownOfHost-Pko] [19:44:06:69][LateTask]"SetSkin"is finished
[Info   :TownOfHost-Pko] [19:44:06:93][MeetingTimeManager.OnReportDeadBody]DiscussionTime:0, VotingTime60
[Info   :TownOfHost-Pko] [19:44:06:93][UpdateSystem]SystemType: Laboratory, PlayerName: Rの名無しさん(ジャッカル), amount: 16
[Info   :TownOfHost-Pko] [19:44:06:93][UpdateSystem]SystemType: Reactor, PlayerName: Rの名無しさん(ジャッカル), amount: 16
[Info   :TownOfHost-Pko] [19:44:06:93][UpdateSystem]SystemType: LifeSupp, PlayerName: Rの名無しさん(ジャッカル), amount: 16
[Info   :TownOfHost-Pko] [19:44:06:97][Phase]------------会議開始　day:2------------
[Info   :TownOfHost-Pko] [19:44:09:94][LateTask]"sendroleinfo" is created
[Info   :TownOfHost-Pko] [19:44:10:92][LateTask]"sendroleinfo"is finished
[Info   :TownOfHost-Pko] [19:44:11:70][ReceiveChat]伝カロちゃん(ドクター):ないす
[Info   :TownOfHost-Pko] [19:44:14:19][ReceiveChat]あそこらgrass(メイヤー):なぼ
[Info   :TownOfHost-Pko] [19:44:14:57][SendChat]ないす
[Info   :TownOfHost-Pko] [19:44:15:84][MeetingVoteManager]あそこらgrass(メイヤー) が あそこらgrass(メイヤー) の投票数を 3 に変更します
[Info   :TownOfHost-Pko] [19:44:15:84][MeetingVoteManager]投票: あそこらgrass(メイヤー) => Skip x 3 
[Info   :TownOfHost-Pko] [19:44:18:09][MeetingVoteManager]投票: ひとつここの(エクスプレス) => Skip x 1 
[Info   :TownOfHost-Pko] [19:44:18:10][MeetingVoteManager]投票: みくろ(侍) => Skip x 1 
[Info   :TownOfHost-Pko] [19:44:20:64][MeetingVoteManager]投票: 伝カロちゃん(ドクター) => Skip x 1 
[Info   :TownOfHost-Pko] [19:44:23:95][MeetingVoteManager]投票: Rの名無しさん(ジャッカル) => Skip x 1 
[Info   :TownOfHost-Pko] [19:44:25:87][MeetingVoteManager]投票: 5号(オポチュニスト) => Skip x 1 
[Warning:TownOfHost-Pko] [19:44:25:87][GetCustomRole]TownOfHost.Modules.MeetingVoteManager.CountVotesがCustomRoleを取得しようとしましたが、対象がnullでした。
[Info   :TownOfHost-Pko] [19:44:25:87][VoteCount]スキップ => 8
[Info   :TownOfHost-Pko] [19:44:25:87][MeetingVoteManager]最多得票者: Skip
[Info   :TownOfHost-Pko] [19:44:25:87][MeetingVoteManager]追放者: スキップ で会議を終了します
[Info   :TownOfHost-Pko] [19:44:29:85][AntiBlackout]SetIsDead is called from EndMeeting
[Info   :TownOfHost-Pko] [19:44:29:85][AntiBlackout]SendGameData is called from SetIsDead
[Info   :TownOfHost-Pko] [19:44:29:85][AntiBlackout]Rの名無しさん => Impostor
[Info   :TownOfHost-Pko] [19:44:29:85][AntiBlackout]伝カロちゃん => Crewmate
[Info   :TownOfHost-Pko] [19:44:29:85][AntiBlackout]みくろ => Crewmate
[Info   :TownOfHost-Pko] [19:44:29:85][AntiBlackout]あそこらgrass => Crewmate
[Info   :TownOfHost-Pko] [19:44:29:85][AntiBlackout]5号 => Crewmate
[Info   :TownOfHost-Pko] [19:44:29:85][AntiBlackout]ひとつここの => Crewmate
[Info   :TownOfHost-Pko] [19:44:29:85][LateTask]"LateAntiBlackoutSet"is end
[Info   :TownOfHost-Pko] [19:44:31:86][Phase]------------会議終了------------
[Info   :TownOfHost-Pko] [19:44:39:29][AntiBlackout]RestoreIsDead is called from WrapUpPostfix
[Info   :TownOfHost-Pko] [19:44:39:29][CountAlivePlayers]Crew:4/4, Impostor:1/1, Jackal:1/1, All:6/6
[Info   :TownOfHost-Pko] [19:44:39:29][LateTask]"ShowChatAfterMeeting" is created
[Info   :TownOfHost-Pko] [19:44:39:29][LateTask]"Restore IsDead Task" is created
[Info   :TownOfHost-Pko] [19:44:39:29][LateTask]"AfterMeetingDeathPlayers Task" is created
[Info   :TownOfHost-Pko] [19:44:39:30][LateTask]"Tuihoufin" is created
[Info   :TownOfHost-Pko] [19:44:39:77][LateTask]"ShowChatAfterMeeting"is finished
[Info   :TownOfHost-Pko] [19:44:39:77][LateTask]"Restore IsDead Task"is finished
[Info   :TownOfHost-Pko] [19:44:39:81][UpdateSystem]SystemType: Reactor, PlayerName: Rの名無しさん(ジャッカル), amount: 128
[Info   :TownOfHost-Pko] [19:44:39:81][LateTask]"Fix Reactor" is created
[Info   :TownOfHost-Pko] [19:44:39:81][RpcResetAbilityCooldown]アビリティクールダウンのリセット:Rの名無しさん(0)
[Info   :TownOfHost-Pko] [19:44:39:81][RpcResetAbilityCooldown]アビリティクールダウンのリセット:伝カロちゃん(1)
[Info   :TownOfHost-Pko] [19:44:39:81][RpcResetAbilityCooldown]アビリティクールダウンのリセット:みくろ(2)
[Info   :TownOfHost-Pko] [19:44:39:81][RpcResetAbilityCooldown]アビリティクールダウンのリセット:あそこらgrass(3)
[Info   :TownOfHost-Pko] [19:44:39:81][RpcResetAbilityCooldown]アビリティクールダウンのリセット:5号(4)
[Info   :TownOfHost-Pko] [19:44:39:81][RpcResetAbilityCooldown]アビリティクールダウンのリセット:ひとつここの(5)
[Info   :TownOfHost-Pko] [19:44:39:81][Phase]タスクフェイズ開始
[Info   :TownOfHost-Pko] [19:44:39:81][LateTask]"AfterMeetingDeathPlayers Task"is finished
[Info   :TownOfHost-Pko] [19:44:39:87][LateTask]"AfterMeetingDeathPlayer"is end
[Info   :TownOfHost-Pko] [19:44:40:03][RpcResetAbilityCooldown]アビリティクールダウンのリセット:Rの名無しさん(0)
[Info   :TownOfHost-Pko] [19:44:40:03][RpcResetAbilityCooldown]アビリティクールダウンのリセット:伝カロちゃん(1)
[Info   :TownOfHost-Pko] [19:44:40:03][RpcResetAbilityCooldown]アビリティクールダウンのリセット:みくろ(2)
[Info   :TownOfHost-Pko] [19:44:40:03][RpcResetAbilityCooldown]アビリティクールダウンのリセット:あそこらgrass(3)
[Info   :TownOfHost-Pko] [19:44:40:03][RpcResetAbilityCooldown]アビリティクールダウンのリセット:5号(4)
[Info   :TownOfHost-Pko] [19:44:40:03][RpcResetAbilityCooldown]アビリティクールダウンのリセット:ひとつここの(5)
[Info   :TownOfHost-Pko] [19:44:40:09][UpdateSystem]SystemType: Reactor, PlayerName: Rの名無しさん(ジャッカル), amount: 16
[Info   :TownOfHost-Pko] [19:44:40:09][LateTask]"Fix Reactor"is finished
[Info   :TownOfHost-Pko] [19:44:40:24][MurderPlayer]Rの名無しさん(ジャッカル) => Rの名無しさん(ジャッカル) (FailedProtected)
[Info   :TownOfHost-Pko] [19:44:42:51][LateTask]"Tuihoufin"is finished
[Info   :TownOfHost-Pko] [19:44:51:51][CompleteTask]TaskComplete:あそこらgrass(メイヤー) 0
[Info   :TownOfHost-Pko] [19:44:51:51][TaskState.Update]あそこらgrass(メイヤー): UpdateTask
[Info   :TownOfHost-Pko] [19:44:51:51][TaskState.Update]TotalTaskCounts = 12/27
[Info   :TownOfHost-Pko] [19:44:51:51][TaskState.Update]あそこらgrass(メイヤー): TaskCounts = 4/9
[Info   :TownOfHost-Pko] [19:44:51:51][TaskState.Update]TotalTaskCounts = 12/27
[Info   :TownOfHost-Pko] [19:45:08:94][CompleteTask]TaskComplete:ひとつここの(エクスプレス) 2
[Info   :TownOfHost-Pko] [19:45:08:94][TaskState.Update]ひとつここの(エクスプレス): UpdateTask
[Info   :TownOfHost-Pko] [19:45:08:94][TaskState.Update]TotalTaskCounts = 13/27
[Info   :TownOfHost-Pko] [19:45:08:94][TaskState.Update]ひとつここの(エクスプレス): TaskCounts = 5/9
[Info   :TownOfHost-Pko] [19:45:08:94][TaskState.Update]TotalTaskCounts = 13/27
[Info   :TownOfHost-Pko] [19:45:10:43][CheckMurder]Attempt  :みくろ(侍) => Rの名無しさん(ジャッカル)
[Info   :TownOfHost-Pko] [19:45:10:45][MurderPlayer]みくろ(侍) => Rの名無しさん(ジャッカル)(Protected) (Succeeded, DecisionByHost)
[Info   :TownOfHost-Pko] [19:45:10:50][PlayerControl.RpcSetRole]Rの名無しさん(ジャッカル) => ImpostorGhost
[Info   :TownOfHost-Pko] [19:45:10:53][MurderPlayer]Real Killer=みくろ(侍)
[Info   :TownOfHost-Pko] [19:45:10:54][CountAliveNeutral]生存しているニュートラル:1人
[Info   :TownOfHost-Pko] [19:45:10:54][CountAlivePlayers]Crew:4/4, Impostor:1/1, Jackal:0/1, All:5/6
[Info   :TownOfHost-Pko] [19:45:10:56][CheckMurder]Attempt  :みくろ(侍) => Rの名無しさん(ジャッカル)
[Info   :TownOfHost-Pko] [19:45:10:56][CheckMurder]targetは既に死んでいたため、キルをキャンセルしました。
[Info   :TownOfHost-Pko] [19:45:10:56][MurderPlayer]みくろ(侍) => Rの名無しさん(ジャッカル)(Protected) (FailedError, DecisionByHost)
[Info   :TownOfHost-Pko] [19:45:10:56][MurderPlayer]キルはホストによってキャンセルされました
[Error  :Il2CppInterop] During invoking native->managed trampoline
Exception: Il2CppInterop.Runtime.Il2CppException: System.NullReferenceException: routine is null
--- BEGIN IL2CPP STACK TRACE ---
System.NullReferenceException: routine is null
  at UnityEngine.MonoBehaviour.StartCoroutine (System.Collections.IEnumerator routine) [0x00000] in <00000000000000000000000000000000>:0 
  at PlayerPhysics.HandleRpc (System.Byte callId, Hazel.MessageReader reader) [0x00000] in <00000000000000000000000000000000>:0 
  at InnerNet.InnerNetClient+<HandleGameDataInner>d__168.MoveNext () [0x00000] in <00000000000000000000000000000000>:0 
  at UnityEngine.SetupCoroutine.InvokeMoveNext (System.Collections.IEnumerator enumerator, System.IntPtr returnValueAddress) [0x00000] in <00000000000000000000000000000000>:0 
  at UnityEngine.MonoBehaviour.StartCoroutine (System.Collections.IEnumerator routine) [0x00000] in <00000000000000000000000000000000>:0 
  at InnerNet.InnerNetClient.HandleGameData (Hazel.MessageReader parentReader) [0x00000] in <00000000000000000000000000000000>:0 
  at InnerNet.InnerNetClient+<>c__DisplayClass98_4.<HandleMessage>b__9 () [0x00000] in <00000000000000000000000000000000>:0 
  at InnerNet.InnerNetClient.Update () [0x00000] in <00000000000000000000000000000000>:0 
--- END IL2CPP STACK TRACE ---

   at Il2CppInterop.Runtime.Il2CppException.RaiseExceptionIfNecessary(IntPtr returnedException) in /home/runner/work/Il2CppInterop/Il2CppInterop/Il2CppInterop.Runtime/Il2CppException.cs:line 36
   at DMD<PlayerPhysics::HandleRpc>(PlayerPhysics this, Byte callId, MessageReader reader)
   at (il2cpp -> managed) HandleRpc(IntPtr , Byte , IntPtr , Il2CppMethodInfo* )
[Error  :Il2CppInterop] During invoking native->managed trampoline
Exception: Il2CppInterop.Runtime.Il2CppException: System.NullReferenceException: routine is null
--- BEGIN IL2CPP STACK TRACE ---
System.NullReferenceException: routine is null
  at UnityEngine.MonoBehaviour.StartCoroutine (System.Collections.IEnumerator routine) [0x00000] in <00000000000000000000000000000000>:0 
  at PlayerPhysics.HandleRpc (System.Byte callId, Hazel.MessageReader reader) [0x00000] in <00000000000000000000000000000000>:0 
  at InnerNet.InnerNetClient+<HandleGameDataInner>d__168.MoveNext () [0x00000] in <00000000000000000000000000000000>:0 
  at UnityEngine.SetupCoroutine.InvokeMoveNext (System.Collections.IEnumerator enumerator, System.IntPtr returnValueAddress) [0x00000] in <00000000000000000000000000000000>:0 
  at UnityEngine.MonoBehaviour.StartCoroutine (System.Collections.IEnumerator routine) [0x00000] in <00000000000000000000000000000000>:0 
  at InnerNet.InnerNetClient.HandleGameData (Hazel.MessageReader parentReader) [0x00000] in <00000000000000000000000000000000>:0 
  at InnerNet.InnerNetClient+<>c__DisplayClass98_4.<HandleMessage>b__9 () [0x00000] in <00000000000000000000000000000000>:0 
  at InnerNet.InnerNetClient.Update () [0x00000] in <00000000000000000000000000000000>:0 
--- END IL2CPP STACK TRACE ---

   at Il2CppInterop.Runtime.Il2CppException.RaiseExceptionIfNecessary(IntPtr returnedException) in /home/runner/work/Il2CppInterop/Il2CppInterop/Il2CppInterop.Runtime/Il2CppException.cs:line 36
   at DMD<PlayerPhysics::HandleRpc>(PlayerPhysics this, Byte callId, MessageReader reader)
   at (il2cpp -> managed) HandleRpc(IntPtr , Byte , IntPtr , Il2CppMethodInfo* )
[Info   :TownOfHost-Pko] [19:45:16:61][CompleteTask]TaskComplete:ひとつここの(エクスプレス) 7
[Info   :TownOfHost-Pko] [19:45:16:61][TaskState.Update]ひとつここの(エクスプレス): UpdateTask
[Info   :TownOfHost-Pko] [19:45:16:61][TaskState.Update]TotalTaskCounts = 14/27
[Info   :TownOfHost-Pko] [19:45:16:61][TaskState.Update]ひとつここの(エクスプレス): TaskCounts = 6/9
[Info   :TownOfHost-Pko] [19:45:16:61][TaskState.Update]TotalTaskCounts = 14/27
[Info   :TownOfHost-Pko] [19:45:32:02][ReportDeadBody]5号(オポチュニスト) => Rの名無しさん(ジャッカル)
[Info   :TownOfHost-Pko] [19:45:32:02][LateTask]"SetSkin" is created
[Info   :TownOfHost-Pko] [19:45:32:36][LateTask]"SetSkin"is finished
[Info   :TownOfHost-Pko] [19:45:32:59][MeetingTimeManager.OnReportDeadBody]DiscussionTime:0, VotingTime240
[Info   :TownOfHost-Pko] [19:45:32:59][UpdateSystem]SystemType: Laboratory, PlayerName: Rの名無しさん(ジャッカル), amount: 16
[Info   :TownOfHost-Pko] [19:45:32:59][UpdateSystem]SystemType: Reactor, PlayerName: Rの名無しさん(ジャッカル), amount: 16
[Info   :TownOfHost-Pko] [19:45:32:59][UpdateSystem]SystemType: LifeSupp, PlayerName: Rの名無しさん(ジャッカル), amount: 16
[Info   :TownOfHost-Pko] [19:45:32:62][Phase]------------会議開始　day:3------------
[Info   :TownOfHost-Pko] [19:45:32:62][PetActionPatch]Rの名無しさん が死亡したのでペットを外しました
[Info   :TownOfHost-Pko] [19:45:35:60][LateTask]"sendroleinfo" is created
[Info   :TownOfHost-Pko] [19:45:36:58][LateTask]"sendroleinfo"is finished
[Info   :TownOfHost-Pko] [19:45:38:35][ReceiveChat]あそこらgrass(メイヤー):あれま
[Info   :TownOfHost-Pko] [19:45:39:80][ReceiveChat]ひとつここの(エクスプレス):どこ
[Info   :TownOfHost-Pko] [19:45:42:88][ReceiveChat]あそこらgrass(メイヤー):ど
[Info   :TownOfHost-Pko] [19:45:45:03][ReceiveChat]5号(オポチュニスト):下部エンジンの給油口で死んでました
[Info   :TownOfHost-Pko] [19:45:49:98][ReceiveChat]伝カロちゃん(ドクター):おそらく10秒以内
[Info   :TownOfHost-Pko] [19:46:30:54][ReceiveChat]5号(オポチュニスト):直近で下部エンジン方面から出て来たのが黄緑と茶かな
[Info   :TownOfHost-Pko] [19:46:36:35][ReceiveChat]あそこらgrass(メイヤー):伝カロちょっと前エレキ奥いたよね
[Info   :TownOfHost-Pko] [19:46:38:49][ReceiveChat]伝カロちゃん(ドクター):うん
[Info   :TownOfHost-Pko] [19:46:44:65][ReceiveChat]伝カロちゃん(ドクター):ライムとたすくした
[Info   :TownOfHost-Pko] [19:46:50:97][ReceiveChat]ひとつここの(エクスプレス):最後にアドミン来たの誰だっけ
[Info   :TownOfHost-Pko] [19:47:00:65][ReceiveChat]伝カロちゃん(ドクター):僕かな
[Info   :TownOfHost-Pko] [19:47:09:94][ReceiveChat]ひとつここの(エクスプレス):わかったありがとう
[Info   :TownOfHost-Pko] [19:47:30:52][ReceiveChat]あそこらgrass(メイヤー):伝カロ怪しいね
[Info   :TownOfHost-Pko] [19:47:38:48][ReceiveChat]伝カロちゃん(ドクター):うーん
[Info   :TownOfHost-Pko] [19:47:43:49][ReceiveChat]伝カロちゃん(ドクター):ドクターなんですよ
[Info   :TownOfHost-Pko] [19:47:48:88][ReceiveChat]5号(オポチュニスト):ほう
[Info   :TownOfHost-Pko] [19:47:49:96][ReceiveChat]ひとつここの(エクスプレス):メイヤーって確白?
[Info   :TownOfHost-Pko] [19:47:59:34][ReceiveChat]伝カロちゃん(ドクター):電気室でダウンロードタスク終えた後にバイタル見たら青が死んでて
[Info   :TownOfHost-Pko] [19:48:01:01][ReceiveChat]あそこらgrass(メイヤー):証明できないからねぇ
[Info   :TownOfHost-Pko] [19:48:06:83][ReceiveChat]伝カロちゃん(ドクター):アドミン観に行こうとした
[Info   :TownOfHost-Pko] [19:48:14:01][ReceiveChat]あそこらgrass(メイヤー):役証明したよ
[Info   :TownOfHost-Pko] [19:48:14:69][ReceiveChat]5号(オポチュニスト):その時茶の周りに人は？
[Info   :TownOfHost-Pko] [19:48:18:28][ReceiveChat]ひとつここの(エクスプレス):たしかに最後アドミンきてた
[Info   :TownOfHost-Pko] [19:48:35:96][ReceiveChat]伝カロちゃん(ドクター):人は特にいなかった気がする
[Info   :TownOfHost-Pko] [19:48:40:49][ReceiveChat]伝カロちゃん(ドクター):10秒以内だからな
[Info   :TownOfHost-Pko] [19:48:52:88][ReceiveChat]5号(オポチュニスト):だと俺視点ライムが怪しいか？
[Info   :TownOfHost-Pko] [19:49:10:55][ReceiveChat]5号(オポチュニスト):茶の発言も嘘はないみたいだし
[Info   :TownOfHost-Pko] [19:49:15:95][ReceiveChat]ひとつここの(エクスプレス):みくろはどこ?
[Info   :TownOfHost-Pko] [19:49:19:36][ReceiveChat]あそこらgrass(メイヤー):自分に3票入れるからそれで証明出来る
[Info   :TownOfHost-Pko] [19:49:25:88][ReceiveChat]5号(オポチュニスト):そうか
[Info   :TownOfHost-Pko] [19:49:28:31][ReceiveChat]伝カロちゃん(ドクター):メイヤーライム
[Info   :TownOfHost-Pko] [19:49:31:80][MeetingVoteManager]投票: ひとつここの(エクスプレス) => あそこらgrass(メイヤー) x 1 
[Info   :TownOfHost-Pko] [19:49:33:10][MeetingVoteManager]あそこらgrass(メイヤー) が あそこらgrass(メイヤー) の投票数を 3 に変更します
[Info   :TownOfHost-Pko] [19:49:33:10][MeetingVoteManager]投票: あそこらgrass(メイヤー) => 伝カロちゃん(ドクター) x 3 
[Info   :TownOfHost-Pko] [19:49:34:76][ReceiveChat]みくろ(侍):カメラー
[Info   :TownOfHost-Pko] [19:49:35:26][MeetingVoteManager]投票: 5号(オポチュニスト) => みくろ(侍) x 1 
[Info   :TownOfHost-Pko] [19:49:36:96][MeetingVoteManager]投票: みくろ(侍) => Skip x 1 
[Warning:TownOfHost-Pko] [19:49:39:89][GetCustomRole]TownOfHost.Modules.MeetingVoteManager.CountVotesがCustomRoleを取得しようとしましたが、対象がnullでした。
[Info   :TownOfHost-Pko] [19:49:39:89][VoteCount]みくろ => 1
[Info   :TownOfHost-Pko] [19:49:39:89][VoteCount]あそこらgrass => 1
[Info   :TownOfHost-Pko] [19:49:39:89][VoteCount]スキップ => 1
[Info   :TownOfHost-Pko] [19:49:39:89][VoteCount]伝カロちゃん => 3
[Info   :TownOfHost-Pko] [19:49:39:89][MeetingVoteManager]最多得票者: 伝カロちゃん(ドクター)
[Info   :TownOfHost-Pko] [19:49:39:89][MeetingVoteManager]追放者: 伝カロちゃん(ドクター) で会議を終了します
[Info   :TownOfHost-Pko] [19:49:43:88][AntiBlackout]SetIsDead is called from EndMeeting
[Info   :TownOfHost-Pko] [19:49:43:88][AntiBlackout]SendGameData is called from SetIsDead
[Info   :TownOfHost-Pko] [19:49:43:90][AntiBlackout]Rの名無しさん => Crewmate
[Info   :TownOfHost-Pko] [19:49:43:90][AntiBlackout]伝カロちゃん => Crewmate
[Info   :TownOfHost-Pko] [19:49:43:90][AntiBlackout]みくろ => Impostor
[Info   :TownOfHost-Pko] [19:49:43:90][AntiBlackout]あそこらgrass => Crewmate
[Info   :TownOfHost-Pko] [19:49:43:90][AntiBlackout]5号 => Crewmate
[Info   :TownOfHost-Pko] [19:49:43:90][AntiBlackout]ひとつここの => Crewmate
[Info   :TownOfHost-Pko] [19:49:43:90][LateTask]"LateAntiBlackoutSet"is end
[Info   :TownOfHost-Pko] [19:49:44:30][ReceiveChat]伝カロちゃん(ドクター):え？
[Info   :TownOfHost-Pko] [19:49:45:92][Phase]------------会議終了------------
[Info   :TownOfHost-Pko] [19:49:53:34][PlayerControl.RpcSetRole]伝カロちゃん(ドクター) => CrewmateGhost
[Info   :TownOfHost-Pko] [19:49:53:34][RpcSetRole]AntiBlackoutが動作中だからキャンセル！
[Info   :TownOfHost-Pko] [19:49:53:35][AntiBlackout]RestoreIsDead is called from WrapUpPostfix
[Info   :TownOfHost-Pko] [19:49:53:35][CountAlivePlayers]Crew:3/4, Impostor:1/1, Jackal:0/1, All:4/6
[Info   :TownOfHost-Pko] [19:49:53:35][LateTask]"ShowChatAfterMeeting" is created
[Info   :TownOfHost-Pko] [19:49:53:35][LateTask]"Restore IsDead Task" is created
[Info   :TownOfHost-Pko] [19:49:53:35][LateTask]"AfterMeetingDeathPlayers Task" is created
[Info   :TownOfHost-Pko] [19:49:53:39][LateTask]"Tuihoufin" is created
[Info   :TownOfHost-Pko] [19:49:53:82][LateTask]"ShowChatAfterMeeting"is finished
[Info   :TownOfHost-Pko] [19:49:53:82][LateTask]"Restore IsDead Task"is finished
[Info   :TownOfHost-Pko] [19:49:53:86][UpdateSystem]SystemType: Reactor, PlayerName: Rの名無しさん(ジャッカル), amount: 128
[Info   :TownOfHost-Pko] [19:49:53:86][LateTask]"Fix Reactor" is created
[Info   :TownOfHost-Pko] [19:49:53:86][RpcResetAbilityCooldown]アビリティクールダウンのリセット:Rの名無しさん(0)
[Info   :TownOfHost-Pko] [19:49:53:86][RpcResetAbilityCooldown]アビリティクールダウンのリセット:伝カロちゃん(1)
[Info   :TownOfHost-Pko] [19:49:53:86][RpcResetAbilityCooldown]アビリティクールダウンのリセット:みくろ(2)
[Info   :TownOfHost-Pko] [19:49:53:86][RpcResetAbilityCooldown]アビリティクールダウンのリセット:あそこらgrass(3)
[Info   :TownOfHost-Pko] [19:49:53:87][RpcResetAbilityCooldown]アビリティクールダウンのリセット:5号(4)
[Info   :TownOfHost-Pko] [19:49:53:87][RpcResetAbilityCooldown]アビリティクールダウンのリセット:ひとつここの(5)
[Info   :TownOfHost-Pko] [19:49:53:87][Phase]タスクフェイズ開始
[Info   :TownOfHost-Pko] [19:49:53:87][LateTask]"AfterMeetingDeathPlayers Task"is finished
[Info   :TownOfHost-Pko] [19:49:53:92][LateTask]"AfterMeetingDeathPlayer"is end
[Info   :TownOfHost-Pko] [19:49:54:07][RpcResetAbilityCooldown]アビリティクールダウンのリセット:Rの名無しさん(0)
[Info   :TownOfHost-Pko] [19:49:54:08][RpcResetAbilityCooldown]アビリティクールダウンのリセット:伝カロちゃん(1)
[Info   :TownOfHost-Pko] [19:49:54:08][PlayerControl.RpcSetRole]伝カロちゃん(ドクター) => CrewmateGhost
[Info   :TownOfHost-Pko] [19:49:54:08][RpcResetAbilityCooldown]アビリティクールダウンのリセット:みくろ(2)
[Info   :TownOfHost-Pko] [19:49:54:08][RpcResetAbilityCooldown]アビリティクールダウンのリセット:あそこらgrass(3)
[Info   :TownOfHost-Pko] [19:49:54:08][RpcResetAbilityCooldown]アビリティクールダウンのリセット:5号(4)
[Info   :TownOfHost-Pko] [19:49:54:08][RpcResetAbilityCooldown]アビリティクールダウンのリセット:ひとつここの(5)
[Info   :TownOfHost-Pko] [19:49:54:14][UpdateSystem]SystemType: Reactor, PlayerName: Rの名無しさん(ジャッカル), amount: 16
[Info   :TownOfHost-Pko] [19:49:54:14][LateTask]"Fix Reactor"is finished
[Info   :TownOfHost-Pko] [19:49:56:56][LateTask]"Tuihoufin"is finished
[Info   :TownOfHost-Pko] [19:49:57:48][ReceiveChat]伝カロちゃん(ドクター):はあ？
[Info   :TownOfHost-Pko] [19:50:03:31][CompleteTask]TaskComplete:伝カロちゃん(ドクター) 3
[Info   :TownOfHost-Pko] [19:50:03:31][TaskState.Update]伝カロちゃん(ドクター): UpdateTask
[Info   :TownOfHost-Pko] [19:50:03:31][TaskState.Update]TotalTaskCounts = 15/27
[Info   :TownOfHost-Pko] [19:50:03:31][TaskState.Update]伝カロちゃん(ドクター): TaskCounts = 5/9
[Info   :TownOfHost-Pko] [19:50:03:31][TaskState.Update]TotalTaskCounts = 15/27
[Info   :TownOfHost-Pko] [19:50:05:30][SendChat]おっと
[Info   :TownOfHost-Pko] [19:50:08:77][ReportDeadBody]みくろ(侍) => null
[Info   :TownOfHost-Pko] [19:50:08:77][LateTask]"SetSkin" is created
[Info   :TownOfHost-Pko] [19:50:09:11][LateTask]"SetSkin"is finished
[Info   :TownOfHost-Pko] [19:50:09:34][MeetingTimeManager.OnReportDeadBody]DiscussionTime:0, VotingTime240
[Info   :TownOfHost-Pko] [19:50:09:34][UpdateSystem]SystemType: Laboratory, PlayerName: Rの名無しさん(ジャッカル), amount: 16
[Info   :TownOfHost-Pko] [19:50:09:34][UpdateSystem]SystemType: Reactor, PlayerName: Rの名無しさん(ジャッカル), amount: 16
[Info   :TownOfHost-Pko] [19:50:09:34][UpdateSystem]SystemType: LifeSupp, PlayerName: Rの名無しさん(ジャッカル), amount: 16
[Info   :TownOfHost-Pko] [19:50:09:39][Phase]------------会議開始　day:4------------
[Info   :TownOfHost-Pko] [19:50:09:40][PetActionPatch]伝カロちゃん が死亡したのでペットを外しました
[Info   :TownOfHost-Pko] [19:50:12:35][LateTask]"sendroleinfo" is created
[Info   :TownOfHost-Pko] [19:50:12:98][ReceiveChat]ひとつここの(エクスプレス):なぼ
[Info   :TownOfHost-Pko] [19:50:13:34][LateTask]"sendroleinfo"is finished
[Info   :TownOfHost-Pko] [19:50:15:09][ReceiveChat]あそこらgrass(メイヤー):まずったな
[Info   :TownOfHost-Pko] [19:50:15:22][ReceiveChat]5号(オポチュニスト):なぼ
[Info   :TownOfHost-Pko] [19:50:17:69][ReceiveChat]伝カロちゃん(ドクター):流石に終わってるって
[Info   :TownOfHost-Pko] [19:50:19:97][ReceiveChat]ひとつここの(エクスプレス):これはいったい
[Info   :TownOfHost-Pko] [19:50:33:77][ReceiveChat]みくろ(侍):インポスターってひとり?
[Info   :TownOfHost-Pko] [19:50:35:89][ReceiveChat]5号(オポチュニスト):ライム茶に居れた？
[Info   :TownOfHost-Pko] [19:50:39:29][ReceiveChat]ひとつここの(エクスプレス):ひとり
[Info   :TownOfHost-Pko] [19:50:53:44][ReceiveChat]あそこらgrass(メイヤー):茶に入れちゃった
[Info   :TownOfHost-Pko] [19:50:57:89][ReceiveChat]5号(オポチュニスト):あれま
[Info   :TownOfHost-Pko] [19:50:58:27][ReceiveChat]みくろ(侍):ありがとう
[Info   :TownOfHost-Pko] [19:51:01:39][ReceiveChat]5号(オポチュニスト):ということはだ
[Info   :TownOfHost-Pko] [19:51:08:89][ReceiveChat]5号(オポチュニスト):消去法でおれんじか
[Info   :TownOfHost-Pko] [19:51:16:07][ReceiveChat]あそこらgrass(メイヤー):かなー
[Info   :TownOfHost-Pko] [19:51:16:99][ReceiveChat]ひとつここの(エクスプレス):イビルメイヤーとかいないんだったら
[Info   :TownOfHost-Pko] [19:51:21:47][ReceiveChat]ひとつここの(エクスプレス):だね
[Info   :TownOfHost-Pko] [19:51:33:78][ReceiveChat]みくろ(侍):消去法で5号さんなる
[Info   :TownOfHost-Pko] [19:51:37:39][ReceiveChat]5号(オポチュニスト):なぜ
[Info   :TownOfHost-Pko] [19:51:45:72][ReceiveChat]5号(オポチュニスト):俺は死体発見者やぞ
[Info   :TownOfHost-Pko] [19:51:52:71][ReceiveChat]あそこらgrass(メイヤー):5号が擦り付けてるとも捉えられる
[Info   :TownOfHost-Pko] [19:51:58:39][ReceiveChat]伝カロちゃん(ドクター):ええ
[Info   :TownOfHost-Pko] [19:52:03:28][ReceiveChat]みくろ(侍):だtってエクスプレスとメイヤーでしょ?白とライム
[Info   :TownOfHost-Pko] [19:52:14:31][ReceiveChat]ひとつここの(エクスプレス):うん
[Info   :TownOfHost-Pko] [19:52:19:78][ReceiveChat]みくろ(侍):セルフなんかなあ・・・って
[Info   :TownOfHost-Pko] [19:52:27:21][ReceiveChat]あそこらgrass(メイヤー):けどここ5号黒なら擦り付けずに行く気がする
[Info   :TownOfHost-Pko] [19:52:33:80][ReceiveChat]ひとつここの(エクスプレス):ありえはするよね
[Info   :TownOfHost-Pko] [19:52:52:05][ReceiveChat]あそこらgrass(メイヤー):どっちだこれ...
[Info   :TownOfHost-Pko] [19:52:58:31][ReceiveChat]ひとつここの(エクスプレス):カロの10秒が本当ってことならさ
[Info   :TownOfHost-Pko] [19:53:05:23][ReceiveChat]5号(オポチュニスト):でも茶の発言通りならキル発生時点ではライムとガソリン補給してたんよ
[Info   :TownOfHost-Pko] [19:53:09:90][ReceiveChat]5号(オポチュニスト):保管庫で
[Info   :TownOfHost-Pko] [19:53:11:15][ReceiveChat]ひとつここの(エクスプレス):それだけ経ってセルフする意味もわかんなくなk
[Info   :TownOfHost-Pko] [19:53:19:90][ReceiveChat]あそこらgrass(メイヤー):役持ってるなら今coしていいんでは
[Info   :TownOfHost-Pko] [19:53:28:57][ReceiveChat]5号(オポチュニスト):それもそうだな
[Info   :TownOfHost-Pko] [19:53:38:40][ReceiveChat]5号(オポチュニスト):シェリフです
[Info   :TownOfHost-Pko] [19:53:42:61][ReceiveChat]みくろ(侍):シェリフです
[Info   :TownOfHost-Pko] [19:53:45:73][ReceiveChat]ひとつここの(エクスプレス):わあ
[Info   :TownOfHost-Pko] [19:53:45:91][ReceiveChat]5号(オポチュニスト):は？
[Info   :TownOfHost-Pko] [19:53:52:21][ReceiveChat]あそこらgrass(メイヤー):だよね〜...
[Info   :TownOfHost-Pko] [19:53:55:08][ReceiveChat]伝カロちゃん(ドクター):えこのふたりなにしてんの？
[Info   :TownOfHost-Pko] [19:53:58:41][ReceiveChat]ひとつここの(エクスプレス):じゃあ一騎打ちしてもらう?
[Info   :TownOfHost-Pko] [19:54:10:25][ReceiveChat]ひとつここの(エクスプレス):通報して残った方吊れば
[Info   :TownOfHost-Pko] [19:54:12:76][ReceiveChat]あそこらgrass(メイヤー):だね
[Info   :TownOfHost-Pko] [19:54:13:58][ReceiveChat]5号(オポチュニスト):オレンジに居れるが
[Info   :TownOfHost-Pko] [19:54:14:56][ReceiveChat]ひとつここの(エクスプレス):いいかもしれない
[Info   :TownOfHost-Pko] [19:54:15:80][MeetingVoteManager]あそこらgrass(メイヤー) が あそこらgrass(メイヤー) の投票数を 3 に変更します
[Info   :TownOfHost-Pko] [19:54:15:80][MeetingVoteManager]投票: あそこらgrass(メイヤー) => Skip x 3 
[Info   :TownOfHost-Pko] [19:54:16:00][MeetingVoteManager]投票: みくろ(侍) => Skip x 1 
[Warning:TownOfHost-Pko] [19:54:16:64][GetCustomRole]TownOfHost.Modules.MeetingVoteManager.CountVotesがCustomRoleを取得しようとしましたが、対象がnullでした。
[Info   :TownOfHost-Pko] [19:54:16:64][VoteCount]スキップ => 4
[Info   :TownOfHost-Pko] [19:54:16:64][MeetingVoteManager]最多得票者: Skip
[Info   :TownOfHost-Pko] [19:54:16:64][MeetingVoteManager]追放者: スキップ で会議を終了します
[Info   :TownOfHost-Pko] [19:54:20:62][AntiBlackout]SetIsDead is called from EndMeeting
[Info   :TownOfHost-Pko] [19:54:20:62][AntiBlackout]SendGameData is called from SetIsDead
[Info   :TownOfHost-Pko] [19:54:20:62][AntiBlackout]Rの名無しさん => Crewmate
[Info   :TownOfHost-Pko] [19:54:20:62][AntiBlackout]伝カロちゃん => Crewmate
[Info   :TownOfHost-Pko] [19:54:20:62][AntiBlackout]みくろ => Impostor
[Info   :TownOfHost-Pko] [19:54:20:62][AntiBlackout]あそこらgrass => Crewmate
[Info   :TownOfHost-Pko] [19:54:20:62][AntiBlackout]5号 => Crewmate
[Info   :TownOfHost-Pko] [19:54:20:62][AntiBlackout]ひとつここの => Crewmate
[Info   :TownOfHost-Pko] [19:54:20:62][LateTask]"LateAntiBlackoutSet"is end
[Info   :TownOfHost-Pko] [19:54:22:66][Phase]------------会議終了------------
[Info   :TownOfHost-Pko] [19:54:30:12][AntiBlackout]RestoreIsDead is called from WrapUpPostfix
[Info   :TownOfHost-Pko] [19:54:30:13][CountAlivePlayers]Crew:3/4, Impostor:1/1, Jackal:0/1, All:4/6
[Info   :TownOfHost-Pko] [19:54:30:16][LateTask]"ShowChatAfterMeeting" is created
[Info   :TownOfHost-Pko] [19:54:30:16][LateTask]"Restore IsDead Task" is created
[Info   :TownOfHost-Pko] [19:54:30:16][LateTask]"AfterMeetingDeathPlayers Task" is created
[Info   :TownOfHost-Pko] [19:54:30:18][LateTask]"Tuihoufin" is created
[Info   :TownOfHost-Pko] [19:54:30:59][LateTask]"ShowChatAfterMeeting"is finished
[Info   :TownOfHost-Pko] [19:54:30:59][LateTask]"Restore IsDead Task"is finished
[Info   :TownOfHost-Pko] [19:54:30:61][UpdateSystem]SystemType: Reactor, PlayerName: Rの名無しさん(ジャッカル), amount: 128
[Info   :TownOfHost-Pko] [19:54:30:62][LateTask]"Fix Reactor" is created
[Info   :TownOfHost-Pko] [19:54:30:62][RpcResetAbilityCooldown]アビリティクールダウンのリセット:Rの名無しさん(0)
[Info   :TownOfHost-Pko] [19:54:30:62][RpcResetAbilityCooldown]アビリティクールダウンのリセット:伝カロちゃん(1)
[Info   :TownOfHost-Pko] [19:54:30:63][RpcResetAbilityCooldown]アビリティクールダウンのリセット:みくろ(2)
[Info   :TownOfHost-Pko] [19:54:30:63][RpcResetAbilityCooldown]アビリティクールダウンのリセット:あそこらgrass(3)
[Info   :TownOfHost-Pko] [19:54:30:63][RpcResetAbilityCooldown]アビリティクールダウンのリセット:5号(4)
[Info   :TownOfHost-Pko] [19:54:30:63][RpcResetAbilityCooldown]アビリティクールダウンのリセット:ひとつここの(5)
[Info   :TownOfHost-Pko] [19:54:30:63][Phase]タスクフェイズ開始
[Info   :TownOfHost-Pko] [19:54:30:63][LateTask]"AfterMeetingDeathPlayers Task"is finished
[Info   :TownOfHost-Pko] [19:54:30:69][LateTask]"AfterMeetingDeathPlayer"is end
[Info   :TownOfHost-Pko] [19:54:30:83][RpcResetAbilityCooldown]アビリティクールダウンのリセット:Rの名無しさん(0)
[Info   :TownOfHost-Pko] [19:54:30:84][RpcResetAbilityCooldown]アビリティクールダウンのリセット:伝カロちゃん(1)
[Info   :TownOfHost-Pko] [19:54:30:84][RpcResetAbilityCooldown]アビリティクールダウンのリセット:みくろ(2)
[Info   :TownOfHost-Pko] [19:54:30:84][RpcResetAbilityCooldown]アビリティクールダウンのリセット:あそこらgrass(3)
[Info   :TownOfHost-Pko] [19:54:30:84][RpcResetAbilityCooldown]アビリティクールダウンのリセット:5号(4)
[Info   :TownOfHost-Pko] [19:54:30:84][RpcResetAbilityCooldown]アビリティクールダウンのリセット:ひとつここの(5)
[Info   :TownOfHost-Pko] [19:54:30:90][UpdateSystem]SystemType: Reactor, PlayerName: Rの名無しさん(ジャッカル), amount: 16
[Info   :TownOfHost-Pko] [19:54:30:90][LateTask]"Fix Reactor"is finished
[Info   :TownOfHost-Pko] [19:54:33:31][LateTask]"Tuihoufin"is finished
[Info   :TownOfHost-Pko] [19:55:14:93][CheckMurder]Attempt  :みくろ(侍) => 5号(オポチュニスト)
[Info   :TownOfHost-Pko] [19:55:14:94][MurderPlayer]みくろ(侍) => 5号(オポチュニスト) (Succeeded, DecisionByHost)
[Info   :TownOfHost-Pko] [19:55:14:95][PlayerControl.RpcSetRole]5号(オポチュニスト) => CrewmateGhost
[Info   :TownOfHost-Pko] [19:55:14:95][MurderPlayer]Real Killer=みくろ(侍)
[Info   :TownOfHost-Pko] [19:55:14:96][CountAliveNeutral]生存しているニュートラル:0人
[Info   :TownOfHost-Pko] [19:55:14:96][CountAlivePlayers]Crew:2/4, Impostor:1/1, Jackal:0/1, All:3/6
[Info   :TownOfHost-Pko] [19:55:15:05][LateTask]"RemoveKillFlash" is created
[Info   :TownOfHost-Pko] [19:55:15:05][LateTask]"RemoveKillFlash" is created
[Info   :TownOfHost-Pko] [19:55:15:21][LateTask]"RemoveKillFlash"is finished
[Info   :TownOfHost-Pko] [19:55:15:21][LateTask]"RemoveKillFlash"is finished
[Info   :TownOfHost-Pko] [19:55:16:08][ReportDeadBody]ひとつここの(エクスプレス) => 5号(オポチュニスト)
[Info   :TownOfHost-Pko] [19:55:16:08][LateTask]"SetSkin" is created
[Info   :TownOfHost-Pko] [19:55:16:42][LateTask]"SetSkin"is finished
[Info   :TownOfHost-Pko] [19:55:16:65][MeetingTimeManager.OnReportDeadBody]DiscussionTime:0, VotingTime240
[Info   :TownOfHost-Pko] [19:55:16:65][UpdateSystem]SystemType: Laboratory, PlayerName: Rの名無しさん(ジャッカル), amount: 16
[Info   :TownOfHost-Pko] [19:55:16:65][UpdateSystem]SystemType: Reactor, PlayerName: Rの名無しさん(ジャッカル), amount: 16
[Info   :TownOfHost-Pko] [19:55:16:65][UpdateSystem]SystemType: LifeSupp, PlayerName: Rの名無しさん(ジャッカル), amount: 16
[Info   :TownOfHost-Pko] [19:55:16:71][Phase]------------会議開始　day:5------------
[Info   :TownOfHost-Pko] [19:55:16:72][PetActionPatch]5号 が死亡したのでペットを外しました
[Info   :TownOfHost-Pko] [19:55:19:66][LateTask]"sendroleinfo" is created
[Info   :TownOfHost-Pko] [19:55:20:64][LateTask]"sendroleinfo"is finished
[Info   :TownOfHost-Pko] [19:55:31:77][ReceiveChat]ひとつここの(エクスプレス):おけ
[Info   :TownOfHost-Pko] [19:55:35:42][ReceiveChat]5号(オポチュニスト):くそう
[Info   :TownOfHost-Pko] [19:55:41:58][ReceiveChat]5号(オポチュニスト):シャリフだって
[Info   :TownOfHost-Pko] [19:55:47:46][ReceiveChat]みくろ(侍):スキップにお願いとかできますか??
[Info   :TownOfHost-Pko] [19:55:47:63][ReceiveChat]あそこらgrass(メイヤー):終わらないしジャッカルも考えられないのでみくろ吊り
[Info   :TownOfHost-Pko] [19:55:52:41][ReceiveChat]5号(オポチュニスト):シェリフだって言わなきゃよかった
[Info   :TownOfHost-Pko] [19:56:03:38][MeetingVoteManager]あそこらgrass(メイヤー) が あそこらgrass(メイヤー) の投票数を 3 に変更します
[Info   :TownOfHost-Pko] [19:56:03:38][MeetingVoteManager]投票: あそこらgrass(メイヤー) => みくろ(侍) x 3 
[Info   :TownOfHost-Pko] [19:56:04:57][ReceiveChat]ひとつここの(エクスプレス):あそ草次第やね
[Info   :TownOfHost-Pko] [19:56:12:48][ReceiveChat]あそこらgrass(メイヤー):みくろ吊りで
[Info   :TownOfHost-Pko] [19:56:16:00][MeetingVoteManager]投票: みくろ(侍) => Skip x 1 
[Info   :TownOfHost-Pko] [19:56:17:63][ReceiveChat]みくろ(侍):スキップ投票やあああ!!!!!
[Info   :TownOfHost-Pko] [19:56:20:91][ReceiveChat]ひとつここの(エクスプレス):てかさ みくろのバナーにゃんこ大戦争みたい
[Info   :TownOfHost-Pko] [19:56:23:53][MeetingVoteManager]投票: ひとつここの(エクスプレス) => みくろ(侍) x 1 
[Warning:TownOfHost-Pko] [19:56:23:53][GetCustomRole]TownOfHost.Modules.MeetingVoteManager.CountVotesがCustomRoleを取得しようとしましたが、対象がnullでした。
[Info   :TownOfHost-Pko] [19:56:23:53][VoteCount]スキップ => 1
[Info   :TownOfHost-Pko] [19:56:23:53][VoteCount]みくろ => 4
[Info   :TownOfHost-Pko] [19:56:23:54][MeetingVoteManager]最多得票者: みくろ(侍)
[Info   :TownOfHost-Pko] [19:56:23:54][MeetingVoteManager]追放者: みくろ(侍) で会議を終了します
[Info   :TownOfHost-Pko] [19:56:27:53][AntiBlackout]SetIsDead is called from EndMeeting
[Info   :TownOfHost-Pko] [19:56:27:53][AntiBlackout]SendGameData is called from SetIsDead
[Info   :TownOfHost-Pko] [19:56:27:53][AntiBlackout]Rの名無しさん => Crewmate
[Info   :TownOfHost-Pko] [19:56:27:53][AntiBlackout]伝カロちゃん => Crewmate
[Info   :TownOfHost-Pko] [19:56:27:53][AntiBlackout]みくろ => Crewmate
[Info   :TownOfHost-Pko] [19:56:27:53][AntiBlackout]あそこらgrass => Impostor
[Info   :TownOfHost-Pko] [19:56:27:53][AntiBlackout]5号 => Crewmate
[Info   :TownOfHost-Pko] [19:56:27:53][AntiBlackout]ひとつここの => Crewmate
[Info   :TownOfHost-Pko] [19:56:27:53][LateTask]"LateAntiBlackoutSet"is end
[Info   :TownOfHost-Pko] [19:56:27:71][ReceiveChat]あそこらgrass(メイヤー):メイヤーのちちから
[Info   :TownOfHost-Pko] [19:56:29:55][Phase]------------会議終了------------
[Info   :TownOfHost-Pko] [19:56:36:99][PlayerControl.RpcSetRole]みくろ(侍) => ImpostorGhost
[Info   :TownOfHost-Pko] [19:56:36:99][RpcSetRole]AntiBlackoutが動作中だからキャンセル！
[Info   :TownOfHost-Pko] [19:56:37:00][AntiBlackout]RestoreIsDead is called from WrapUpPostfix
[Info   :TownOfHost-Pko] [19:56:37:00][CountAliveImpostors]生存しているインポスター:0人
[Info   :TownOfHost-Pko] [19:56:37:00][CountAlivePlayers]Crew:2/4, Impostor:0/1, Jackal:0/1, All:2/6
[Info   :TownOfHost-Pko] [19:56:37:00][LateTask]"ShowChatAfterMeeting" is created
[Info   :TownOfHost-Pko] [19:56:37:00][LateTask]"Restore IsDead Task" is created
[Info   :TownOfHost-Pko] [19:56:37:00][LateTask]"AfterMeetingDeathPlayers Task" is created
[Info   :TownOfHost-Pko] [19:56:37:02][LateTask]"Tuihoufin" is created
[Info   :TownOfHost-Pko] [19:56:37:04][CustomWinner]RASACW Default =>? Crewmate, Call:TownOfHost.NormalGameEndPredicate.CheckGameEndByLivingPlayers
[Info   :TownOfHost-Pko] [19:56:37:05][CustomWinner]0 < 0
[Info   :TownOfHost-Pko] [19:56:37:09][Winner]Crewmate (CrewmatesByVote)
[Info   :TownOfHost-Pko] [19:56:37:10][Winner]winnerteam:Crewmate (CrewmatesByVote)
[Info   :TownOfHost-Pko] [19:56:37:11][ResetRoleAndEndGame]Rの名無しさん(ジャッカル): CrewmateGhostに変更
[Info   :TownOfHost-Pko] [19:56:37:11][PlayerControl.RpcSetRole]Rの名無しさん(ジャッカル) => CrewmateGhost
[Info   :TownOfHost-Pko] [19:56:37:11][ResetRoleAndEndGame]伝カロちゃん(ドクター): ImpostorGhostに変更
[Info   :TownOfHost-Pko] [19:56:37:11][PlayerControl.RpcSetRole]伝カロちゃん(ドクター) => ImpostorGhost
[Info   :TownOfHost-Pko] [19:56:37:11][ResetRoleAndEndGame]みくろ(侍): CrewmateGhostに変更
[Info   :TownOfHost-Pko] [19:56:37:11][PlayerControl.RpcSetRole]みくろ(侍) => CrewmateGhost
[Info   :TownOfHost-Pko] [19:56:37:11][ResetRoleAndEndGame]あそこらgrass(メイヤー): ImpostorGhostに変更
[Info   :TownOfHost-Pko] [19:56:37:11][PlayerControl.RpcSetRole]あそこらgrass(メイヤー) => ImpostorGhost
[Info   :TownOfHost-Pko] [19:56:37:11][ResetRoleAndEndGame]5号(オポチュニスト): CrewmateGhostに変更
[Info   :TownOfHost-Pko] [19:56:37:11][PlayerControl.RpcSetRole]5号(オポチュニスト) => CrewmateGhost
[Info   :TownOfHost-Pko] [19:56:37:11][ResetRoleAndEndGame]ひとつここの(エクスプレス): ImpostorGhostに変更
[Info   :TownOfHost-Pko] [19:56:37:11][PlayerControl.RpcSetRole]ひとつここの(エクスプレス) => ImpostorGhost
[Info   :TownOfHost-Pko] [19:56:37:49][LateTask]"ShowChatAfterMeeting"is finished
[Info   :TownOfHost-Pko] [19:56:37:49][LateTask]"Restore IsDead Task"is finished
[Info   :TownOfHost-Pko] [19:56:37:51][UpdateSystem]SystemType: Reactor, PlayerName: Rの名無しさん(ジャッカル), amount: 128
[Info   :TownOfHost-Pko] [19:56:37:51][LateTask]"Fix Reactor" is created
[Info   :TownOfHost-Pko] [19:56:37:51][Phase]タスクフェイズ開始
[Info   :TownOfHost-Pko] [19:56:37:51][LateTask]"AfterMeetingDeathPlayers Task"is finished
[Info   :TownOfHost-Pko] [19:56:37:59][LateTask]"AfterMeetingDeathPlayer"is end
[Info   :TownOfHost-Pko] [19:56:37:79][UpdateSystem]SystemType: Reactor, PlayerName: Rの名無しさん(ジャッカル), amount: 16
[Info   :TownOfHost-Pko] [19:56:37:79][LateTask]"Fix Reactor"is finished
[Info   :TownOfHost-Pko] [19:56:37:97][PreviousSession]前セッション記録: 6人
[Info   :TownOfHost-Pko] [19:56:38:02][Phase]-----------ゲーム終了-----------
[Info   :TownOfHost-Pko] [19:56:38:07][CustomRoleManager]Dispose ActiveRoles
[Info   :TownOfHost-Pko] [19:56:42:51][LateTask]"Tuihoufin"is finished
[Info   :TownOfHost-Pko] [19:56:48:64][TestBotManager]Canceled legacy SNR bot spawn.
[Info   :TownOfHost-Pko] [19:56:48:64][OnGameJoined]-1927679469に参加
[Info   :TownOfHost-Pko] [19:56:49:28][LateTask]"Welcome Meg" is created
[Info   :TownOfHost-Pko] [19:56:49:49][LateTask]"Welcome Meg" is created
[Info   :TownOfHost-Pko] [19:56:49:49][LateTask]"Welcome Meg" is created
[Info   :TownOfHost-Pko] [19:56:49:49][LateTask]"Welcome Meg" is created
[Info   :TownOfHost-Pko] [19:56:49:49][LateTask]"Welcome Meg" is created
[Info   :TownOfHost-Pko] [19:56:49:81][LateTask]"Welcome Meg" is created
[Info   :TownOfHost-Pko] [19:56:52:39][LateTask]"Welcome Meg"is finished
[Info   :TownOfHost-Pko] [19:56:52:39][LateTask]"Welcome Meg"is finished
[Info   :TownOfHost-Pko] [19:56:52:39][LateTask]"Welcome Meg"is finished
[Info   :TownOfHost-Pko] [19:56:52:39][LateTask]"Welcome Meg"is finished
[Info   :TownOfHost-Pko] [19:56:52:39][LateTask]"Welcome Meg"is finished
[Info   :TownOfHost-Pko] [19:56:52:80][LateTask]"Welcome Meg"is finished
[Info   :TownOfHost-Pko] [19:56:53:07][ReceiveChat]伝カロちゃん:ライム？
[Info   :TownOfHost-Pko] [19:56:53:41][ReceiveChat]5号:GG
[Info   :TownOfHost-Pko] [19:56:56:27][ReceiveChat]ひとつここの:GG
[Info   :TownOfHost-Pko] [19:56:57:49][SendChat]GG
[Info   :TownOfHost-Pko] [19:57:03:94][ReceiveChat]あそこらgrass:ごめんよ伝カロー
[Info   :TownOfHost-Pko] [19:57:07:42][ReceiveChat]5号:くそうオポチュニストで勝ちそうだったのに
[Info   :TownOfHost-Pko] [19:57:08:76][ReceiveChat]伝カロちゃん:勝ったから良いんだけどさ、能力を絞り込みみたいに軽く使わないでくれよ
[Info   :TownOfHost-Pko] [19:57:15:18][ReceiveChat]ひとつここの:リスクないジャッジみたいだったね
[Info   :TownOfHost-Pko] [19:57:18:76][ReceiveChat]5号:そやね
[Info   :TownOfHost-Pko] [19:57:18:78][ReceiveChat]あそこらgrass:カメレオンバグだ
[Error  :TownOfHost-Pko] [19:57:21:19][GetClientId]あそこらgrassのclientがnull
[Info   :TownOfHost-Pko] [19:57:21:20][Session]あそこらgrass(ClientID:1091937)が切断(理由:ExitGame, ping:11), Platform:Android , friendcode:fishyboot#8274 , PuId:00024b10a2764c5d9cde5abed648f7a4
[Info   :TownOfHost-Pko] [19:57:33:85][ReceiveChat]ひとつここの:宣伝お願いー
[Info   :TownOfHost-Pko] [19:57:41:83][Session]あそこらgrass(ClientID:1092337)(FriendCode:fishyboot#8274)(PuId:00024b10a2764c5d9cde5abed648f7a4)が参加
[Info   :TownOfHost-Pko] [19:57:42:68][LateTask]"Welcome Meg" is created
[Info   :TownOfHost-Pko] [19:57:45:67][LateTask]"Welcome Meg"is finished
[Info   :TownOfHost-Pko] [19:57:47:92][ReceiveChat]ひとつここの:おかえり
[Info   :TownOfHost-Pko] [19:57:48:58][ReceiveChat]伝カロちゃん:さすがにおこる
[Info   :TownOfHost-Pko] [19:58:09:16][ReceiveChat]あそこらgrass:必要な犠牲だったんだ
[Info   :TownOfHost-Pko] [19:58:21:78][ReceiveChat]ひとつここの:カロがインポになったら真っ先にやられそう
[Info   :TownOfHost-Pko] [19:58:31:73][ReceiveChat]伝カロちゃん:必要な犠牲ってなんだよ
[Info   :TownOfHost-Pko] [19:58:40:02][ReceiveChat]あそこらgrass:明らかに私怨の混ざったキル
[Info   :TownOfHost-Pko] [19:58:46:44][ReceiveChat]みくろ:サボタージュが使いたかった(侍)
[Info   :TownOfHost-Pko] [19:59:17:50][ReceiveChat]ひとつここの:使えば勝ててたかもねー
[Info   :TownOfHost-Pko] [19:59:22:16][ReceiveChat]あそこらgrass:あそこでカロ吊れれば5号とみくろに絞れるのよ
[Info   :TownOfHost-Pko] [19:59:35:10][ReceiveChat]伝カロちゃん:ドクターcoしてる人を吊るのはどうかしてるけどね、
[Info   :TownOfHost-Pko] [19:59:42:28][ReceiveChat]5号:だとしてもあれはカワイソス
[Info   :TownOfHost-Pko] [19:59:43:88][ReceiveChat]あそこらgrass:侍のサボタージュってマップから使えなかったっけ
[Info   :TownOfHost-Pko] [19:59:57:68][ReceiveChat]ひとつここの:モナモンも9周年だし許したれ
[Info   :TownOfHost-Pko] [20:00:06:43][ReceiveChat]伝カロちゃん:く・へで
[Info   :TownOfHost-Pko] [20:00:24:77][ReceiveChat]5号:とりま宣伝してきたが
[Info   :TownOfHost-Pko] [20:00:30:31][ReceiveChat]ひとつここの:たすかる
[Info   :TownOfHost-Pko] [20:00:44:37][ReceiveChat]あそこらgrass:ドクターって偽coもありえたからそこケアね
[Info   :TownOfHost-Pko] [20:00:59:27][ReceiveChat]伝カロちゃん:秒数言ってるドクターをつるのおかしい
[Error  :TownOfHost-Pko] [20:01:00:77][GetClientId]ひとつここののclientがnull
[Info   :TownOfHost-Pko] [20:01:00:79][Session]ひとつここの(ClientID:1092031)が切断(理由:ExitGame, ping:11), Platform:IPhone , friendcode:needsame#5505 , PuId:0002cf29a03740028191c90f6d69517e
[Info   :TownOfHost-Pko] [20:01:03:67][Session]ひとつここの(ClientID:1092415)(FriendCode:needsame#5505)(PuId:0002cf29a03740028191c90f6d69517e)が参加
[Info   :TownOfHost-Pko] [20:01:03:87][LateTask]"Welcome Meg" is created
[Info   :TownOfHost-Pko] [20:01:06:86][LateTask]"Welcome Meg"is finished
[Info   :TownOfHost-Pko] [20:01:28:44][ReceiveChat]5号:もはや主導権をえたマッドメイトやでぇ...
[Info   :TownOfHost-Pko] [20:01:34:52][ReceiveChat]あそこらgrass:黒も殺してから秒数数えてればわかるじゃん
[Info   :TownOfHost-Pko] [20:01:36:03][ReceiveChat]伝カロちゃん:人来るかな
[Info   :TownOfHost-Pko] [20:01:44:04][ReceiveChat]伝カロちゃん:言い訳はもう良いよ
[Info   :TownOfHost-Pko] [20:01:51:17][ReceiveChat]伝カロちゃん:く・へするのは変わらない()
[Info   :TownOfHost-Pko] [20:01:54:49][ReceiveChat]ひとつここの:まあ勝ったから結果オーライ
[Info   :TownOfHost-Pko] [20:02:05:62][ReceiveChat]5号:ところでく・へというのなんじゃ
[Info   :TownOfHost-Pko] [20:02:11:17][ReceiveChat]伝カロちゃん:首をへし折る
[Info   :TownOfHost-Pko] [20:02:13:95][ReceiveChat]5号:へー
[Info   :TownOfHost-Pko] [20:02:14:69][ReceiveChat]ひとつここの:電車に書いてあるやつ?
[Info   :TownOfHost-Pko] [20:02:20:19][ReceiveChat]ひとつここの:こっわ
[Info   :TownOfHost-Pko] [20:02:22:52][ReceiveChat]あそこらgrass:やめてくれ
[Info   :TownOfHost-Pko] [20:02:48:94][ReceiveChat]5号:せ・いのほうがインパクトあるのでは
[Info   :TownOfHost-Pko] [20:03:00:84][ReceiveChat]伝カロちゃん:あ・へでもいい
[Info   :TownOfHost-Pko] [20:03:10:89][ReceiveChat]ひとつここの:こわいこわい
[Error  :TownOfHost-Pko] [20:04:00:85][GetClientId]ひとつここののclientがnull
[Info   :TownOfHost-Pko] [20:04:00:88][Session]ひとつここの(ClientID:1092415)が切断(理由:ExitGame, ping:10), Platform:IPhone , friendcode:needsame#5505 , PuId:0002cf29a03740028191c90f6d69517e
[Info   :TownOfHost-Pko] [20:04:34:30][ReceiveChat]5号:うーむ
[Info   :TownOfHost-Pko] [20:04:46:35][ReceiveChat]あそこらgrass:ここの帰ってきたら始める？
[Info   :TownOfHost-Pko] [20:04:47:34][SendChat]人が少ない
[Info   :TownOfHost-Pko] [20:04:56:95][SendChat]そうしようか
[Info   :TownOfHost-Pko] [20:05:02:52][Session]ひとつここの(ClientID:1092459)(FriendCode:needsame#5505)(PuId:0002cf29a03740028191c90f6d69517e)が参加
[Info   :TownOfHost-Pko] [20:05:02:78][LateTask]"Welcome Meg" is created
[Info   :TownOfHost-Pko] [20:05:05:47][ReceiveChat]5号:おか
[Info   :TownOfHost-Pko] [20:05:05:76][LateTask]"Welcome Meg"is finished
[Info   :TownOfHost-Pko] [20:05:08:47][ReceiveChat]伝カロちゃん:人来なさそう
[Info   :TownOfHost-Pko] [20:05:10:14][ReceiveChat]5号:では始めよう
[Info   :TownOfHost-Pko] [20:05:10:54][ReceiveChat]あそこらgrass:おかえり
[Info   :TownOfHost-Pko] [20:05:21:96][ReceiveChat]ひとつここの:やっちゃお
[Info   :TownOfHost-Pko] [20:05:53:64][PreviousSession]セッション記録: Rの名無しさん (NEEDFULNIL#3743)
[Info   :TownOfHost-Pko] [20:05:53:64][PreviousSession]セッション記録: 伝カロちゃん (MARSHYSHE#6403)
[Info   :TownOfHost-Pko] [20:05:53:64][PreviousSession]セッション記録: 5号 (SPOTTYLOAF#5118)
[Info   :TownOfHost-Pko] [20:05:53:64][PreviousSession]セッション記録: みくろ (STARRYPRAM#3837)
[Info   :TownOfHost-Pko] [20:05:53:64][PreviousSession]セッション記録: あそこらgrass (FISHYBOOT#8274)
[Info   :TownOfHost-Pko] [20:05:53:64][PreviousSession]セッション記録: ひとつここの (NEEDSAME#5505)
[Info   :TownOfHost-Pko] [20:05:53:64][PreviousSession]現在のセッション参加者: 6人
[Info   :TownOfHost-Pko] [20:05:53:67][MeetingTimeManager.Init]DefaultDiscussionTime:0, DefaultVotingTime240
[Info   :TownOfHost-Pko] [20:05:53:67][LateTask]"setdisconnected" is created
[Info   :TownOfHost-Pko] [20:05:53:67][InitializerAttribute]初期化: Achievements.init
[Info   :TownOfHost-Pko] [20:05:53:67][InitializerAttribute]初期化: CheckGetNomalAchievement.OnStartGame
[Info   :TownOfHost-Pko] [20:05:53:67][InitializerAttribute]初期化: AntiBlackout.Reset
[Info   :TownOfHost-Pko] [20:05:53:67][AntiBlackout]==Reset==
[Info   :TownOfHost-Pko] [20:05:53:67][InitializerAttribute]初期化: CustomWinnerHolder.Reset
[Info   :TownOfHost-Pko] [20:05:53:67][InitializerAttribute]初期化: DisableDevice.Reset
[Info   :TownOfHost-Pko] [20:05:53:67][InitializerAttribute]初期化: DoubleTrigger.Init
[Info   :TownOfHost-Pko] [20:05:53:67][InitializerAttribute]初期化: DummyHunter.Init
[Info   :TownOfHost-Pko] [20:05:53:67][InitializerAttribute]初期化: MurderMystery.Init
[Info   :TownOfHost-Pko] [20:05:53:67][InitializerAttribute]初期化: TaskBattle.Init
[Info   :TownOfHost-Pko] [20:05:53:67][InitializerAttribute]初期化: GameStates.Reset
[Info   :TownOfHost-Pko] [20:05:53:67][InitializerAttribute]初期化: GuessManager.Guessreset
[Info   :TownOfHost-Pko] [20:05:53:67][InitializerAttribute]初期化: PlayerOutfitManager.RemoveAll
[Info   :TownOfHost-Pko] [20:05:53:67][InitializerAttribute]初期化: TargetArrow.Init
[Info   :TownOfHost-Pko] [20:05:53:67][InitializerAttribute]初期化: GetArrow.Init
[Info   :TownOfHost-Pko] [20:05:53:67][InitializerAttribute]初期化: Utils.Init
[Info   :TownOfHost-Pko] [20:05:53:67][InitializerAttribute]初期化: SubmergedPatch.Init
[Info   :TownOfHost-Pko] [20:05:53:67][InitializerAttribute]初期化: FallFromLadder.Reset
[Info   :TownOfHost-Pko] [20:05:53:67][InitializerAttribute]初期化: PlayerControlRpcUseZiplinePatch.Reset
[Info   :TownOfHost-Pko] [20:05:53:67][InitializerAttribute]初期化: AutoForceEndOnDisconnect.Reset
[Info   :TownOfHost-Pko] [20:05:53:67][InitializerAttribute]初期化: Lovers.Reset
[Info   :TownOfHost-Pko] [20:05:53:68][InitializerAttribute]初期化: GhostRoleCore.Init
[Info   :TownOfHost-Pko] [20:05:53:68][InitializerAttribute]初期化: Amateras.Init
[Info   :TownOfHost-Pko] [20:05:53:68][InitializerAttribute]初期化: Cupid.Mareset
[Info   :TownOfHost-Pko] [20:05:53:68][InitializerAttribute]初期化: Madonna.Mareset
[Info   :TownOfHost-Pko] [20:05:53:68][InitializerAttribute]初期化: Ruler.Init
[Info   :TownOfHost-Pko] [20:05:53:68][InitializerAttribute]初期化: ThreePigsData.Init
[Info   :TownOfHost-Pko] [20:05:53:68][InitializerAttribute]初期化: Zombie.ResetRuntimeData
[Info   :TownOfHost-Pko] [20:05:53:68][InitializerAttribute]初期化: Evolver.Init
[Info   :TownOfHost-Pko] [20:05:53:68][InitializerAttribute]初期化: Workhorse.Init
[Info   :TownOfHost-Pko] [20:05:53:68][InitializerAttribute]初期化: Guesser.Init
[Info   :TownOfHost-Pko] [20:05:53:68][InitializerAttribute]初期化: DoorsReset.Initialize
[Info   :TownOfHost-Pko] [20:05:53:68][InitializerAttribute]初期化: SuddenDeathMode.Reset
[Info   :TownOfHost-Pko] [20:05:53:68][InitializerAttribute]初期化: SelfVoteManager.Init
[Info   :TownOfHost-Pko] [20:05:53:68][InitializerAttribute]初期化: VentManager.Init
[Info   :TownOfHost-Pko] [20:05:53:68][InitializerAttribute]初期化: ChatManager.ResetChat
[Info   :TownOfHost-Pko] [20:05:53:68][OnGamStarted]==============　2試合目　==============
[Info   :TownOfHost-Pko] [20:05:53:68][OnGamStarted Fin]region:Asia ,LagTime : 0.23 ,(10) PlayerCount : 6
[Info   :TownOfHost-Pko] [20:05:54:16][StandardIntro]みくろ
[Info   :TownOfHost-Pko] [20:05:54:16][StandardIntro]5号
[Info   :TownOfHost-Pko] [20:05:54:16][StandardIntro]伝カロちゃん
[Info   :TownOfHost-Pko] [20:05:54:16][StandardIntro]あそこらgrass
[Info   :TownOfHost-Pko] [20:05:54:16][StandardIntro]ひとつここの
[Info   :TownOfHost-Pko] [20:05:54:16][StandardIntro]SetDisconnected
[Info   :TownOfHost-Pko] [20:05:54:16][LateTask]"setdisconnected"is finished
[Message:TownOfHost-Pko] [20:05:55:35][Method]"StartPatch.Postfix" Called in "ShipStatusPatch.cs(92)"
[Info   :TownOfHost-Pko] [20:05:55:35][Phase]-----------ゲーム開始-----------
[Info   :TownOfHost-Pko] [20:05:55:36][CountAlivePlayers]OutOfGame:6/6, All:0/0
[Info   :TownOfHost-Pko] [20:05:57:91][AssignCount][Crewmate, 3], [Impostor, 1], [Neutral, 2], [Madmate, 0]
[Info   :TownOfHost-Pko] [20:05:57:91][AssignRoleList]DoubleKiller, Bait, Sheriff, Express, Arsonist, Jackal
[Info   :TownOfHost-Pko] [20:05:57:91][AssignRolesDesync]役職設定:5号 = Arsonist
[Info   :TownOfHost-Pko] [20:05:57:91][AssignRolesDesync]役職設定:伝カロちゃん = Jackal
[Info   :TownOfHost-Pko] [20:05:57:91][AssignRolesDesync]役職設定:ひとつここの = Sheriff
[Info   :TownOfHost-Pko] [20:05:57:91][PlayerControl.RpcSetRole]みくろ => Phantom
[Info   :TownOfHost-Pko] [20:05:57:91][PlayerControl.RpcSetRole]あそこらgrass => Crewmate
[Info   :TownOfHost-Pko] [20:05:57:91][PlayerControl.RpcSetRole]Rの名無しさん => Crewmate
[Info   :TownOfHost-Pko] [20:05:57:92][AssignRoles]役職設定:みくろ = DoubleKiller
[Info   :TownOfHost-Pko] [20:05:57:92][AssignRoles]役職設定:Rの名無しさん = Bait
[Info   :TownOfHost-Pko] [20:05:57:92][AssignRoles]役職設定:あそこらgrass = Express
[Info   :TownOfHost-Pko] [20:05:57:92][IusePhantomButton]みくろ:ファントムワンクリに追加
[Info   :TownOfHost-Pko] [20:05:57:93][IusePhantomButton]5号:ファントムワンクリに追加
[Info   :TownOfHost-Pko] [20:05:57:93][IusePhantomButton]伝カロちゃん:ファントムワンクリに追加
[Info   :TownOfHost-Pko] [20:05:57:93][Sheriff]ひとつここの : 残り15発
[Info   :TownOfHost-Pko] [20:05:57:94][StandardIntro]ShowIntro
[Info   :TownOfHost-Pko] [20:05:57:94][LateTask]"SetTaskDelay" is created
[Info   :TownOfHost-Pko] [20:05:57:94][CountAliveImpostors]生存しているインポスター:1人
[Info   :TownOfHost-Pko] [20:05:57:94][CountAliveNeutral]生存しているニュートラル:2人
[Info   :TownOfHost-Pko] [20:05:57:94][CountAlivePlayers]Crew:4/4, Impostor:1/1, Jackal:1/1, All:6/6
[Message:TownOfHost-Pko] [20:05:57:97][Method]"BeginPatch.Postfix" Called in "ShipStatusPatch.cs(137)"
[Info   :TownOfHost-Pko] [20:05:58:66][LateTask]"SetTask" is created
[Info   :TownOfHost-Pko] [20:05:58:66][LateTask]"SetTaskDelay"is finished
[Info   :TownOfHost-Pko] [20:05:59:98][Info]------------名前表示------------
[Info   :TownOfHost-Pko] [20:05:59:98][Info][*]0 :Rの名無しさん       :Rの名無しさん(Blue)
[Info   :TownOfHost-Pko] [20:05:59:99][Info]   1 :みくろ              :みくろ(Orange)
[Info   :TownOfHost-Pko] [20:05:59:99][Info]   2 :5号                 :5号(Black)
[Info   :TownOfHost-Pko] [20:05:59:99][Info]   4 :伝カロちゃん        :伝カロちゃん(Gray)
[Info   :TownOfHost-Pko] [20:05:59:99][Info]   5 :あそこらgrass       :あそこらgrass(Lime)
[Info   :TownOfHost-Pko] [20:05:59:99][Info]   3 :ひとつここの        :ひとつここの(White)
[Info   :TownOfHost-Pko] [20:05:59:99][Info]----------役職割り当て----------
[Info   :TownOfHost-Pko] [20:05:59:99][Info][*]0 :Rの名無しさん       :ベイト
[Info   :TownOfHost-Pko] [20:05:59:99][Info]   1 :みくろ              :ダブルキラー
[Info   :TownOfHost-Pko] [20:05:59:99][Info]   2 :5号                 :アーソニスト
[Info   :TownOfHost-Pko] [20:05:59:99][Info]   4 :伝カロちゃん        :ジャッカル
[Info   :TownOfHost-Pko] [20:05:59:99][Info]   5 :あそこらgrass       :エクスプレス
[Info   :TownOfHost-Pko] [20:05:59:99][Info]   3 :ひとつここの        :シェリフ
[Info   :TownOfHost-Pko] [20:05:59:99][Info]--------------環境--------------
[Info   :TownOfHost-Pko] [20:05:59:99][Info][*]0 :Rの名無しさん       :SteamPC    :Mod(TOH-PKO/5.35.22.97:084757d3(main))
[Info   :TownOfHost-Pko] [20:05:59:99][Info]   1 :みくろ              :Switch     :Vanilla
[Info   :TownOfHost-Pko] [20:05:59:99][Info]   2 :5号                 :SteamPC    :Vanilla
[Info   :TownOfHost-Pko] [20:05:59:99][Info]   4 :伝カロちゃん        :IPhone     :Vanilla
[Info   :TownOfHost-Pko] [20:05:59:99][Info]   5 :あそこらgrass       :Android    :Vanilla
[Info   :TownOfHost-Pko] [20:05:59:99][Info]   3 :ひとつここの        :IPhone     :Vanilla
[Info   :TownOfHost-Pko] [20:05:59:99][Info]------------基本設定------------
[Info   :TownOfHost-Pko] [20:05:59:99][Info]マップ: The Skeld
[Info   :TownOfHost-Pko] [20:05:59:99][Info]インポスター数: 1
[Info   :TownOfHost-Pko] [20:05:59:99][Info]追放数を確認: オフ
[Info   :TownOfHost-Pko] [20:05:59:99][Info]# 緊急会議: 1
[Info   :TownOfHost-Pko] [20:05:59:99][Info]匿名投票: オン
[Info   :TownOfHost-Pko] [20:05:59:99][Info]緊急ボタンクールダウン: 15秒
[Info   :TownOfHost-Pko] [20:05:59:99][Info]議論タイム: 0秒
[Info   :TownOfHost-Pko] [20:05:59:99][Info]投票時間: 240秒
[Info   :TownOfHost-Pko] [20:05:59:99][Info]プレイヤー速度: 1.25x
[Info   :TownOfHost-Pko] [20:05:59:99][Info]タスクバーアップデート: 行わない
[Info   :TownOfHost-Pko] [20:05:59:99][Info]視認タスク: オフ
[Info   :TownOfHost-Pko] [20:05:59:99][Info]クルービジョン: 0.5x
[Info   :TownOfHost-Pko] [20:05:59:99][Info]インポスタービジョン: 5x
[Info   :TownOfHost-Pko] [20:05:59:99][Info]キルのクールダウン時間: 30秒
[Info   :TownOfHost-Pko] [20:05:59:99][Info]キル可能距離: ミドル
[Info   :TownOfHost-Pko] [20:05:59:99][Info]# 通常タスク: 3
[Info   :TownOfHost-Pko] [20:05:59:99][Info]# ロングタスク: 2
[Info   :TownOfHost-Pko] [20:05:59:99][Info]# ショートタスク: 4
[Info   :TownOfHost-Pko] [20:05:59:99][Info]------------詳細設定------------
[Info   :TownOfHost-Pko] [20:05:59:99][Info]Preset                                  :2
[Info   :TownOfHost-Pko] [20:05:59:99][Info]GameMode                                :スタンダード
[Info   :TownOfHost-Pko] [20:05:59:99][Info]GM                                      :×
[Info   :TownOfHost-Pko] [20:05:59:99][Info]AssignMode                              :固定
[Info   :TownOfHost-Pko] [20:05:59:99][Info]SoloWinOption                           :0
[Info   :TownOfHost-Pko] [20:05:59:99][Info]SoloWinOption                           :0
[Info   :TownOfHost-Pko] [20:05:59:99][Info]SoloWinOption                           :0
[Info   :TownOfHost-Pko] [20:05:59:99][Info]ONspecialMode                           :○
[Info   :TownOfHost-Pko] [20:05:59:99][Info]┗ InsiderMode                           :×
[Info   :TownOfHost-Pko] [20:05:59:99][Info]┗ ColorNameMode                         :×
[Info   :TownOfHost-Pko] [20:05:59:99][Info]┗ CanSeeImpostorRole                    :○
[Info   :TownOfHost-Pko] [20:05:59:99][Info]ExperimentalMode                        :○
[Info   :TownOfHost-Pko] [20:05:59:99][Info]┗ ExAftermeetingflash                   :○
[Info   :TownOfHost-Pko] [20:05:59:99][Info]┗ ExHideChatCommand                     :○
[Info   :TownOfHost-Pko] [20:05:59:99][Info]┗ TeamHideChat                          :×
[Info   :TownOfHost-Pko] [20:05:59:99][Info]┗ ExRpcWeightR                          :×
[Info   :TownOfHost-Pko] [20:05:59:99][Info]┗ ExCallMeetingBlackout                 :○
[Info   :TownOfHost-Pko] [20:06:00:00][Info]┗ ExIntroWeight                         :通常の分割
[Info   :TownOfHost-Pko] [20:06:00:00][Info]┗ ExChatMonochrome                      :○
[Info   :TownOfHost-Pko] [20:06:00:00][Info]FixSpawnPacketSize                      :×
[Info   :TownOfHost-Pko] [20:06:00:00][Info]┗ VampireSpeedDown                      :○
[Info   :TownOfHost-Pko] [20:06:00:00][Info]┗ VampireSpeedDownCount                 :10秒
[Info   :TownOfHost-Pko] [20:06:00:00][Info]┗ VampireKillDelay                      :10秒
[Info   :TownOfHost-Pko] [20:06:00:00][Info]┗ blastrange                            :5
[Info   :TownOfHost-Pko] [20:06:00:00][Info]┗ PuppeteerPuppetCool                   :5秒
[Info   :TownOfHost-Pko] [20:06:00:00][Info]┗ StealthDarkenDuration                 :1秒
[Info   :TownOfHost-Pko] [20:06:00:00][Info]┗ KillAnimation                         :×
[Info   :TownOfHost-Pko] [20:06:00:00][Info]┗ NotifierProbability                   :50%
[Info   :TownOfHost-Pko] [20:06:00:00][Info]┗ TimeThiefDecreaseMeetingTime          :50秒
[Info   :TownOfHost-Pko] [20:06:00:00][Info]┗ TimeThiefReturnStolenTimeUponDeath    :×
[Info   :TownOfHost-Pko] [20:06:00:00][Info]┗ TairoDeathReason                      :×
[Info   :TownOfHost-Pko] [20:06:00:00][Info]┗ MayorAdditionalVote                   :1票
[Info   :TownOfHost-Pko] [20:06:00:00][Info]┗ ProgressKillerMadseen                 :×
[Info   :TownOfHost-Pko] [20:06:00:00][Info]┗ ProgressWorkhorseseen                 :×
[Info   :TownOfHost-Pko] [20:06:00:00][Info]┗ NekoKabochaImpostorsGetRevenged       :×
[Info   :TownOfHost-Pko] [20:06:00:00][Info]┗ NekoKabochaMadmatesGetRevenged        :×
[Info   :TownOfHost-Pko] [20:06:00:00][Info]┗ NekoKabochaNeutralsGetRevenged        :×
[Info   :TownOfHost-Pko] [20:06:00:00][Info]┗ NekoKabochaRevengeOnExile             :×
[Info   :TownOfHost-Pko] [20:06:00:00][Info]┗ PenguinAbductTimerLimit               :10秒
[Info   :TownOfHost-Pko] [20:06:00:00][Info]┗ PenguinMeetingKill                    :×
[Info   :TownOfHost-Pko] [20:06:00:00][Info]┗ EvilHackerCanSeeMurderRoom            :×
[Info   :TownOfHost-Pko] [20:06:00:00][Info]┗ EvilHackerCanSeeDistance              :×
[Info   :TownOfHost-Pko] [20:06:00:00][Info]┗ CanCreateSideKick                     :×
[Info   :TownOfHost-Pko] [20:06:00:00][Info]Evilgambler                             :30%
[Info   :TownOfHost-Pko] [20:06:00:00][Info]┗ Maximum                               :1人
[Info   :TownOfHost-Pko] [20:06:00:00][Info]┗ Evillgamblergamblecollect             :50%
[Info   :TownOfHost-Pko] [20:06:00:00][Info]┗ EvillgamblercollectkillCooldown       :5秒
[Info   :TownOfHost-Pko] [20:06:00:00][Info]┗ EvillgamblernotcollectkillCooldown    :60秒
[Info   :TownOfHost-Pko] [20:06:00:00][Info]┗ GiveGuesser                           :×
[Info   :TownOfHost-Pko] [20:06:00:00][Info]┗ GiveWatching                          :×
[Info   :TownOfHost-Pko] [20:06:00:00][Info]┗ GivePlusVote                          :×
[Info   :TownOfHost-Pko] [20:06:00:00][Info]┗ GiveTiebreaker                        :×
[Info   :TownOfHost-Pko] [20:06:00:00][Info]┗ GiveAutopsy                           :×
[Info   :TownOfHost-Pko] [20:06:00:00][Info]┗ GiveRevenger                          :×
[Info   :TownOfHost-Pko] [20:06:00:00][Info]┗ GiveSpeeding                          :×
[Info   :TownOfHost-Pko] [20:06:00:00][Info]┗ GiveGuarding                          :×
[Info   :TownOfHost-Pko] [20:06:00:00][Info]┗ GiveManagement                        :×
[Info   :TownOfHost-Pko] [20:06:00:00][Info]┗ GiveSeeing                            :×
[Info   :TownOfHost-Pko] [20:06:00:00][Info]┗ GiveOpener                            :×
[Info   :TownOfHost-Pko] [20:06:00:00][Info]┗ GiveNotvoter                          :×
[Info   :TownOfHost-Pko] [20:06:00:00][Info]┗ GiveElector                           :×
[Info   :TownOfHost-Pko] [20:06:00:00][Info]┗ GiveInfoPoor                          :×
[Info   :TownOfHost-Pko] [20:06:00:00][Info]┗ GiveNonReport                         :×
[Info   :TownOfHost-Pko] [20:06:00:00][Info]┗ GiveTransparent                       :×
[Info   :TownOfHost-Pko] [20:06:00:00][Info]┗ GiveWater                             :×
[Info   :TownOfHost-Pko] [20:06:00:00][Info]┗ GiveClumsy                            :×
[Info   :TownOfHost-Pko] [20:06:00:00][Info]┗ GiveSlacker                           :×
[Info   :TownOfHost-Pko] [20:06:00:00][Info]┗ GiveStamina                           :×
[Info   :TownOfHost-Pko] [20:06:00:00][Info]┗ GiveJumbo                             :×
[Info   :TownOfHost-Pko] [20:06:00:00][Info]┗ GiveSunglasses                        :×
[Info   :TownOfHost-Pko] [20:06:00:00][Info]┗ GiveSecurer                           :×
[Info   :TownOfHost-Pko] [20:06:00:00][Info]┗ GiveSealer                            :×
[Info   :TownOfHost-Pko] [20:06:00:00][Info]┗ GiveSilverBuzzer                      :×
[Info   :TownOfHost-Pko] [20:06:00:00][Info]Minimalist                              :30%
[Info   :TownOfHost-Pko] [20:06:00:00][Info]┗ Maximum                               :1人
[Info   :TownOfHost-Pko] [20:06:00:00][Info]┗ KillCooldown                          :30秒
[Info   :TownOfHost-Pko] [20:06:00:00][Info]┗ MinimalistCanVent                     :×
[Info   :TownOfHost-Pko] [20:06:00:00][Info]┗ MinimalistCanSabotage                 :×
[Info   :TownOfHost-Pko] [20:06:00:00][Info]SelfBomber                              :10%
[Info   :TownOfHost-Pko] [20:06:00:00][Info]┗ SelfBomberCooldown                    :32秒
[Info   :TownOfHost-Pko] [20:06:00:00][Info]┗ SelfBomberExplosionRadius             :3x
[Info   :TownOfHost-Pko] [20:06:00:00][Info]HateKiller                              :30%
[Info   :TownOfHost-Pko] [20:06:00:00][Info]┗ KillCooldown                          :30秒
[Info   :TownOfHost-Pko] [20:06:00:00][Info]┗ HateKillerDecreaseKillCool            :4秒
[Info   :TownOfHost-Pko] [20:06:00:00][Info]┗ HateKillerMinimumKillCool             :10秒
[Info   :TownOfHost-Pko] [20:06:00:00][Info]┗ HateKillerCountImpostorVotes          :○
[Info   :TownOfHost-Pko] [20:06:00:00][Info]┗ HateKillerCountSelfVotes              :×
[Info   :TownOfHost-Pko] [20:06:00:00][Info]SmokeMaker                              :30%
[Info   :TownOfHost-Pko] [20:06:00:00][Info]┗ Maximum                               :1人
[Info   :TownOfHost-Pko] [20:06:00:00][Info]┗ SmokeMakerPlaceCooldown               :10秒
[Info   :TownOfHost-Pko] [20:06:00:00][Info]┗ SmokeMakerSmokeCooldown               :15秒
[Info   :TownOfHost-Pko] [20:06:00:00][Info]┗ SmokeMakerSmokeDuration               :10秒
[Info   :TownOfHost-Pko] [20:06:00:00][Info]┗ SmokeMakerSmokeSize                   :150%
[Info   :TownOfHost-Pko] [20:06:00:00][Info]┗ SmokeMakerMaxDummies                  :5個
[Info   :TownOfHost-Pko] [20:06:00:00][Info]┗ SmokeMakerSwapControls                :×
[Info   :TownOfHost-Pko] [20:06:00:00][Info]┗ EvilStandMasterTeammateKillCDReduce   :10秒
[Info   :TownOfHost-Pko] [20:06:00:00][Info]┗ EvilStandMasterOwnKillCDReduce        :5秒
[Info   :TownOfHost-Pko] [20:06:00:00][Info]HadouHo                                 :10%
[Info   :TownOfHost-Pko] [20:06:00:00][Info]┗ Maximum                               :1人
[Info   :TownOfHost-Pko] [20:06:00:00][Info]┗ KillCooldown                          :30秒
[Info   :TownOfHost-Pko] [20:06:00:00][Info]┗ Cooldown                              :30秒
[Info   :TownOfHost-Pko] [20:06:00:00][Info]┗ HadouHoChargeTime                     :3秒
[Info   :TownOfHost-Pko] [20:06:00:00][Info]┗ HadouHoBeamTime                       :1秒
[Info   :TownOfHost-Pko] [20:06:00:00][Info]┗ HadouHoSelfDestruct                   :×
[Info   :TownOfHost-Pko] [20:06:00:00][Info]┗ HadouHoKillImpostor                   :○
[Info   :TownOfHost-Pko] [20:06:00:00][Info]DoubleKiller                            :10%
[Info   :TownOfHost-Pko] [20:06:00:00][Info]┗ DoubleKillerKillCooldown              :30秒
[Info   :TownOfHost-Pko] [20:06:00:00][Info]┗ DoubleKillerPhantomCooldown           :30秒
[Info   :TownOfHost-Pko] [20:06:00:00][Info]┗ DoubleKillerCanVent                   :×
[Info   :TownOfHost-Pko] [20:06:00:00][Info]┗ DoubleKillerCanSabotage               :×
[Info   :TownOfHost-Pko] [20:06:00:00][Info]┗ DoubleKillerPhantomUsageCount         :1回
[Info   :TownOfHost-Pko] [20:06:00:00][Info]Samurai                                 :10%
[Info   :TownOfHost-Pko] [20:06:00:00][Info]┗ KillCooldown                          :30秒
[Info   :TownOfHost-Pko] [20:06:00:00][Info]┗ Cooldown                              :50秒
[Info   :TownOfHost-Pko] [20:06:00:00][Info]┗ CanVent                               :×
[Info   :TownOfHost-Pko] [20:06:00:00][Info]┗ CanUseSabotage                        :×
[Info   :TownOfHost-Pko] [20:06:00:00][Info]┗ SamuraiSlashRange                     :2x
[Info   :TownOfHost-Pko] [20:06:00:00][Info]Penguin                                 :30%
[Info   :TownOfHost-Pko] [20:06:00:00][Info]┗ Maximum                               :1人
[Info   :TownOfHost-Pko] [20:06:00:00][Info]┗ PenguinAbductTimerLimit               :10秒
[Info   :TownOfHost-Pko] [20:06:00:00][Info]┗ PenguinMeetingKill                    :○
[Info   :TownOfHost-Pko] [20:06:00:00][Info]Vampire                                 :10%
[Info   :TownOfHost-Pko] [20:06:00:00][Info]┗ KillCooldown                          :30秒
[Info   :TownOfHost-Pko] [20:06:00:00][Info]┗ VampireKillDelay                      :9.7秒
[Info   :TownOfHost-Pko] [20:06:00:00][Info]┗ VampireSpeedDown                      :×
[Info   :TownOfHost-Pko] [20:06:00:00][Info]┗ KillCooldown                          :30秒
[Info   :TownOfHost-Pko] [20:06:00:00][Info]NekoKabocha                             :20%
[Info   :TownOfHost-Pko] [20:06:00:00][Info]┗ Maximum                               :1人
[Info   :TownOfHost-Pko] [20:06:00:00][Info]┗ NekoKabochaImpostorsGetRevenged       :○
[Info   :TownOfHost-Pko] [20:06:00:00][Info]┗ NekoKabochaMadmatesGetRevenged        :○
[Info   :TownOfHost-Pko] [20:06:00:00][Info]┗ NekoKabochaNeutralsGetRevenged        :○
[Info   :TownOfHost-Pko] [20:06:00:00][Info]┗ NekoKabochaRevengeOnExile             :○
[Info   :TownOfHost-Pko] [20:06:00:00][Info]┗ DecrescendoVisionx                    :0.75x
[Info   :TownOfHost-Pko] [20:06:00:00][Info]┗ DecrescendoMinVision                  :0.1x
[Info   :TownOfHost-Pko] [20:06:00:00][Info]DoubleTriggerThreashould                :0.5秒
[Info   :TownOfHost-Pko] [20:06:00:00][Info]DefaultShapeshiftCooldown               :15秒
[Info   :TownOfHost-Pko] [20:06:00:00][Info]DefaultShapeshiftDuration               :10秒
[Info   :TownOfHost-Pko] [20:06:00:00][Info]MadSnitch                               :20%
[Info   :TownOfHost-Pko] [20:06:00:00][Info]┗ Maximum                               :1人
[Info   :TownOfHost-Pko] [20:06:00:00][Info]┗ CanVent                               :○
[Info   :TownOfHost-Pko] [20:06:00:00][Info]┗ MadSnitchCanAlsoBeExposedToImpostor   :×
[Info   :TownOfHost-Pko] [20:06:00:00][Info]┗ TaskTrigger                           :4個
[Info   :TownOfHost-Pko] [20:06:00:00][Info]┗ doOverride                            :○
[Info   :TownOfHost-Pko] [20:06:00:00][Info]┗ roleCommonTasksNum                    :3個
[Info   :TownOfHost-Pko] [20:06:00:00][Info]┗ roleLongTasksNum                      :0個
[Info   :TownOfHost-Pko] [20:06:00:00][Info]┗ roleShortTasksNum                     :5個
[Info   :TownOfHost-Pko] [20:06:00:00][Info]┗ addaddons                             :×
[Info   :TownOfHost-Pko] [20:06:00:00][Info]┗ BlackSantaNeedsTaskForKnowImpostors   :×
[Info   :TownOfHost-Pko] [20:06:00:00][Info]┗ MadBaitIgnoreImpostor                 :×
[Info   :TownOfHost-Pko] [20:06:00:00][Info]┗ MadWareRemoveSabotageCooldown         :3秒
[Info   :TownOfHost-Pko] [20:06:00:00][Info]┗ GiveGuesser                           :×
[Info   :TownOfHost-Pko] [20:06:00:00][Info]┗ GiveWatching                          :×
[Info   :TownOfHost-Pko] [20:06:00:00][Info]┗ GivePlusVote                          :×
[Info   :TownOfHost-Pko] [20:06:00:00][Info]┗ GiveTiebreaker                        :×
[Info   :TownOfHost-Pko] [20:06:00:00][Info]┗ GiveAutopsy                           :×
[Info   :TownOfHost-Pko] [20:06:00:00][Info]┗ GiveRevenger                          :×
[Info   :TownOfHost-Pko] [20:06:00:00][Info]┗ GiveSpeeding                          :×
[Info   :TownOfHost-Pko] [20:06:00:00][Info]┗ GiveGuarding                          :×
[Info   :TownOfHost-Pko] [20:06:00:00][Info]┗ GiveManagement                        :×
[Info   :TownOfHost-Pko] [20:06:00:00][Info]┗ GiveSeeing                            :×
[Info   :TownOfHost-Pko] [20:06:00:00][Info]┗ GiveOpener                            :×
[Info   :TownOfHost-Pko] [20:06:00:00][Info]┗ GiveLighting                          :×
[Info   :TownOfHost-Pko] [20:06:00:00][Info]┗ GiveMoon                              :○
[Info   :TownOfHost-Pko] [20:06:00:00][Info]┗ GiveNotvoter                          :×
[Info   :TownOfHost-Pko] [20:06:00:00][Info]┗ GiveElector                           :×
[Info   :TownOfHost-Pko] [20:06:00:00][Info]┗ GiveInfoPoor                          :×
[Info   :TownOfHost-Pko] [20:06:00:00][Info]┗ GiveNonReport                         :×
[Info   :TownOfHost-Pko] [20:06:00:00][Info]┗ GiveTransparent                       :×
[Info   :TownOfHost-Pko] [20:06:00:00][Info]┗ GiveWater                             :○
[Info   :TownOfHost-Pko] [20:06:00:00][Info]┗ GiveClumsy                            :○
[Info   :TownOfHost-Pko] [20:06:00:00][Info]┗ GiveSlacker                           :×
[Info   :TownOfHost-Pko] [20:06:00:00][Info]┗ GiveStamina                           :×
[Info   :TownOfHost-Pko] [20:06:00:00][Info]┗ GiveJumbo                             :×
[Info   :TownOfHost-Pko] [20:06:00:00][Info]┗ GiveSunglasses                        :×
[Info   :TownOfHost-Pko] [20:06:00:00][Info]┗ GiveSecurer                           :×
[Info   :TownOfHost-Pko] [20:06:00:00][Info]┗ GiveSealer                            :×
[Info   :TownOfHost-Pko] [20:06:00:00][Info]┗ GiveSilverBuzzer                      :×
[Info   :TownOfHost-Pko] [20:06:00:00][Info]┗ SheriffShotLimit                      :1回
[Info   :TownOfHost-Pko] [20:06:00:00][Info]┗ MeetingSheriffCanKillMadMate          :○
[Info   :TownOfHost-Pko] [20:06:00:00][Info]┗ MeetingSheriffCanKillNeutrals         :○
[Info   :TownOfHost-Pko] [20:06:00:00][Info]┗ SheriffCanKillLovers                  :○
[Info   :TownOfHost-Pko] [20:06:00:00][Info]┗ MeetingMaxTime                        :∞
[Info   :TownOfHost-Pko] [20:06:00:00][Info]┗ SabotageMasterSkillLimit              :1回
[Info   :TownOfHost-Pko] [20:06:00:00][Info]┗ SeerMindelay                          :3秒
[Info   :TownOfHost-Pko] [20:06:00:00][Info]┗ SeerMaxdelay                          :3秒
[Info   :TownOfHost-Pko] [20:06:00:00][Info]┗ TimeManagerIncreaseMeetingTime        :15秒
[Info   :TownOfHost-Pko] [20:06:00:00][Info]┗ TrapperBlockMoveTime                  :5秒
[Info   :TownOfHost-Pko] [20:06:00:00][Info]┗ AwakeningTaskcount                    :5
[Info   :TownOfHost-Pko] [20:06:00:00][Info]┗ GiveGuesser                           :×
[Info   :TownOfHost-Pko] [20:06:00:00][Info]┗ GiveWatching                          :×
[Info   :TownOfHost-Pko] [20:06:00:00][Info]┗ GivePlusVote                          :×
[Info   :TownOfHost-Pko] [20:06:00:00][Info]┗ GiveTiebreaker                        :×
[Info   :TownOfHost-Pko] [20:06:00:00][Info]┗ GiveAutopsy                           :×
[Info   :TownOfHost-Pko] [20:06:00:00][Info]┗ GiveRevenger                          :×
[Info   :TownOfHost-Pko] [20:06:00:00][Info]┗ GiveSpeeding                          :×
[Info   :TownOfHost-Pko] [20:06:00:00][Info]┗ GiveGuarding                          :×
[Info   :TownOfHost-Pko] [20:06:00:00][Info]┗ GiveManagement                        :×
[Info   :TownOfHost-Pko] [20:06:00:00][Info]┗ GiveSeeing                            :×
[Info   :TownOfHost-Pko] [20:06:00:00][Info]┗ GiveOpener                            :×
[Info   :TownOfHost-Pko] [20:06:00:00][Info]┗ GiveLighting                          :×
[Info   :TownOfHost-Pko] [20:06:00:00][Info]┗ GiveMoon                              :×
[Info   :TownOfHost-Pko] [20:06:00:00][Info]┗ GiveNotvoter                          :×
[Info   :TownOfHost-Pko] [20:06:00:00][Info]┗ GiveElector                           :×
[Info   :TownOfHost-Pko] [20:06:00:00][Info]┗ GiveInfoPoor                          :×
[Info   :TownOfHost-Pko] [20:06:00:00][Info]┗ GiveNonReport                         :×
[Info   :TownOfHost-Pko] [20:06:00:00][Info]┗ GiveTransparent                       :×
[Info   :TownOfHost-Pko] [20:06:00:00][Info]┗ GiveWater                             :×
[Info   :TownOfHost-Pko] [20:06:00:00][Info]┗ GiveClumsy                            :×
[Info   :TownOfHost-Pko] [20:06:00:00][Info]┗ GiveSlacker                           :×
[Info   :TownOfHost-Pko] [20:06:00:00][Info]┗ GiveStamina                           :×
[Info   :TownOfHost-Pko] [20:06:00:00][Info]┗ GiveJumbo                             :×
[Info   :TownOfHost-Pko] [20:06:00:00][Info]┗ GiveSunglasses                        :×
[Info   :TownOfHost-Pko] [20:06:00:00][Info]┗ GiveSecurer                           :×
[Info   :TownOfHost-Pko] [20:06:00:00][Info]┗ GiveSealer                            :×
[Info   :TownOfHost-Pko] [20:06:00:00][Info]┗ GiveSilverBuzzer                      :×
[Info   :TownOfHost-Pko] [20:06:00:00][Info]Sheriff                                 :100%
[Info   :TownOfHost-Pko] [20:06:00:00][Info]┗ Maximum                               :1人
[Info   :TownOfHost-Pko] [20:06:00:00][Info]┗ KillCooldown                          :30秒
[Info   :TownOfHost-Pko] [20:06:00:00][Info]┗ Killdistance                          :ショート
[Info   :TownOfHost-Pko] [20:06:00:00][Info]┗ SheriffMisfireKillsTarget             :×
[Info   :TownOfHost-Pko] [20:06:00:00][Info]┗ SheriffShotLimit                      :15回
[Info   :TownOfHost-Pko] [20:06:00:00][Info]┗ SheriffStartInTaskMode                :○
[Info   :TownOfHost-Pko] [20:06:00:00][Info]┗ doOverride                            :×
[Info   :TownOfHost-Pko] [20:06:00:00][Info]┗ SheriffCanKillAllAlive                :○
[Info   :TownOfHost-Pko] [20:06:00:00][Info]┗ SheriffCanKill%role%                  :○
[Info   :TownOfHost-Pko] [20:06:00:00][Info]┗ SheriffCanKillNeutrals                :全てオン
[Info   :TownOfHost-Pko] [20:06:00:00][Info]┗ SheriffCanKillLovers                  :○
[Info   :TownOfHost-Pko] [20:06:00:00][Info]┗ WolfBoyCountteam                      :○
[Info   :TownOfHost-Pko] [20:06:00:00][Info]┗ WolfBoyCountteam                      :×
[Info   :TownOfHost-Pko] [20:06:00:00][Info]┗ WolfBoyCountteam                      :×
[Info   :TownOfHost-Pko] [20:06:00:00][Info]┗ WolfBoyCountteam                      :×
[Info   :TownOfHost-Pko] [20:06:00:00][Info]┗ TellMaximum                           :1回
[Info   :TownOfHost-Pko] [20:06:00:00][Info]┗ AbilityVotemode                       :自投票
[Info   :TownOfHost-Pko] [20:06:00:00][Info]┗ TellerCanSeeRolename                  :○
[Info   :TownOfHost-Pko] [20:06:00:00][Info]┗ TellRole                              :○
[Info   :TownOfHost-Pko] [20:06:00:00][Info]┗ cantaskcount                          :5
[Info   :TownOfHost-Pko] [20:06:00:00][Info]┗ MeetingMaxTime                        :∞
[Info   :TownOfHost-Pko] [20:06:00:00][Info]┗ AbilityAwakening                      :×
[Info   :TownOfHost-Pko] [20:06:00:00][Info]┗ AmateurTellerTargetCanseeArrow        :○
[Info   :TownOfHost-Pko] [20:06:00:00][Info]┗ SuspiciousTellerChangeRoleFilter      :未設定
[Info   :TownOfHost-Pko] [20:06:00:00][Info]Mayor                                   :50%
[Info   :TownOfHost-Pko] [20:06:00:00][Info]┗ Maximum                               :1人
[Info   :TownOfHost-Pko] [20:06:00:00][Info]┗ MayorAdditionalVote                   :2票
[Info   :TownOfHost-Pko] [20:06:00:00][Info]┗ MayorAwakening                        :×
[Info   :TownOfHost-Pko] [20:06:00:00][Info]┗ MayorHasPortableButton                :×
[Info   :TownOfHost-Pko] [20:06:00:00][Info]┗ WalkureNeedRevealCount                :3回
[Info   :TownOfHost-Pko] [20:06:00:00][Info]┗ WalkureReflectCrewmateRoleChanges     :○
[Info   :TownOfHost-Pko] [20:06:00:00][Info]┗ WalkureReflectImpostorRoleChanges     :○
[Info   :TownOfHost-Pko] [20:06:00:00][Info]┗ WalkureReflectJackalRoleChanges       :○
[Info   :TownOfHost-Pko] [20:06:00:00][Info]┗ WalkureKillRevealCount                :6回
[Info   :TownOfHost-Pko] [20:06:00:00][Info]┗ KillCooldown                          :40秒
[Info   :TownOfHost-Pko] [20:06:00:00][Info]┗ CanVent                               :×
[Info   :TownOfHost-Pko] [20:06:00:00][Info]Bakery                                  :20%
[Info   :TownOfHost-Pko] [20:06:00:00][Info]┗ Maximum                               :1人
[Info   :TownOfHost-Pko] [20:06:00:00][Info]┗ PoisonedBakeryRole77                  :0%
[Info   :TownOfHost-Pko] [20:06:00:00][Info]Express                                 :20%
[Info   :TownOfHost-Pko] [20:06:00:00][Info]┗ Maximum                               :1人
[Info   :TownOfHost-Pko] [20:06:00:00][Info]┗ ExpressSpeed                          :1.5x
[Info   :TownOfHost-Pko] [20:06:00:00][Info]Sage                                    :20%
[Info   :TownOfHost-Pko] [20:06:00:00][Info]┗ Maximum                               :1人
[Info   :TownOfHost-Pko] [20:06:00:00][Info]┗ SageBarrierDuration                   :10秒
[Info   :TownOfHost-Pko] [20:06:00:00][Info]┗ SageBarrierCooldown                   :25秒
[Info   :TownOfHost-Pko] [20:06:00:00][Info]┗ StolenerCanUseaddonOnfinish           :○
[Info   :TownOfHost-Pko] [20:06:00:00][Info]┗ GiveGuesser                           :×
[Info   :TownOfHost-Pko] [20:06:00:00][Info]┗ GiveWatching                          :×
[Info   :TownOfHost-Pko] [20:06:00:00][Info]┗ GivePlusVote                          :×
[Info   :TownOfHost-Pko] [20:06:00:00][Info]┗ GiveTiebreaker                        :×
[Info   :TownOfHost-Pko] [20:06:00:00][Info]┗ GiveAutopsy                           :×
[Info   :TownOfHost-Pko] [20:06:00:00][Info]┗ GiveRevenger                          :×
[Info   :TownOfHost-Pko] [20:06:00:00][Info]┗ GiveSpeeding                          :×
[Info   :TownOfHost-Pko] [20:06:00:00][Info]┗ GiveGuarding                          :×
[Info   :TownOfHost-Pko] [20:06:00:00][Info]┗ GiveManagement                        :×
[Info   :TownOfHost-Pko] [20:06:00:00][Info]┗ GiveSeeing                            :×
[Info   :TownOfHost-Pko] [20:06:00:00][Info]┗ GiveOpener                            :×
[Info   :TownOfHost-Pko] [20:06:00:00][Info]┗ GiveLighting                          :×
[Info   :TownOfHost-Pko] [20:06:00:00][Info]┗ GiveMoon                              :×
[Info   :TownOfHost-Pko] [20:06:00:00][Info]┗ GiveNotvoter                          :×
[Info   :TownOfHost-Pko] [20:06:00:00][Info]┗ GiveElector                           :×
[Info   :TownOfHost-Pko] [20:06:00:00][Info]┗ GiveInfoPoor                          :×
[Info   :TownOfHost-Pko] [20:06:00:00][Info]┗ GiveNonReport                         :×
[Info   :TownOfHost-Pko] [20:06:00:00][Info]┗ GiveTransparent                       :×
[Info   :TownOfHost-Pko] [20:06:00:00][Info]┗ GiveWater                             :×
[Info   :TownOfHost-Pko] [20:06:00:00][Info]┗ GiveClumsy                            :×
[Info   :TownOfHost-Pko] [20:06:00:00][Info]┗ GiveSlacker                           :×
[Info   :TownOfHost-Pko] [20:06:00:00][Info]┗ GiveStamina                           :×
[Info   :TownOfHost-Pko] [20:06:00:00][Info]┗ GiveJumbo                             :×
[Info   :TownOfHost-Pko] [20:06:00:00][Info]┗ GiveSunglasses                        :×
[Info   :TownOfHost-Pko] [20:06:00:00][Info]┗ GiveSecurer                           :×
[Info   :TownOfHost-Pko] [20:06:00:00][Info]┗ GiveSealer                            :×
[Info   :TownOfHost-Pko] [20:06:00:00][Info]┗ GiveSilverBuzzer                      :×
[Info   :TownOfHost-Pko] [20:06:00:00][Info]Bait                                    :20%
[Info   :TownOfHost-Pko] [20:06:00:00][Info]┗ Maximum                               :1人
[Info   :TownOfHost-Pko] [20:06:00:00][Info]┗ CanUseActiveComms                     :○
[Info   :TownOfHost-Pko] [20:06:00:00][Info]┗ BaitReportDelay                       :0秒
[Info   :TownOfHost-Pko] [20:06:00:00][Info]┗ BaitMaxDelay                          :0秒
[Info   :TownOfHost-Pko] [20:06:00:00][Info]┗ TaskAwakening                         :×
[Info   :TownOfHost-Pko] [20:06:00:00][Info]BoostLighter                            :30%
[Info   :TownOfHost-Pko] [20:06:00:00][Info]┗ Maximum                               :1人
[Info   :TownOfHost-Pko] [20:06:00:00][Info]┗ BoostLighterCooldown                  :30秒
[Info   :TownOfHost-Pko] [20:06:00:00][Info]┗ BoostLighterDuration                  :15秒
[Info   :TownOfHost-Pko] [20:06:00:00][Info]┗ BoostLighterVision                    :3x
[Info   :TownOfHost-Pko] [20:06:00:00][Info]┗ BoostLighterAffectedByBlackout        :○
[Info   :TownOfHost-Pko] [20:06:00:00][Info]┗ FanaticOmoikomiPick1                  :クルーメイト
[Info   :TownOfHost-Pko] [20:06:00:00][Info]┗ FanaticOmoikomiPick2                  :クルーメイト
[Info   :TownOfHost-Pko] [20:06:00:00][Info]┗ FanaticOmoikomiPick3                  :クルーメイト
[Info   :TownOfHost-Pko] [20:06:00:00][Info]┗ FanaticCantOmoikomiroles              :未設定
[Info   :TownOfHost-Pko] [20:06:00:00][Info]Doctor                                  :30%
[Info   :TownOfHost-Pko] [20:06:00:00][Info]┗ Maximum                               :1人
[Info   :TownOfHost-Pko] [20:06:00:00][Info]┗ DoctorTaskCompletedBatteryCharge      :10秒
[Info   :TownOfHost-Pko] [20:06:00:00][Info]┗ CanUseActiveComms                     :×
[Info   :TownOfHost-Pko] [20:06:00:00][Info]Seer                                    :50%
[Info   :TownOfHost-Pko] [20:06:00:00][Info]┗ Maximum                               :1人
[Info   :TownOfHost-Pko] [20:06:00:00][Info]┗ CanUseActiveComms                     :○
[Info   :TownOfHost-Pko] [20:06:00:00][Info]┗ AbilityAwakening                      :×
[Info   :TownOfHost-Pko] [20:06:00:00][Info]┗ cantaskcount                          :0
[Info   :TownOfHost-Pko] [20:06:00:00][Info]┗ SeerDelayMode                         :×
[Info   :TownOfHost-Pko] [20:06:00:00][Info]┗ PukupukuGuardCount                    :1
[Info   :TownOfHost-Pko] [20:06:00:00][Info]┗ PukupukuNotifyOnGuard                 :○
[Info   :TownOfHost-Pko] [20:06:00:00][Info]TimeManager                             :20%
[Info   :TownOfHost-Pko] [20:06:00:00][Info]┗ Maximum                               :1人
[Info   :TownOfHost-Pko] [20:06:00:00][Info]┗ TimeManagerIncreaseMeetingTime        :10秒
[Info   :TownOfHost-Pko] [20:06:00:00][Info]SabotageMaster                          :30%
[Info   :TownOfHost-Pko] [20:06:00:00][Info]┗ Maximum                               :1人
[Info   :TownOfHost-Pko] [20:06:00:00][Info]┗ SabotageMasterSkillLimit              :3回
[Info   :TownOfHost-Pko] [20:06:00:00][Info]┗ SabotageMasterFixesDoors              :○
[Info   :TownOfHost-Pko] [20:06:00:00][Info]┗ SabotageMasterFixesReactors           :○
[Info   :TownOfHost-Pko] [20:06:00:00][Info]┗ SabotageMasterFixesOxygens            :○
[Info   :TownOfHost-Pko] [20:06:00:00][Info]┗ SabotageMasterFixesCommunications     :○
[Info   :TownOfHost-Pko] [20:06:00:00][Info]┗ SabotageMasterFixesElectrical         :○
[Info   :TownOfHost-Pko] [20:06:00:00][Info]┗ roleCommonTasksNum                    :1個
[Info   :TownOfHost-Pko] [20:06:00:00][Info]┗ roleLongTasksNum                      :0個
[Info   :TownOfHost-Pko] [20:06:00:00][Info]┗ roleShortTasksNum                     :0個
[Info   :TownOfHost-Pko] [20:06:00:00][Info]┗ AndroidRemove                         :7.5%
[Info   :TownOfHost-Pko] [20:06:00:00][Info]┗ AndroidRemoveTime                     :4秒
[Info   :TownOfHost-Pko] [20:06:00:00][Info]DefaultEngineerCooldown                 :15秒
[Info   :TownOfHost-Pko] [20:06:00:00][Info]DefaultEngineerInVentMaxTime            :5秒
[Info   :TownOfHost-Pko] [20:06:00:00][Info]┗ GiveGuesser                           :○
[Info   :TownOfHost-Pko] [20:06:00:00][Info]┗ CanGuessTime                          :1人
[Info   :TownOfHost-Pko] [20:06:00:00][Info]┗ AddShotLimit                          :×
[Info   :TownOfHost-Pko] [20:06:00:00][Info]┗ OwnCanGuessTime                       :1人
[Info   :TownOfHost-Pko] [20:06:00:00][Info]┗ CanGuessVanilla                       :×
[Info   :TownOfHost-Pko] [20:06:00:00][Info]┗ CanGuessNakama                        :×
[Info   :TownOfHost-Pko] [20:06:00:00][Info]┗ CanGuessTaskDoneSnitch                :×
[Info   :TownOfHost-Pko] [20:06:00:00][Info]┗ CanWhiteCrew                          :×
[Info   :TownOfHost-Pko] [20:06:00:00][Info]┗ GiveWatching                          :○
[Info   :TownOfHost-Pko] [20:06:00:00][Info]┗ GivePlusVote                          :×
[Info   :TownOfHost-Pko] [20:06:00:00][Info]┗ GiveTiebreaker                        :○
[Info   :TownOfHost-Pko] [20:06:00:00][Info]┗ GiveAutopsy                           :○
[Info   :TownOfHost-Pko] [20:06:00:00][Info]┗ CanUseActiveComms                     :○
[Info   :TownOfHost-Pko] [20:06:00:00][Info]┗ GiveRevenger                          :×
[Info   :TownOfHost-Pko] [20:06:00:00][Info]┗ GiveSpeeding                          :×
[Info   :TownOfHost-Pko] [20:06:00:00][Info]┗ GiveGuarding                          :×
[Info   :TownOfHost-Pko] [20:06:00:00][Info]┗ GiveManagement                        :×
[Info   :TownOfHost-Pko] [20:06:00:00][Info]┗ GiveSeeing                            :×
[Info   :TownOfHost-Pko] [20:06:00:00][Info]┗ GiveOpener                            :×
[Info   :TownOfHost-Pko] [20:06:00:00][Info]┗ GiveLighting                          :×
[Info   :TownOfHost-Pko] [20:06:00:00][Info]┗ GiveMoon                              :×
[Info   :TownOfHost-Pko] [20:06:00:00][Info]┗ GiveNotvoter                          :×
[Info   :TownOfHost-Pko] [20:06:00:00][Info]┗ GiveElector                           :×
[Info   :TownOfHost-Pko] [20:06:00:00][Info]┗ GiveInfoPoor                          :×
[Info   :TownOfHost-Pko] [20:06:00:00][Info]┗ GiveNonReport                         :×
[Info   :TownOfHost-Pko] [20:06:00:00][Info]┗ GiveTransparent                       :×
[Info   :TownOfHost-Pko] [20:06:00:00][Info]┗ GiveWater                             :×
[Info   :TownOfHost-Pko] [20:06:00:00][Info]┗ GiveClumsy                            :○
[Info   :TownOfHost-Pko] [20:06:00:00][Info]┗ GiveSlacker                           :×
[Info   :TownOfHost-Pko] [20:06:00:00][Info]┗ GiveStamina                           :×
[Info   :TownOfHost-Pko] [20:06:00:00][Info]┗ GiveJumbo                             :×
[Info   :TownOfHost-Pko] [20:06:00:00][Info]┗ GiveSunglasses                        :×
[Info   :TownOfHost-Pko] [20:06:00:00][Info]┗ GiveSecurer                           :×
[Info   :TownOfHost-Pko] [20:06:00:00][Info]┗ GiveSealer                            :×
[Info   :TownOfHost-Pko] [20:06:00:00][Info]┗ GiveSilverBuzzer                      :×
[Info   :TownOfHost-Pko] [20:06:00:00][Info]Jackal                                  :50%
[Info   :TownOfHost-Pko] [20:06:00:00][Info]┗ KillCooldown                          :30秒
[Info   :TownOfHost-Pko] [20:06:00:00][Info]┗ CanVent                               :○
[Info   :TownOfHost-Pko] [20:06:00:00][Info]┗ CanUseSabotage                        :×
[Info   :TownOfHost-Pko] [20:06:00:00][Info]┗ ImpostorVision                        :○
[Info   :TownOfHost-Pko] [20:06:00:00][Info]┗ CanCreateSideKick                     :○
[Info   :TownOfHost-Pko] [20:06:00:00][Info]┗ JackalImpostorCanSidekick             :○
[Info   :TownOfHost-Pko] [20:06:00:00][Info]┗ JackalbeforeImpCanSeeImp              :○
[Info   :TownOfHost-Pko] [20:06:00:00][Info]┗ Jackaldollimpgaimpnimieru             :○
[Info   :TownOfHost-Pko] [20:06:00:00][Info]┗ Cooldown                              :30秒
[Info   :TownOfHost-Pko] [20:06:00:00][Info]┗ JackalSidekickPromotion               :○
[Info   :TownOfHost-Pko] [20:06:00:00][Info]┗ addaddons                             :×
[Info   :TownOfHost-Pko] [20:06:00:00][Info]┗ JackalImpostorCanSidekick             :×
[Info   :TownOfHost-Pko] [20:06:00:00][Info]┗ Cooldown                              :30秒
[Info   :TownOfHost-Pko] [20:06:00:00][Info]┗ JackalSidekickPromotion               :×
[Info   :TownOfHost-Pko] [20:06:00:00][Info]┗ VampireSpeedDown                      :○
[Info   :TownOfHost-Pko] [20:06:00:00][Info]┗ VampireSpeedDownCount                 :10秒
[Info   :TownOfHost-Pko] [20:06:00:00][Info]┗ VampireKillDelay                      :10秒
[Info   :TownOfHost-Pko] [20:06:00:00][Info]┗ blastrange                            :5
[Info   :TownOfHost-Pko] [20:06:00:00][Info]┗ PuppeteerPuppetCool                   :5秒
[Info   :TownOfHost-Pko] [20:06:00:00][Info]┗ StealthDarkenDuration                 :1秒
[Info   :TownOfHost-Pko] [20:06:00:00][Info]┗ KillAnimation                         :×
[Info   :TownOfHost-Pko] [20:06:00:00][Info]┗ NotifierProbability                   :50%
[Info   :TownOfHost-Pko] [20:06:00:00][Info]┗ TimeThiefDecreaseMeetingTime          :50秒
[Info   :TownOfHost-Pko] [20:06:00:00][Info]┗ TimeThiefReturnStolenTimeUponDeath    :×
[Info   :TownOfHost-Pko] [20:06:00:00][Info]┗ TairoDeathReason                      :×
[Info   :TownOfHost-Pko] [20:06:00:00][Info]┗ MayorAdditionalVote                   :1票
[Info   :TownOfHost-Pko] [20:06:00:00][Info]┗ ProgressKillerMadseen                 :×
[Info   :TownOfHost-Pko] [20:06:00:00][Info]┗ ProgressWorkhorseseen                 :×
[Info   :TownOfHost-Pko] [20:06:00:00][Info]┗ NekoKabochaImpostorsGetRevenged       :×
[Info   :TownOfHost-Pko] [20:06:00:00][Info]┗ NekoKabochaMadmatesGetRevenged        :×
[Info   :TownOfHost-Pko] [20:06:00:00][Info]┗ NekoKabochaNeutralsGetRevenged        :×
[Info   :TownOfHost-Pko] [20:06:00:00][Info]┗ NekoKabochaRevengeOnExile             :×
[Info   :TownOfHost-Pko] [20:06:00:00][Info]┗ PenguinAbductTimerLimit               :10秒
[Info   :TownOfHost-Pko] [20:06:00:00][Info]┗ PenguinMeetingKill                    :×
[Info   :TownOfHost-Pko] [20:06:00:00][Info]┗ GiveGuesser                           :×
[Info   :TownOfHost-Pko] [20:06:00:00][Info]┗ GiveWatching                          :×
[Info   :TownOfHost-Pko] [20:06:00:00][Info]┗ GivePlusVote                          :×
[Info   :TownOfHost-Pko] [20:06:00:00][Info]┗ GiveTiebreaker                        :×
[Info   :TownOfHost-Pko] [20:06:00:00][Info]┗ GiveAutopsy                           :×
[Info   :TownOfHost-Pko] [20:06:00:00][Info]┗ GiveRevenger                          :×
[Info   :TownOfHost-Pko] [20:06:00:00][Info]┗ GiveSpeeding                          :×
[Info   :TownOfHost-Pko] [20:06:00:00][Info]┗ GiveGuarding                          :×
[Info   :TownOfHost-Pko] [20:06:00:00][Info]┗ GiveManagement                        :×
[Info   :TownOfHost-Pko] [20:06:00:00][Info]┗ GiveSeeing                            :×
[Info   :TownOfHost-Pko] [20:06:00:00][Info]┗ GiveOpener                            :×
[Info   :TownOfHost-Pko] [20:06:00:00][Info]┗ GiveLighting                          :○
[Info   :TownOfHost-Pko] [20:06:00:00][Info]┗ GiveMoon                              :○
[Info   :TownOfHost-Pko] [20:06:00:00][Info]┗ GiveNotvoter                          :×
[Info   :TownOfHost-Pko] [20:06:00:00][Info]┗ GiveElector                           :×
[Info   :TownOfHost-Pko] [20:06:00:00][Info]┗ GiveInfoPoor                          :×
[Info   :TownOfHost-Pko] [20:06:00:00][Info]┗ GiveNonReport                         :×
[Info   :TownOfHost-Pko] [20:06:00:00][Info]┗ GiveTransparent                       :×
[Info   :TownOfHost-Pko] [20:06:00:00][Info]┗ GiveWater                             :×
[Info   :TownOfHost-Pko] [20:06:00:00][Info]┗ GiveClumsy                            :×
[Info   :TownOfHost-Pko] [20:06:00:00][Info]┗ GiveSlacker                           :×
[Info   :TownOfHost-Pko] [20:06:00:00][Info]┗ GiveStamina                           :×
[Info   :TownOfHost-Pko] [20:06:00:00][Info]┗ GiveJumbo                             :×
[Info   :TownOfHost-Pko] [20:06:00:00][Info]┗ GiveSunglasses                        :×
[Info   :TownOfHost-Pko] [20:06:00:00][Info]┗ GiveSecurer                           :×
[Info   :TownOfHost-Pko] [20:06:00:00][Info]┗ GiveSealer                            :×
[Info   :TownOfHost-Pko] [20:06:00:00][Info]┗ GiveSilverBuzzer                      :×
[Info   :TownOfHost-Pko] [20:06:00:00][Info]┗ JackalImpostorCanSidekick             :×
[Info   :TownOfHost-Pko] [20:06:00:00][Info]┗ Cooldown                              :30秒
[Info   :TownOfHost-Pko] [20:06:00:00][Info]┗ JackalSidekickPromotion               :×
[Info   :TownOfHost-Pko] [20:06:00:00][Info]┗ GiveGuesser                           :×
[Info   :TownOfHost-Pko] [20:06:00:00][Info]┗ GiveWatching                          :×
[Info   :TownOfHost-Pko] [20:06:00:00][Info]┗ GivePlusVote                          :×
[Info   :TownOfHost-Pko] [20:06:00:00][Info]┗ GiveTiebreaker                        :×
[Info   :TownOfHost-Pko] [20:06:00:00][Info]┗ GiveAutopsy                           :×
[Info   :TownOfHost-Pko] [20:06:00:00][Info]┗ GiveRevenger                          :×
[Info   :TownOfHost-Pko] [20:06:00:00][Info]┗ GiveSpeeding                          :×
[Info   :TownOfHost-Pko] [20:06:00:00][Info]┗ GiveGuarding                          :×
[Info   :TownOfHost-Pko] [20:06:00:00][Info]┗ GiveManagement                        :×
[Info   :TownOfHost-Pko] [20:06:00:00][Info]┗ GiveSeeing                            :×
[Info   :TownOfHost-Pko] [20:06:00:00][Info]┗ GiveOpener                            :×
[Info   :TownOfHost-Pko] [20:06:00:00][Info]┗ GiveLighting                          :○
[Info   :TownOfHost-Pko] [20:06:00:00][Info]┗ GiveMoon                              :○
[Info   :TownOfHost-Pko] [20:06:00:00][Info]┗ GiveNotvoter                          :×
[Info   :TownOfHost-Pko] [20:06:00:00][Info]┗ GiveElector                           :×
[Info   :TownOfHost-Pko] [20:06:00:00][Info]┗ GiveInfoPoor                          :×
[Info   :TownOfHost-Pko] [20:06:00:00][Info]┗ GiveNonReport                         :×
[Info   :TownOfHost-Pko] [20:06:00:00][Info]┗ GiveTransparent                       :×
[Info   :TownOfHost-Pko] [20:06:00:00][Info]┗ GiveWater                             :×
[Info   :TownOfHost-Pko] [20:06:00:00][Info]┗ GiveClumsy                            :×
[Info   :TownOfHost-Pko] [20:06:00:00][Info]┗ GiveSlacker                           :×
[Info   :TownOfHost-Pko] [20:06:00:00][Info]┗ GiveStamina                           :×
[Info   :TownOfHost-Pko] [20:06:00:00][Info]┗ GiveJumbo                             :×
[Info   :TownOfHost-Pko] [20:06:00:00][Info]┗ GiveSunglasses                        :×
[Info   :TownOfHost-Pko] [20:06:00:00][Info]┗ GiveSecurer                           :×
[Info   :TownOfHost-Pko] [20:06:00:00][Info]┗ GiveSealer                            :×
[Info   :TownOfHost-Pko] [20:06:00:00][Info]┗ GiveSilverBuzzer                      :×
[Info   :TownOfHost-Pko] [20:06:00:00][Info]┗ GiveGuesser                           :×
[Info   :TownOfHost-Pko] [20:06:00:00][Info]┗ GiveWatching                          :×
[Info   :TownOfHost-Pko] [20:06:00:00][Info]┗ GivePlusVote                          :×
[Info   :TownOfHost-Pko] [20:06:00:00][Info]┗ GiveTiebreaker                        :×
[Info   :TownOfHost-Pko] [20:06:00:00][Info]┗ GiveAutopsy                           :×
[Info   :TownOfHost-Pko] [20:06:00:00][Info]┗ GiveRevenger                          :×
[Info   :TownOfHost-Pko] [20:06:00:00][Info]┗ GiveSpeeding                          :×
[Info   :TownOfHost-Pko] [20:06:00:00][Info]┗ GiveGuarding                          :×
[Info   :TownOfHost-Pko] [20:06:00:00][Info]┗ GiveManagement                        :×
[Info   :TownOfHost-Pko] [20:06:00:00][Info]┗ GiveSeeing                            :×
[Info   :TownOfHost-Pko] [20:06:00:00][Info]┗ GiveOpener                            :×
[Info   :TownOfHost-Pko] [20:06:00:00][Info]┗ GiveLighting                          :○
[Info   :TownOfHost-Pko] [20:06:00:00][Info]┗ GiveMoon                              :○
[Info   :TownOfHost-Pko] [20:06:00:00][Info]┗ GiveNotvoter                          :×
[Info   :TownOfHost-Pko] [20:06:00:00][Info]┗ GiveElector                           :×
[Info   :TownOfHost-Pko] [20:06:00:00][Info]┗ GiveInfoPoor                          :×
[Info   :TownOfHost-Pko] [20:06:00:00][Info]┗ GiveNonReport                         :×
[Info   :TownOfHost-Pko] [20:06:00:00][Info]┗ GiveTransparent                       :×
[Info   :TownOfHost-Pko] [20:06:00:00][Info]┗ GiveWater                             :×
[Info   :TownOfHost-Pko] [20:06:00:00][Info]┗ GiveClumsy                            :×
[Info   :TownOfHost-Pko] [20:06:00:00][Info]┗ GiveSlacker                           :×
[Info   :TownOfHost-Pko] [20:06:00:00][Info]┗ GiveStamina                           :×
[Info   :TownOfHost-Pko] [20:06:00:00][Info]┗ GiveJumbo                             :×
[Info   :TownOfHost-Pko] [20:06:00:00][Info]┗ GiveSunglasses                        :×
[Info   :TownOfHost-Pko] [20:06:00:00][Info]┗ GiveSecurer                           :×
[Info   :TownOfHost-Pko] [20:06:00:00][Info]┗ GiveSealer                            :×
[Info   :TownOfHost-Pko] [20:06:00:00][Info]┗ GiveSilverBuzzer                      :×
[Info   :TownOfHost-Pko] [20:06:00:00][Info]┗ JackaldollCountAsKillerOnlyWhenPromotionEnabled:×
[Info   :TownOfHost-Pko] [20:06:00:00][Info]JackalHadouHo                           :10%
[Info   :TownOfHost-Pko] [20:06:00:00][Info]┗ KillCooldown                          :30秒
[Info   :TownOfHost-Pko] [20:06:00:00][Info]┗ Cooldown                              :30秒
[Info   :TownOfHost-Pko] [20:06:00:00][Info]┗ JackalHadouHoChargeTime               :5秒
[Info   :TownOfHost-Pko] [20:06:00:00][Info]┗ JackalHadouHoSuperChargeTime          :3秒
[Info   :TownOfHost-Pko] [20:06:00:00][Info]┗ JackalHadouHoBeamTime                 :0.5秒
[Info   :TownOfHost-Pko] [20:06:00:00][Info]┗ JackalHadouHoSuperBeamTime            :2秒
[Info   :TownOfHost-Pko] [20:06:00:00][Info]┗ JackalHadouHoSelfDestruct             :×
[Info   :TownOfHost-Pko] [20:06:00:00][Info]┗ JackalHadouHoKillJackal               :○
[Info   :TownOfHost-Pko] [20:06:00:00][Info]┗ CanVent                               :○
[Info   :TownOfHost-Pko] [20:06:00:00][Info]┗ CanUseSabotage                        :×
[Info   :TownOfHost-Pko] [20:06:00:00][Info]┗ ImpostorVision                        :○
[Info   :TownOfHost-Pko] [20:06:00:00][Info]┗ CanCreateSideKick                     :○
[Info   :TownOfHost-Pko] [20:06:00:00][Info]┗ JackalHadouHoSidekickCooldown         :30秒
[Info   :TownOfHost-Pko] [20:06:00:00][Info]┗ JackalHadouHoImpostorCanSidekick      :○
[Info   :TownOfHost-Pko] [20:06:00:00][Info]┗ JackalHadouHoSidekickCanSeeOldImpostorTeammates:○
[Info   :TownOfHost-Pko] [20:06:00:00][Info]┗ JackalHadouHoImpostorCanSeeNameColor  :○
[Info   :TownOfHost-Pko] [20:06:00:00][Info]┗ JackalHadouHoSidekickPromotion        :○
[Info   :TownOfHost-Pko] [20:06:00:00][Info]┗ TamaCanLoad                           :○
[Info   :TownOfHost-Pko] [20:06:00:00][Info]┗ TamaLoadCooldown                      :10秒
[Info   :TownOfHost-Pko] [20:06:00:00][Info]┗ CanVent                               :×
[Info   :TownOfHost-Pko] [20:06:00:00][Info]┗ TamaCountAsJackalKiller               :○
[Info   :TownOfHost-Pko] [20:06:00:00][Info]┗ TamaCountAsKillerOnlyWhenPromotionEnabled:×
[Info   :TownOfHost-Pko] [20:06:00:00][Info]┗ addaddons                             :×
[Info   :TownOfHost-Pko] [20:06:00:00][Info]┗ GiveGuesser                           :×
[Info   :TownOfHost-Pko] [20:06:00:00][Info]┗ GiveWatching                          :×
[Info   :TownOfHost-Pko] [20:06:00:00][Info]┗ GivePlusVote                          :×
[Info   :TownOfHost-Pko] [20:06:00:00][Info]┗ GiveTiebreaker                        :×
[Info   :TownOfHost-Pko] [20:06:00:00][Info]┗ GiveAutopsy                           :×
[Info   :TownOfHost-Pko] [20:06:00:00][Info]┗ GiveRevenger                          :×
[Info   :TownOfHost-Pko] [20:06:00:00][Info]┗ GiveSpeeding                          :×
[Info   :TownOfHost-Pko] [20:06:00:00][Info]┗ GiveGuarding                          :×
[Info   :TownOfHost-Pko] [20:06:00:00][Info]┗ GiveManagement                        :×
[Info   :TownOfHost-Pko] [20:06:00:00][Info]┗ GiveSeeing                            :×
[Info   :TownOfHost-Pko] [20:06:00:00][Info]┗ GiveOpener                            :×
[Info   :TownOfHost-Pko] [20:06:00:00][Info]┗ GiveLighting                          :○
[Info   :TownOfHost-Pko] [20:06:00:00][Info]┗ GiveMoon                              :○
[Info   :TownOfHost-Pko] [20:06:00:00][Info]┗ GiveNotvoter                          :×
[Info   :TownOfHost-Pko] [20:06:00:00][Info]┗ GiveElector                           :×
[Info   :TownOfHost-Pko] [20:06:00:00][Info]┗ GiveInfoPoor                          :×
[Info   :TownOfHost-Pko] [20:06:00:00][Info]┗ GiveNonReport                         :×
[Info   :TownOfHost-Pko] [20:06:00:00][Info]┗ GiveTransparent                       :×
[Info   :TownOfHost-Pko] [20:06:00:00][Info]┗ GiveWater                             :×
[Info   :TownOfHost-Pko] [20:06:00:00][Info]┗ GiveClumsy                            :×
[Info   :TownOfHost-Pko] [20:06:00:00][Info]┗ GiveSlacker                           :×
[Info   :TownOfHost-Pko] [20:06:00:00][Info]┗ GiveStamina                           :×
[Info   :TownOfHost-Pko] [20:06:00:00][Info]┗ GiveJumbo                             :×
[Info   :TownOfHost-Pko] [20:06:00:00][Info]┗ GiveSunglasses                        :×
[Info   :TownOfHost-Pko] [20:06:00:00][Info]┗ GiveSecurer                           :×
[Info   :TownOfHost-Pko] [20:06:00:00][Info]┗ GiveSealer                            :×
[Info   :TownOfHost-Pko] [20:06:00:00][Info]┗ GiveSilverBuzzer                      :×
[Info   :TownOfHost-Pko] [20:06:00:00][Info]┗ CountKillerAddWinToSoloWin            :×
[Info   :TownOfHost-Pko] [20:06:00:00][Info]┗ GiveGuesser                           :×
[Info   :TownOfHost-Pko] [20:06:00:00][Info]┗ GiveWatching                          :×
[Info   :TownOfHost-Pko] [20:06:00:00][Info]┗ GivePlusVote                          :×
[Info   :TownOfHost-Pko] [20:06:00:00][Info]┗ GiveTiebreaker                        :×
[Info   :TownOfHost-Pko] [20:06:00:00][Info]┗ GiveAutopsy                           :×
[Info   :TownOfHost-Pko] [20:06:00:00][Info]┗ GiveRevenger                          :×
[Info   :TownOfHost-Pko] [20:06:00:00][Info]┗ GiveSpeeding                          :×
[Info   :TownOfHost-Pko] [20:06:00:00][Info]┗ GiveGuarding                          :×
[Info   :TownOfHost-Pko] [20:06:00:00][Info]┗ GiveManagement                        :×
[Info   :TownOfHost-Pko] [20:06:00:00][Info]┗ GiveSeeing                            :×
[Info   :TownOfHost-Pko] [20:06:00:00][Info]┗ GiveOpener                            :×
[Info   :TownOfHost-Pko] [20:06:00:00][Info]┗ GiveLighting                          :○
[Info   :TownOfHost-Pko] [20:06:00:00][Info]┗ GiveMoon                              :○
[Info   :TownOfHost-Pko] [20:06:00:00][Info]┗ GiveNotvoter                          :×
[Info   :TownOfHost-Pko] [20:06:00:00][Info]┗ GiveElector                           :×
[Info   :TownOfHost-Pko] [20:06:00:00][Info]┗ GiveInfoPoor                          :×
[Info   :TownOfHost-Pko] [20:06:00:00][Info]┗ GiveNonReport                         :×
[Info   :TownOfHost-Pko] [20:06:00:00][Info]┗ GiveTransparent                       :×
[Info   :TownOfHost-Pko] [20:06:00:00][Info]┗ GiveWater                             :×
[Info   :TownOfHost-Pko] [20:06:00:00][Info]┗ GiveClumsy                            :×
[Info   :TownOfHost-Pko] [20:06:00:00][Info]┗ GiveSlacker                           :×
[Info   :TownOfHost-Pko] [20:06:00:00][Info]┗ GiveStamina                           :×
[Info   :TownOfHost-Pko] [20:06:00:00][Info]┗ GiveJumbo                             :×
[Info   :TownOfHost-Pko] [20:06:00:00][Info]┗ GiveSunglasses                        :×
[Info   :TownOfHost-Pko] [20:06:00:00][Info]┗ GiveSecurer                           :×
[Info   :TownOfHost-Pko] [20:06:00:00][Info]┗ GiveSealer                            :×
[Info   :TownOfHost-Pko] [20:06:00:00][Info]┗ GiveSilverBuzzer                      :×
[Info   :TownOfHost-Pko] [20:06:00:00][Info]┗ GiveGuesser                           :×
[Info   :TownOfHost-Pko] [20:06:00:00][Info]┗ GiveWatching                          :×
[Info   :TownOfHost-Pko] [20:06:00:00][Info]┗ GivePlusVote                          :×
[Info   :TownOfHost-Pko] [20:06:00:00][Info]┗ GiveTiebreaker                        :×
[Info   :TownOfHost-Pko] [20:06:00:00][Info]┗ GiveAutopsy                           :×
[Info   :TownOfHost-Pko] [20:06:00:00][Info]┗ GiveRevenger                          :×
[Info   :TownOfHost-Pko] [20:06:00:00][Info]┗ GiveSpeeding                          :×
[Info   :TownOfHost-Pko] [20:06:00:00][Info]┗ GiveGuarding                          :×
[Info   :TownOfHost-Pko] [20:06:00:00][Info]┗ GiveManagement                        :×
[Info   :TownOfHost-Pko] [20:06:00:00][Info]┗ GiveSeeing                            :×
[Info   :TownOfHost-Pko] [20:06:00:00][Info]┗ GiveOpener                            :×
[Info   :TownOfHost-Pko] [20:06:00:00][Info]┗ GiveLighting                          :○
[Info   :TownOfHost-Pko] [20:06:00:00][Info]┗ GiveMoon                              :○
[Info   :TownOfHost-Pko] [20:06:00:00][Info]┗ GiveNotvoter                          :×
[Info   :TownOfHost-Pko] [20:06:00:00][Info]┗ GiveElector                           :×
[Info   :TownOfHost-Pko] [20:06:00:00][Info]┗ GiveInfoPoor                          :×
[Info   :TownOfHost-Pko] [20:06:00:00][Info]┗ GiveNonReport                         :×
[Info   :TownOfHost-Pko] [20:06:00:00][Info]┗ GiveTransparent                       :×
[Info   :TownOfHost-Pko] [20:06:00:00][Info]┗ GiveWater                             :×
[Info   :TownOfHost-Pko] [20:06:00:00][Info]┗ GiveClumsy                            :×
[Info   :TownOfHost-Pko] [20:06:00:00][Info]┗ GiveSlacker                           :×
[Info   :TownOfHost-Pko] [20:06:00:00][Info]┗ GiveStamina                           :×
[Info   :TownOfHost-Pko] [20:06:00:00][Info]┗ GiveJumbo                             :×
[Info   :TownOfHost-Pko] [20:06:00:00][Info]┗ GiveSunglasses                        :×
[Info   :TownOfHost-Pko] [20:06:00:00][Info]┗ GiveSecurer                           :×
[Info   :TownOfHost-Pko] [20:06:00:00][Info]┗ GiveSealer                            :×
[Info   :TownOfHost-Pko] [20:06:00:00][Info]┗ GiveSilverBuzzer                      :×
[Info   :TownOfHost-Pko] [20:06:00:00][Info]Arsonist                                :10%
[Info   :TownOfHost-Pko] [20:06:00:00][Info]┗ Maximum                               :1人
[Info   :TownOfHost-Pko] [20:06:00:00][Info]┗ SoloWinOption                         :1
[Info   :TownOfHost-Pko] [20:06:00:00][Info]┗ ArsonistCanSeeAllplayer               :×
[Info   :TownOfHost-Pko] [20:06:00:00][Info]┗ CanVent                               :×
[Info   :TownOfHost-Pko] [20:06:00:00][Info]┗ ArsonistDouseTime                     :3秒
[Info   :TownOfHost-Pko] [20:06:00:00][Info]┗ Cooldown                              :15秒
[Info   :TownOfHost-Pko] [20:06:00:00][Info]┗ ArsonistRange                         :1.5x
[Info   :TownOfHost-Pko] [20:06:00:01][Info]┗ Killdistance                          :ミドル
[Info   :TownOfHost-Pko] [20:06:00:01][Info]PlagueDoctor                            :10%
[Info   :TownOfHost-Pko] [20:06:00:01][Info]┗ Maximum                               :1人
[Info   :TownOfHost-Pko] [20:06:00:01][Info]┗ SoloWinOption                         :1
[Info   :TownOfHost-Pko] [20:06:00:01][Info]┗ PlagueDoctorInfectLimit               :1回
[Info   :TownOfHost-Pko] [20:06:00:01][Info]┗ PlagueDoctorInfectWhenKilled          :×
[Info   :TownOfHost-Pko] [20:06:00:01][Info]┗ PlagueDoctorInfectTime                :10秒
[Info   :TownOfHost-Pko] [20:06:00:01][Info]┗ PlagueDoctorInfectDistance            :1.5
[Info   :TownOfHost-Pko] [20:06:00:01][Info]┗ PlagueDoctorInfectInactiveTime        :10秒
[Info   :TownOfHost-Pko] [20:06:00:01][Info]┗ PlagueDoctorCanInfectSelf             :×
[Info   :TownOfHost-Pko] [20:06:00:01][Info]┗ PlagueDoctorCanInfectVent             :○
[Info   :TownOfHost-Pko] [20:06:00:01][Info]┗ PlagueDoctorDestroyPlague             :×
[Info   :TownOfHost-Pko] [20:06:00:01][Info]┗ Killdistance                          :ショート
[Info   :TownOfHost-Pko] [20:06:00:01][Info]Jester                                  :20%
[Info   :TownOfHost-Pko] [20:06:00:01][Info]┗ Maximum                               :1人
[Info   :TownOfHost-Pko] [20:06:00:01][Info]┗ SoloWinOption                         :1
[Info   :TownOfHost-Pko] [20:06:00:01][Info]┗ CanVent                               :×
[Info   :TownOfHost-Pko] [20:06:00:01][Info]┗ JesterRequireTask                     :○
[Info   :TownOfHost-Pko] [20:06:00:01][Info]┗ doOverride                            :○
[Info   :TownOfHost-Pko] [20:06:00:01][Info]┗ roleCommonTasksNum                    :0個
[Info   :TownOfHost-Pko] [20:06:00:01][Info]┗ roleLongTasksNum                      :0個
[Info   :TownOfHost-Pko] [20:06:00:01][Info]┗ roleShortTasksNum                     :3個
[Info   :TownOfHost-Pko] [20:06:00:01][Info]Cupid                                   :20%
[Info   :TownOfHost-Pko] [20:06:00:01][Info]┗ CupidKillCooldown                     :15秒
[Info   :TownOfHost-Pko] [20:06:00:01][Info]┗ SoloWinOption                         :13
[Info   :TownOfHost-Pko] [20:06:00:01][Info]┗ CupidFallChenge                       :オポチュニスト
[Info   :TownOfHost-Pko] [20:06:00:01][Info]┗ LoversRole                            :○
[Info   :TownOfHost-Pko] [20:06:00:01][Info]┗ LoversRoleAddwin                      :×
[Info   :TownOfHost-Pko] [20:06:00:01][Info]┗ LoverSoloWin3players                  :×
[Info   :TownOfHost-Pko] [20:06:00:01][Info]┗ EngineerCooldown                      :15秒
[Info   :TownOfHost-Pko] [20:06:00:01][Info]┗ EngineerInVentCooldown                :5秒
[Info   :TownOfHost-Pko] [20:06:00:01][Info]┗ roleCommonTasksNum                    :0個
[Info   :TownOfHost-Pko] [20:06:00:01][Info]┗ roleLongTasksNum                      :0個
[Info   :TownOfHost-Pko] [20:06:00:01][Info]┗ roleShortTasksNum                     :3個
[Info   :TownOfHost-Pko] [20:06:00:01][Info]┗ BankerDieRemoveCoin                   :30
[Info   :TownOfHost-Pko] [20:06:00:01][Info]┗ BankerDieRemoveTurn                   :10
[Info   :TownOfHost-Pko] [20:06:00:01][Info]┗ roleCommonTasksNum                    :0個
[Info   :TownOfHost-Pko] [20:06:00:01][Info]┗ roleLongTasksNum                      :1個
[Info   :TownOfHost-Pko] [20:06:00:01][Info]┗ roleShortTasksNum                     :2個
[Info   :TownOfHost-Pko] [20:06:00:01][Info]┗ roleCommonTasksNum                    :1個
[Info   :TownOfHost-Pko] [20:06:00:01][Info]┗ roleLongTasksNum                      :1個
[Info   :TownOfHost-Pko] [20:06:00:01][Info]┗ roleShortTasksNum                     :1個
[Info   :TownOfHost-Pko] [20:06:00:01][Info]┗ roleCommonTasksNum                    :1個
[Info   :TownOfHost-Pko] [20:06:00:01][Info]┗ roleLongTasksNum                      :1個
[Info   :TownOfHost-Pko] [20:06:00:01][Info]┗ roleShortTasksNum                     :1個
[Info   :TownOfHost-Pko] [20:06:00:01][Info]┗ OnmyojiVentCooldown                   :15秒
[Info   :TownOfHost-Pko] [20:06:00:01][Info]┗ OnmyojiVentDuration                   :10秒
[Info   :TownOfHost-Pko] [20:06:00:01][Info]┗ OnmyojiCreateShikigamiCooldown        :20秒
[Info   :TownOfHost-Pko] [20:06:00:01][Info]Freeter                                 :40%
[Info   :TownOfHost-Pko] [20:06:00:01][Info]┗ Maximum                               :1人
[Info   :TownOfHost-Pko] [20:06:00:01][Info]┗ FreeterUnemployedDeathTurns           :3回
[Info   :TownOfHost-Pko] [20:06:00:01][Info]┗ FreeterInitialCooldown                :20秒
[Info   :TownOfHost-Pko] [20:06:00:01][Info]┗ FreeterFinalCooldown                  :60秒
[Info   :TownOfHost-Pko] [20:06:00:01][Info]┗ FreeterSeeEmployerRole                :○
[Info   :TownOfHost-Pko] [20:06:00:01][Info]┗ FreeterSurvivalRequiredForWin         :×
[Info   :TownOfHost-Pko] [20:06:00:01][Info]Opportunist                             :50%
[Info   :TownOfHost-Pko] [20:06:00:01][Info]┗ Maximum                               :1人
[Info   :TownOfHost-Pko] [20:06:00:01][Info]┗ OpportunistHasKillButton              :×
[Info   :TownOfHost-Pko] [20:06:00:01][Info]┗ PhantomThiefNoticeType                :陣営
[Info   :TownOfHost-Pko] [20:06:00:01][Info]God                                     :20%
[Info   :TownOfHost-Pko] [20:06:00:01][Info]┗ Maximum                               :1人
[Info   :TownOfHost-Pko] [20:06:00:01][Info]┗ SoloWinOption                         :5
[Info   :TownOfHost-Pko] [20:06:00:01][Info]┗ doOverride                            :○
[Info   :TownOfHost-Pko] [20:06:00:02][Info]┗ roleCommonTasksNum                    :0個
[Info   :TownOfHost-Pko] [20:06:00:02][Info]┗ roleLongTasksNum                      :0個
[Info   :TownOfHost-Pko] [20:06:00:02][Info]┗ roleShortTasksNum                     :5個
[Info   :TownOfHost-Pko] [20:06:00:02][Info]┗ GodBakuro                             :×
[Info   :TownOfHost-Pko] [20:06:00:02][Info]┗ GodSeeVotes                           :○
[Info   :TownOfHost-Pko] [20:06:00:02][Info]┗ GodCanSeeDeathReason                  :○
[Info   :TownOfHost-Pko] [20:06:00:02][Info]┗ GodSeeAddons                          :○
[Info   :TownOfHost-Pko] [20:06:00:02][Info]┗ GodRequireTasksToWin                  :○
[Info   :TownOfHost-Pko] [20:06:00:02][Info]┗ GodTaskCount                          :3
[Info   :TownOfHost-Pko] [20:06:00:02][Info]┗ GodCantFixReactor                     :○
[Info   :TownOfHost-Pko] [20:06:00:02][Info]┗ GodCantFixLightsOut                   :○
[Info   :TownOfHost-Pko] [20:06:00:02][Info]┗ GodCantFixHeli                        :○
[Info   :TownOfHost-Pko] [20:06:00:02][Info]┗ GodCantFixComms                       :○
[Info   :TownOfHost-Pko] [20:06:00:02][Info]┗ GiveGuesser                           :×
[Info   :TownOfHost-Pko] [20:06:00:02][Info]┗ GiveWatching                          :×
[Info   :TownOfHost-Pko] [20:06:00:02][Info]┗ GivePlusVote                          :×
[Info   :TownOfHost-Pko] [20:06:00:02][Info]┗ GiveTiebreaker                        :×
[Info   :TownOfHost-Pko] [20:06:00:02][Info]┗ GiveAutopsy                           :×
[Info   :TownOfHost-Pko] [20:06:00:02][Info]┗ GiveRevenger                          :×
[Info   :TownOfHost-Pko] [20:06:00:02][Info]┗ GiveSpeeding                          :×
[Info   :TownOfHost-Pko] [20:06:00:02][Info]┗ GiveGuarding                          :×
[Info   :TownOfHost-Pko] [20:06:00:02][Info]┗ GiveManagement                        :×
[Info   :TownOfHost-Pko] [20:06:00:02][Info]┗ GiveSeeing                            :×
[Info   :TownOfHost-Pko] [20:06:00:02][Info]┗ GiveOpener                            :×
[Info   :TownOfHost-Pko] [20:06:00:02][Info]┗ GiveLighting                          :○
[Info   :TownOfHost-Pko] [20:06:00:02][Info]┗ GiveMoon                              :○
[Info   :TownOfHost-Pko] [20:06:00:02][Info]┗ GiveNotvoter                          :×
[Info   :TownOfHost-Pko] [20:06:00:02][Info]┗ GiveElector                           :×
[Info   :TownOfHost-Pko] [20:06:00:02][Info]┗ GiveInfoPoor                          :×
[Info   :TownOfHost-Pko] [20:06:00:02][Info]┗ GiveNonReport                         :×
[Info   :TownOfHost-Pko] [20:06:00:02][Info]┗ GiveTransparent                       :×
[Info   :TownOfHost-Pko] [20:06:00:02][Info]┗ GiveWater                             :×
[Info   :TownOfHost-Pko] [20:06:00:02][Info]┗ GiveClumsy                            :×
[Info   :TownOfHost-Pko] [20:06:00:02][Info]┗ GiveSlacker                           :×
[Info   :TownOfHost-Pko] [20:06:00:02][Info]┗ GiveStamina                           :×
[Info   :TownOfHost-Pko] [20:06:00:02][Info]┗ GiveJumbo                             :×
[Info   :TownOfHost-Pko] [20:06:00:02][Info]┗ GiveSunglasses                        :×
[Info   :TownOfHost-Pko] [20:06:00:02][Info]┗ GiveSecurer                           :×
[Info   :TownOfHost-Pko] [20:06:00:02][Info]┗ GiveSealer                            :×
[Info   :TownOfHost-Pko] [20:06:00:02][Info]┗ GiveSilverBuzzer                      :×
[Info   :TownOfHost-Pko] [20:06:00:02][Info]┗ BakeCatDieKillerTime                  :1秒
[Info   :TownOfHost-Pko] [20:06:00:02][Info]┗ BakeCatShowRoleNameToKillerTeam       :×
[Info   :TownOfHost-Pko] [20:06:00:02][Info]CanMakeMadmateCount                     :0人
[Info   :TownOfHost-Pko] [20:06:00:02][Info]MadmateOption                           :×
[Info   :TownOfHost-Pko] [20:06:00:02][Info]┗ FixedRole                             :未設定
[Info   :TownOfHost-Pko] [20:06:00:02][Info]┗ FixedRole                             :未設定
[Info   :TownOfHost-Pko] [20:06:00:02][Info]┗ KillCooldown                          :15秒
[Info   :TownOfHost-Pko] [20:06:00:02][Info]┗ KillCooldown                          :15秒
[Info   :TownOfHost-Pko] [20:06:00:02][Info]┗ FixedRole                             :未設定
[Info   :TownOfHost-Pko] [20:06:00:02][Info]┗ FixedRole                             :未設定
[Info   :TownOfHost-Pko] [20:06:00:02][Info]┗ FixedRole                             :未設定
[Info   :TownOfHost-Pko] [20:06:00:02][Info]┗ FixedRole                             :未設定
[Info   :TownOfHost-Pko] [20:06:00:02][Info]┗ FixedRole                             :未設定
[Info   :TownOfHost-Pko] [20:06:00:02][Info]┗ FixedRole                             :未設定
[Info   :TownOfHost-Pko] [20:06:00:02][Info]┗ FixedRole                             :未設定
[Info   :TownOfHost-Pko] [20:06:00:02][Info]┗ FixedRole                             :未設定
[Info   :TownOfHost-Pko] [20:06:00:02][Info]┗ FixedRole                             :未設定
[Info   :TownOfHost-Pko] [20:06:00:02][Info]┗ FixedRole                             :未設定
[Info   :TownOfHost-Pko] [20:06:00:02][Info]┗ FixedRole                             :未設定
[Info   :TownOfHost-Pko] [20:06:00:02][Info]┗ FixedRole                             :未設定
[Info   :TownOfHost-Pko] [20:06:00:02][Info]┗ FixedRole                             :未設定
[Info   :TownOfHost-Pko] [20:06:00:02][Info]┗ FixedRole                             :未設定
[Info   :TownOfHost-Pko] [20:06:00:02][Info]┗ FixedRole                             :未設定
[Info   :TownOfHost-Pko] [20:06:00:02][Info]┗ FixedRole                             :未設定
[Info   :TownOfHost-Pko] [20:06:00:02][Info]┗ FixedRole                             :未設定
[Info   :TownOfHost-Pko] [20:06:00:02][Info]┗ FixedRole                             :未設定
[Info   :TownOfHost-Pko] [20:06:00:02][Info]┗ FixedRole                             :未設定
[Info   :TownOfHost-Pko] [20:06:00:02][Info]┗ FixedRole                             :未設定
[Info   :TownOfHost-Pko] [20:06:00:02][Info]┗ FixedRole                             :未設定
[Info   :TownOfHost-Pko] [20:06:00:02][Info]┗ FixedRole                             :未設定
[Info   :TownOfHost-Pko] [20:06:00:02][Info]┗ FixedRole                             :未設定
[Info   :TownOfHost-Pko] [20:06:00:02][Info]┗ FixedRole                             :未設定
[Info   :TownOfHost-Pko] [20:06:00:02][Info]┗ FixedRole                             :未設定
[Info   :TownOfHost-Pko] [20:06:00:02][Info]┗ FixedRole                             :未設定
[Info   :TownOfHost-Pko] [20:06:00:02][Info]┗ FixedRole                             :未設定
[Info   :TownOfHost-Pko] [20:06:00:02][Info]┗ FixedRole                             :未設定
[Info   :TownOfHost-Pko] [20:06:00:02][Info]┗ FixedRole                             :未設定
[Info   :TownOfHost-Pko] [20:06:00:02][Info]┗ FixedRole                             :未設定
[Info   :TownOfHost-Pko] [20:06:00:02][Info]┗ FixedRole                             :未設定
[Info   :TownOfHost-Pko] [20:06:00:02][Info]┗ FixedRole                             :未設定
[Info   :TownOfHost-Pko] [20:06:00:02][Info]┗ FixedRole                             :未設定
[Info   :TownOfHost-Pko] [20:06:00:02][Info]┗ FixedRole                             :未設定
[Info   :TownOfHost-Pko] [20:06:00:02][Info]┗ FixedRole                             :未設定
[Info   :TownOfHost-Pko] [20:06:00:02][Info]┗ FixedRole                             :未設定
[Info   :TownOfHost-Pko] [20:06:00:02][Info]┗ FixedRole                             :未設定
[Info   :TownOfHost-Pko] [20:06:00:02][Info]┗ FixedRole                             :未設定
[Info   :TownOfHost-Pko] [20:06:00:02][Info]┗ FixedRole                             :未設定
[Info   :TownOfHost-Pko] [20:06:00:02][Info]┗ FixedRole                             :未設定
[Info   :TownOfHost-Pko] [20:06:00:02][Info]┗ FixedRole                             :未設定
[Info   :TownOfHost-Pko] [20:06:00:02][Info]┗ FixedRole                             :未設定
[Info   :TownOfHost-Pko] [20:06:00:02][Info]┗ FixedRole                             :未設定
[Info   :TownOfHost-Pko] [20:06:00:02][Info]┗ FixedRole                             :未設定
[Info   :TownOfHost-Pko] [20:06:00:02][Info]┗ FixedRole                             :未設定
[Info   :TownOfHost-Pko] [20:06:00:02][Info]┗ FixedRole                             :未設定
[Info   :TownOfHost-Pko] [20:06:00:02][Info]┗ FixedRole                             :未設定
[Info   :TownOfHost-Pko] [20:06:00:02][Info]┗ FixedRole                             :未設定
[Info   :TownOfHost-Pko] [20:06:00:02][Info]┗ FixedRole                             :未設定
[Info   :TownOfHost-Pko] [20:06:00:02][Info]┗ FixedRole                             :未設定
[Info   :TownOfHost-Pko] [20:06:00:02][Info]┗ FixedRole                             :未設定
[Info   :TownOfHost-Pko] [20:06:00:02][Info]┗ FixedRole                             :未設定
[Info   :TownOfHost-Pko] [20:06:00:02][Info]┗ RoughPercentage                       :○
[Info   :TownOfHost-Pko] [20:06:00:02][Info]┗ FixedRole                             :未設定
[Info   :TownOfHost-Pko] [20:06:00:02][Info]┗ FixedRole                             :未設定
[Info   :TownOfHost-Pko] [20:06:00:02][Info]┗ FixedRole                             :未設定
[Info   :TownOfHost-Pko] [20:06:00:02][Info]┗ FixedRole                             :未設定
[Info   :TownOfHost-Pko] [20:06:00:02][Info]┗ FixedRole                             :未設定
[Info   :TownOfHost-Pko] [20:06:00:02][Info]┗ FixedRole                             :未設定
[Info   :TownOfHost-Pko] [20:06:00:02][Info]┗ FixedRole                             :未設定
[Info   :TownOfHost-Pko] [20:06:00:02][Info]┗ FixedRole                             :未設定
[Info   :TownOfHost-Pko] [20:06:00:02][Info]┗ FixedRole                             :未設定
[Info   :TownOfHost-Pko] [20:06:00:02][Info]┗ FixedRole                             :未設定
[Info   :TownOfHost-Pko] [20:06:00:02][Info]┗ FixedRole                             :未設定
[Info   :TownOfHost-Pko] [20:06:00:02][Info]┗ FixedRole                             :未設定
[Info   :TownOfHost-Pko] [20:06:00:02][Info]┗ FixedRole                             :未設定
[Info   :TownOfHost-Pko] [20:06:00:02][Info]┗ FixedRole                             :未設定
[Info   :TownOfHost-Pko] [20:06:00:02][Info]┗ FixedRole                             :未設定
[Info   :TownOfHost-Pko] [20:06:00:02][Info]┗ FixedRole                             :未設定
[Info   :TownOfHost-Pko] [20:06:00:02][Info]┗ FixedRole                             :未設定
[Info   :TownOfHost-Pko] [20:06:00:02][Info]┗ FixedRole                             :未設定
[Info   :TownOfHost-Pko] [20:06:00:02][Info]┗ AmnesiaDefaultKillCool                :○
[Info   :TownOfHost-Pko] [20:06:00:02][Info]┗ AmnesiaRealizeDayCount                :4日
[Info   :TownOfHost-Pko] [20:06:00:02][Info]┗ AmnesiaRealizeTaskCount               :4
[Info   :TownOfHost-Pko] [20:06:00:02][Info]┗ AmnesiaRealizeKillcount               :2
[Info   :TownOfHost-Pko] [20:06:00:02][Info]┗ FixedRole                             :未設定
[Info   :TownOfHost-Pko] [20:06:00:02][Info]┗ FixedRole                             :未設定
[Info   :TownOfHost-Pko] [20:06:00:02][Info]┗ FixedRole                             :未設定
[Info   :TownOfHost-Pko] [20:06:00:02][Info]┗ FixedRole                             :未設定
[Info   :TownOfHost-Pko] [20:06:00:02][Info]┗ Everyturn                             :×
[Info   :TownOfHost-Pko] [20:06:00:02][Info]┗ Everyturn                             :×
[Info   :TownOfHost-Pko] [20:06:00:02][Info]┗ FixedRole                             :未設定
[Info   :TownOfHost-Pko] [20:06:00:02][Info]┗ FixedRole                             :未設定
[Info   :TownOfHost-Pko] [20:06:00:02][Info]┗ FixedRole                             :未設定
[Info   :TownOfHost-Pko] [20:06:00:02][Info]┗ FixedRole                             :未設定
[Info   :TownOfHost-Pko] [20:06:00:02][Info]┗ FixedRole                             :未設定
[Info   :TownOfHost-Pko] [20:06:00:02][Info]┗ FixedRole                             :未設定
[Info   :TownOfHost-Pko] [20:06:00:02][Info]┗ FixedRole                             :未設定
[Info   :TownOfHost-Pko] [20:06:00:02][Info]┗ FixedRole                             :未設定
[Info   :TownOfHost-Pko] [20:06:00:02][Info]┗ FixedRole                             :未設定
[Info   :TownOfHost-Pko] [20:06:00:02][Info]┗ FixedRole                             :未設定
[Info   :TownOfHost-Pko] [20:06:00:02][Info]┗ FixedRole                             :未設定
[Info   :TownOfHost-Pko] [20:06:00:02][Info]┗ FixedRole                             :未設定
[Info   :TownOfHost-Pko] [20:06:00:02][Info]┗ FixedRole                             :未設定
[Info   :TownOfHost-Pko] [20:06:00:02][Info]┗ FixedRole                             :未設定
[Info   :TownOfHost-Pko] [20:06:00:02][Info]┗ FixedRole                             :未設定
[Info   :TownOfHost-Pko] [20:06:00:02][Info]┗ FixedRole                             :未設定
[Info   :TownOfHost-Pko] [20:06:00:02][Info]┗ FixedRole                             :未設定
[Info   :TownOfHost-Pko] [20:06:00:02][Info]┗ FixedRole                             :未設定
[Info   :TownOfHost-Pko] [20:06:00:02][Info]┗ FixedRole                             :未設定
[Info   :TownOfHost-Pko] [20:06:00:02][Info]┗ FixedRole                             :未設定
[Info   :TownOfHost-Pko] [20:06:00:02][Info]┗ FixedRole                             :未設定
[Info   :TownOfHost-Pko] [20:06:00:02][Info]┗ FixedRole                             :未設定
[Info   :TownOfHost-Pko] [20:06:00:02][Info]┗ FixedRole                             :未設定
[Info   :TownOfHost-Pko] [20:06:00:02][Info]┗ FixedRole                             :未設定
[Info   :TownOfHost-Pko] [20:06:00:02][Info]┗ FixedRole                             :未設定
[Info   :TownOfHost-Pko] [20:06:00:02][Info]┗ FixedRole                             :未設定
[Info   :TownOfHost-Pko] [20:06:00:02][Info]┗ FixedRole                             :未設定
[Info   :TownOfHost-Pko] [20:06:00:02][Info]┗ FixedRole                             :未設定
[Info   :TownOfHost-Pko] [20:06:00:02][Info]┗ FixedRole                             :未設定
[Info   :TownOfHost-Pko] [20:06:00:02][Info]┗ FixedRole                             :未設定
[Info   :TownOfHost-Pko] [20:06:00:02][Info]┗ FixedRole                             :未設定
[Info   :TownOfHost-Pko] [20:06:00:02][Info]┗ FixedRole                             :未設定
[Info   :TownOfHost-Pko] [20:06:00:02][Info]┗ FixedRole                             :未設定
[Info   :TownOfHost-Pko] [20:06:00:02][Info]┗ FixedRole                             :未設定
[Info   :TownOfHost-Pko] [20:06:00:02][Info]┗ FixedRole                             :未設定
[Info   :TownOfHost-Pko] [20:06:00:02][Info]┗ FixedRole                             :未設定
[Info   :TownOfHost-Pko] [20:06:00:02][Info]┗ FixedRole                             :未設定
[Info   :TownOfHost-Pko] [20:06:00:02][Info]┗ FixedRole                             :未設定
[Info   :TownOfHost-Pko] [20:06:00:02][Info]┗ FixedRole                             :未設定
[Info   :TownOfHost-Pko] [20:06:00:02][Info]┗ FixedRole                             :未設定
[Info   :TownOfHost-Pko] [20:06:00:02][Info]┗ FixedRole                             :未設定
[Info   :TownOfHost-Pko] [20:06:00:02][Info]┗ FixedRole                             :未設定
[Info   :TownOfHost-Pko] [20:06:00:02][Info]┗ FixedRole                             :未設定
[Info   :TownOfHost-Pko] [20:06:00:02][Info]┗ FixedRole                             :未設定
[Info   :TownOfHost-Pko] [20:06:00:02][Info]┗ FixedRole                             :未設定
[Info   :TownOfHost-Pko] [20:06:00:02][Info]┗ FixedRole                             :未設定
[Info   :TownOfHost-Pko] [20:06:00:02][Info]┗ FixedRole                             :未設定
[Info   :TownOfHost-Pko] [20:06:00:02][Info]┗ FixedRole                             :未設定
[Info   :TownOfHost-Pko] [20:06:00:02][Info]┗ FixedRole                             :未設定
[Info   :TownOfHost-Pko] [20:06:00:02][Info]┗ FixedRole                             :未設定
[Info   :TownOfHost-Pko] [20:06:00:02][Info]┗ FixedRole                             :未設定
[Info   :TownOfHost-Pko] [20:06:00:02][Info]SlotRole1                               :設定済み(4)
[Info   :TownOfHost-Pko] [20:06:00:02][Info]SlotRole2                               :設定済み(2)
[Info   :TownOfHost-Pko] [20:06:00:02][Info]SlotRole3                               :未設定
[Info   :TownOfHost-Pko] [20:06:00:02][Info]SlotRole4                               :未設定
[Info   :TownOfHost-Pko] [20:06:00:02][Info]SlotRole5                               :未設定
[Info   :TownOfHost-Pko] [20:06:00:02][Info]SlotRole6                               :未設定
[Info   :TownOfHost-Pko] [20:06:00:02][Info]SlotRole7                               :未設定
[Info   :TownOfHost-Pko] [20:06:00:02][Info]SlotRole8                               :未設定
[Info   :TownOfHost-Pko] [20:06:00:02][Info]SlotRole9                               :未設定
[Info   :TownOfHost-Pko] [20:06:00:02][Info]SlotRole10                              :未設定
[Info   :TownOfHost-Pko] [20:06:00:02][Info]SlotRole11                              :未設定
[Info   :TownOfHost-Pko] [20:06:00:02][Info]SlotRole12                              :未設定
[Info   :TownOfHost-Pko] [20:06:00:02][Info]SlotRole13                              :未設定
[Info   :TownOfHost-Pko] [20:06:00:02][Info]SlotRole14                              :未設定
[Info   :TownOfHost-Pko] [20:06:00:02][Info]SlotRole15                              :未設定
[Info   :TownOfHost-Pko] [20:06:00:02][Info]GhostRoleOptions                        :×
[Info   :TownOfHost-Pko] [20:06:00:02][Info]KillFlashDuration                       :0.3秒
[Info   :TownOfHost-Pko] [20:06:00:02][Info]MapModification                         :×
[Info   :TownOfHost-Pko] [20:06:00:02][Info]TaskOption                              :×
[Info   :TownOfHost-Pko] [20:06:00:02][Info]DevicesOption                           :×
[Info   :TownOfHost-Pko] [20:06:00:02][Info]Sabotage                                :×
[Info   :TownOfHost-Pko] [20:06:00:02][Info]RandomMapsMode                          :×
[Info   :TownOfHost-Pko] [20:06:00:02][Info]RandomSpawn                             :×
[Info   :TownOfHost-Pko] [20:06:00:02][Info]MeetingAndVoteOpt                       :○
[Info   :TownOfHost-Pko] [20:06:00:02][Info]┗ LowerLimitVotingTime                  :60秒
[Info   :TownOfHost-Pko] [20:06:00:02][Info]┗ LimitMeetingTime                      :300秒
[Info   :TownOfHost-Pko] [20:06:00:02][Info]┗ AllAliveMeeting                       :○
[Info   :TownOfHost-Pko] [20:06:00:02][Info]┗ AllAliveMeetingTime                   :60秒
[Info   :TownOfHost-Pko] [20:06:00:02][Info]┗ VoteMode                              :×
[Info   :TownOfHost-Pko] [20:06:00:02][Info]┗ SyncButtonMode                        :×
[Info   :TownOfHost-Pko] [20:06:00:02][Info]┗ AdditionalEmergencyCooldown           :×
[Info   :TownOfHost-Pko] [20:06:00:02][Info]┗ ShowVoteResult                        :×
[Info   :TownOfHost-Pko] [20:06:00:02][Info]LadderDeath                             :×
[Info   :TownOfHost-Pko] [20:06:00:02][Info]GhostOptions                            :×
[Info   :TownOfHost-Pko] [20:06:00:02][Info]ConvenientOptions                       :○
[Info   :TownOfHost-Pko] [20:06:00:02][Info]┗ FirstTurnMeeting                      :○
[Info   :TownOfHost-Pko] [20:06:00:02][Info]┗ FirstTurnMeetingCantability           :×
[Info   :TownOfHost-Pko] [20:06:00:02][Info]┗ FixFirstKillCooldown                  :×
[Info   :TownOfHost-Pko] [20:06:00:02][Info]┗ CommnTaskResetAssing                  :○
[Info   :TownOfHost-Pko] [20:06:00:02][Info]┗ CanseeVoteresult                      :×
[Info   :TownOfHost-Pko] [20:06:00:02][Info]┗ OutroCrewWinreasonchenge              :○
[Info   :TownOfHost-Pko] [20:06:00:02][Info]┗ AutoGrantPet                          :○
[Info   :TownOfHost-Pko] [20:06:00:02][Info]OptionBatchSetting                      :○
[Info   :TownOfHost-Pko] [20:06:00:02][Info]┗ OptionAllImpostorKillCool             :30
[Info   :TownOfHost-Pko] [20:06:00:02][Info]┗ OptionAllNeutralKillCool              :30
[Info   :TownOfHost-Pko] [20:06:00:02][Info]RandomPreset                            :×
[Info   :TownOfHost-Pko] [20:06:00:02][Info]DisableTaskWin                          :×
[Info   :TownOfHost-Pko] [20:06:00:02][Info]NoGameEnd                               :×
[Info   :TownOfHost-Pko] [20:06:00:02][Info]HideGameSettings                        :×
[Info   :TownOfHost-Pko] [20:06:00:02][Info]HideGameSettingsDuringGame              :×
[Info   :TownOfHost-Pko] [20:06:00:02][Info]SuffixMode                              :なし
[Info   :TownOfHost-Pko] [20:06:00:02][Info]ChangeNameToRoleInfo                    :○
[Info   :TownOfHost-Pko] [20:06:00:03][Info]RoleAssigningAlgorithm                  :デフォルト
[Info   :TownOfHost-Pko] [20:06:00:03][Info]UseZoom                                 :×
[Info   :TownOfHost-Pko] [20:06:00:03][Info]CommandSetting                          :○
[Info   :TownOfHost-Pko] [20:06:00:03][Info]┗ DisableCommandNow                     :×
[Info   :TownOfHost-Pko] [20:06:00:03][Info]┗ DisableCommandNowRole                 :×
[Info   :TownOfHost-Pko] [20:06:00:03][Info]┗ DisableCommandNowSet                  :×
[Info   :TownOfHost-Pko] [20:06:00:03][Info]┗ DisableCommandNowW                    :×
[Info   :TownOfHost-Pko] [20:06:00:03][Info]┗ DisableCommandNowH                    :×
[Info   :TownOfHost-Pko] [20:06:00:03][Info]┗ DisableCommandHRoles                  :×
[Info   :TownOfHost-Pko] [20:06:00:03][Info]┗ DisableCommandMyrole                  :×
[Info   :TownOfHost-Pko] [20:06:00:03][Info]┗ DisableCommandMeetinginfo             :×
[Info   :TownOfHost-Pko] [20:06:00:03][Info]┗ DisableCommandNumberDNumber           :×
[Info   :TownOfHost-Pko] [20:06:00:03][Info]┗ DisableCommand8ball                   :×
[Info   :TownOfHost-Pko] [20:06:00:03][Info]┗ DisableCommandPko                     :×
[Info   :TownOfHost-Pko] [20:06:00:03][Info]┗ DisableCommandPkoNotUseInGame         :×
[Info   :TownOfHost-Pko] [20:06:00:03][Info]┗ DisableCommandRename                  :×
[Info   :TownOfHost-Pko] [20:06:00:03][Info]┗ NameCharLimit                         :30
[Info   :TownOfHost-Pko] [20:06:00:03][Info]┗ DisableCommandRule                    :×
[Info   :TownOfHost-Pko] [20:06:00:03][Info]┗ DisableCommandLastresult              :×
[Info   :TownOfHost-Pko] [20:06:00:03][Info]┗ DisableCommandKilllog                 :×
[Info   :TownOfHost-Pko] [20:06:00:03][Info]┗ DisableCommandTimer                   :×
[Info   :TownOfHost-Pko] [20:06:00:03][Info]┗ DisableCommandTp                      :×
[Info   :TownOfHost-Pko] [20:06:00:03][Info]AutoFunction                            :×
[Info   :TownOfHost-Pko] [20:06:00:03][Info]GameChatSetting                         :○
[Info   :TownOfHost-Pko] [20:06:00:03][Info]┗ GameChatNormalChat                    :○
[Info   :TownOfHost-Pko] [20:06:00:03][Info]┗ GameChatNormalNearChat                :×
[Info   :TownOfHost-Pko] [20:06:00:03][Info]┗ GameChatHideChat                      :×
[Info   :TownOfHost-Pko] [20:06:00:03][Info]ApplyDenyNameList                       :○
[Info   :TownOfHost-Pko] [20:06:00:03][Info]KickPlayerFriendCodeNotExist            :×
[Info   :TownOfHost-Pko] [20:06:00:03][Info]ApplyBanList                            :○
[Info   :TownOfHost-Pko] [20:06:00:03][Info]KiclHotNotFriend                        :×
[Info   :TownOfHost-Pko] [20:06:00:03][Info]KickInitialName                         :×
[Info   :TownOfHost-Pko] [20:06:00:03][Info]BanKickjoinplayer                       :×
[Info   :TownOfHost-Pko] [20:06:00:03][Info]-------------その他-------------
[Info   :TownOfHost-Pko] [20:06:00:03][Info]プレイヤー数: 6人
[Info   :TownOfHost-Pko] [20:06:01:66][TaskState.Init]Rの名無しさん(ベイト): InitTask
[Info   :TownOfHost-Pko] [20:06:01:66][TaskState.Init]Rの名無しさん(ベイト): TaskCounts = 0/9
[Info   :TownOfHost-Pko] [20:06:01:66][TaskState.Init]みくろ(ダブルキラー): InitTask
[Info   :TownOfHost-Pko] [20:06:01:66][TaskState.Init]5号(アーソニスト): InitTask
[Info   :TownOfHost-Pko] [20:06:01:66][TaskState.Init]伝カロちゃん(ジャッカル): InitTask
[Info   :TownOfHost-Pko] [20:06:01:66][TaskState.Init]あそこらgrass(エクスプレス): InitTask
[Info   :TownOfHost-Pko] [20:06:01:66][TaskState.Init]あそこらgrass(エクスプレス): TaskCounts = 0/9
[Info   :TownOfHost-Pko] [20:06:01:66][TaskState.Init]ひとつここの(シェリフ): InitTask
[Info   :TownOfHost-Pko] [20:06:01:66][TaskState.Init]ひとつここの(シェリフ): TaskCounts = 0/9
[Info   :TownOfHost-Pko] [20:06:01:66][LateTask]"SetTask"is finished
[Info   :TownOfHost-Pko] [20:06:03:40][LateTask]"Roleset" is created
[Info   :TownOfHost-Pko] [20:06:04:59][LateTask]"Override Role Text"is end
[Info   :TownOfHost-Pko] [20:06:05:39][StandardIntro]SetRole
[Info   :TownOfHost-Pko] [20:06:05:39][LateTask]"Roleset"is finished
[Info   :TownOfHost-Pko] [20:06:07:09][LateTask]"ShowChatOnGameStart" is created
[Info   :TownOfHost-Pko] [20:06:07:09][Phase]タスクフェイズ開始
[Info   :TownOfHost-Pko] [20:06:07:09][IntroCutscene]OnDestroy
[Info   :TownOfHost-Pko] [20:06:07:59][LateTask]"ShowChatOnGameStart"is finished
[Info   :TownOfHost-Pko] [20:06:07:69][PetActionPatch]Rの名無しさん にペットを自動付与: pet_test
[Info   :TownOfHost-Pko] [20:06:07:69][PetActionPatch]みくろ にペットを自動付与: pet_test
[Info   :TownOfHost-Pko] [20:06:08:02][ExReportDeadBody]Rの名無しさん(ベイト) => Rの名無しさん(ベイト)
[Info   :TownOfHost-Pko] [20:06:08:03][RpcResetAbilityCooldown]アビリティクールダウンのリセット:ひとつここの(3)
[Info   :TownOfHost-Pko] [20:06:08:03][LateTask]"SetSkin" is created
[Info   :TownOfHost-Pko] [20:06:08:04][MeetingTimeManager.OnReportDeadBody]DiscussionTime:0, VotingTime60
[Info   :TownOfHost-Pko] [20:06:08:04][UpdateSystem]SystemType: Laboratory, PlayerName: Rの名無しさん(ベイト), amount: 16
[Info   :TownOfHost-Pko] [20:06:08:04][UpdateSystem]SystemType: Reactor, PlayerName: Rの名無しさん(ベイト), amount: 16
[Info   :TownOfHost-Pko] [20:06:08:04][UpdateSystem]SystemType: LifeSupp, PlayerName: Rの名無しさん(ベイト), amount: 16
[Info   :TownOfHost-Pko] [20:06:08:08][Phase]------------会議開始　day:1------------
[Info   :TownOfHost-Pko] [20:06:08:24][LateTask]"abilityrset"is end
[Info   :TownOfHost-Pko] [20:06:08:35][LateTask]"SetSkin"is finished
[Info   :TownOfHost-Pko] [20:06:11:03][LateTask]"sendroleinfo" is created
[Info   :TownOfHost-Pko] [20:06:12:03][LateTask]"sendroleinfo"is finished
[Info   :TownOfHost-Pko] [20:06:12:07][SetName]名前変更:Rの名無しさん(ベイト) => <align="left"><#00f7ff>【あなたの役職】</color>\n<size=70%><#ffffff><#00f7ff><b><line-height=1.3pic><size=150%>ベイト\n\n<size=90%>敵を罠にはめよう</b></color>\n<size=65%>陣営:クルー    カウント:クルーメイト    判定:クルーメイト\n<#000000>From:</color><#ff0000>TheOtherRoles</color>\n<size=30%>\n<size=57%>キルされた時に、自身をキルした人に\n強制的にセルフレポートさせる事ができる。\n<line-height=0.9pic><size=45%>\n
[Info   :TownOfHost-Pko] [20:06:12:07][ReceiveChat]○Rの名無しさん(ベイト): 
[Info   :TownOfHost-Pko] [20:06:12:08][SetName]名前変更:Rの名無しさん(ベイト) => Rの名無しさん
[Info   :TownOfHost-Pko] [20:06:12:27][SetName]名前変更:Rの名無しさん(ベイト) => <align="left"><size=70%><#ffffff><line-height=0.9pic><size=45%>通信妨害中でも能力が発揮される: ○\n通報までの遅延: 0秒\nランダムでの追加遅延: 0秒\n一定タスクを完了させるまで自覚できない: ×\n\n
[Info   :TownOfHost-Pko] [20:06:12:27][ReceiveChat]○Rの名無しさん(ベイト): 
[Info   :TownOfHost-Pko] [20:06:12:27][SetName]名前変更:Rの名無しさん(ベイト) => Rの名無しさん
[Info   :TownOfHost-Pko] [20:06:17:12][ReceiveChat]5号(アーソニスト):例によって訳餅
[Info   :TownOfHost-Pko] [20:06:19:79][ReceiveChat]ひとつここの(シェリフ):やく
[Info   :TownOfHost-Pko] [20:06:20:02][ReceiveChat]伝カロちゃん(ジャッカル):役
[Info   :TownOfHost-Pko] [20:06:21:67][ReceiveChat]あそこらgrass(エクスプレス):エクスプレス
[Info   :TownOfHost-Pko] [20:06:28:78][ReceiveChat]ひとつここの(シェリフ):いいなー
[Info   :TownOfHost-Pko] [20:06:28:86][SendChat]ベイトCO
[Info   :TownOfHost-Pko] [20:06:32:13][ReceiveChat]5号(アーソニスト):おー
[Info   :TownOfHost-Pko] [20:06:35:79][ReceiveChat]みくろ(ダブルキラー):やくあり
[Info   :TownOfHost-Pko] [20:06:46:28][ReceiveChat]ひとつここの(シェリフ):/myrole
[Info   :TownOfHost-Pko] [20:06:53:16][SendChat]通報した人が犯人です
[Info   :TownOfHost-Pko] [20:06:59:93][ReceiveChat]ひとつここの(シェリフ):つっよ
[Info   :TownOfHost-Pko] [20:07:02:63][ReceiveChat]5号(アーソニスト):/now role
[Info   :TownOfHost-Pko] [20:07:06:15][MeetingVoteManager]投票: ひとつここの(シェリフ) => Skip x 1 
[Info   :TownOfHost-Pko] [20:07:08:52][MeetingVoteManager]投票: 伝カロちゃん(ジャッカル) => あそこらgrass(エクスプレス) x 1 
[Info   :TownOfHost-Pko] [20:07:08:55][MeetingVoteManager]投票: Rの名無しさん(ベイト) => Skip x 1 
[Info   :TownOfHost-Pko] [20:07:08:56][MeetingVoteManager]投票: あそこらgrass(エクスプレス) => Skip x 1 
[Info   :TownOfHost-Pko] [20:07:11:22][MeetingVoteManager]投票: みくろ(ダブルキラー) => Skip x 1 
[Info   :TownOfHost-Pko] [20:07:13:70][MeetingVoteManager]投票: 5号(アーソニスト) => Skip x 1 
[Warning:TownOfHost-Pko] [20:07:13:71][GetCustomRole]TownOfHost.Modules.MeetingVoteManager.CountVotesがCustomRoleを取得しようとしましたが、対象がnullでした。
[Info   :TownOfHost-Pko] [20:07:13:71][VoteCount]あそこらgrass => 1
[Info   :TownOfHost-Pko] [20:07:13:71][VoteCount]スキップ => 5
[Info   :TownOfHost-Pko] [20:07:13:71][MeetingVoteManager]最多得票者: Skip
[Info   :TownOfHost-Pko] [20:07:13:71][MeetingVoteManager]追放者: スキップ で会議を終了します
[Info   :TownOfHost-Pko] [20:07:17:70][AntiBlackout]SetIsDead is called from EndMeeting
[Info   :TownOfHost-Pko] [20:07:17:70][AntiBlackout]SendGameData is called from SetIsDead
[Info   :TownOfHost-Pko] [20:07:17:70][AntiBlackout]Rの名無しさん => Impostor
[Info   :TownOfHost-Pko] [20:07:17:70][AntiBlackout]みくろ => Crewmate
[Info   :TownOfHost-Pko] [20:07:17:70][AntiBlackout]5号 => Crewmate
[Info   :TownOfHost-Pko] [20:07:17:70][AntiBlackout]伝カロちゃん => Crewmate
[Info   :TownOfHost-Pko] [20:07:17:70][AntiBlackout]あそこらgrass => Crewmate
[Info   :TownOfHost-Pko] [20:07:17:70][AntiBlackout]ひとつここの => Crewmate
[Info   :TownOfHost-Pko] [20:07:17:70][LateTask]"LateAntiBlackoutSet"is end
[Info   :TownOfHost-Pko] [20:07:19:72][Phase]------------会議終了------------
[Info   :TownOfHost-Pko] [20:07:27:17][AntiBlackout]RestoreIsDead is called from WrapUpPostfix
[Info   :TownOfHost-Pko] [20:07:27:18][CountAlivePlayers]Crew:4/4, Impostor:1/1, Jackal:1/1, All:6/6
[Info   :TownOfHost-Pko] [20:07:27:18][LateTask]"ShowChatAfterMeeting" is created
[Info   :TownOfHost-Pko] [20:07:27:18][LateTask]"Restore IsDead Task" is created
[Info   :TownOfHost-Pko] [20:07:27:18][LateTask]"AfterMeetingDeathPlayers Task" is created
[Info   :TownOfHost-Pko] [20:07:27:19][LateTask]"Tuihoufin" is created
[Info   :TownOfHost-Pko] [20:07:27:67][LateTask]"ShowChatAfterMeeting"is finished
[Info   :TownOfHost-Pko] [20:07:27:67][LateTask]"Restore IsDead Task"is finished
[Info   :TownOfHost-Pko] [20:07:27:69][UpdateSystem]SystemType: Reactor, PlayerName: Rの名無しさん(ベイト), amount: 128
[Info   :TownOfHost-Pko] [20:07:27:69][LateTask]"Fix Reactor" is created
[Info   :TownOfHost-Pko] [20:07:27:70][RpcResetAbilityCooldown]アビリティクールダウンのリセット:Rの名無しさん(0)
[Info   :TownOfHost-Pko] [20:07:27:70][RpcResetAbilityCooldown]アビリティクールダウンのリセット:みくろ(1)
[Info   :TownOfHost-Pko] [20:07:27:70][RpcResetAbilityCooldown]アビリティクールダウンのリセット:5号(2)
[Info   :TownOfHost-Pko] [20:07:27:70][RpcResetAbilityCooldown]アビリティクールダウンのリセット:伝カロちゃん(4)
[Info   :TownOfHost-Pko] [20:07:27:70][RpcResetAbilityCooldown]アビリティクールダウンのリセット:あそこらgrass(5)
[Info   :TownOfHost-Pko] [20:07:27:71][RpcResetAbilityCooldown]アビリティクールダウンのリセット:ひとつここの(3)
[Info   :TownOfHost-Pko] [20:07:27:71][Phase]タスクフェイズ開始
[Info   :TownOfHost-Pko] [20:07:27:71][LateTask]"AfterMeetingDeathPlayers Task"is finished
[Info   :TownOfHost-Pko] [20:07:27:77][LateTask]"AfterMeetingDeathPlayer"is end
[Info   :TownOfHost-Pko] [20:07:27:92][RpcResetAbilityCooldown]アビリティクールダウンのリセット:Rの名無しさん(0)
[Info   :TownOfHost-Pko] [20:07:27:92][RpcResetAbilityCooldown]アビリティクールダウンのリセット:みくろ(1)
[Info   :TownOfHost-Pko] [20:07:27:92][RpcResetAbilityCooldown]アビリティクールダウンのリセット:5号(2)
[Info   :TownOfHost-Pko] [20:07:27:92][RpcResetAbilityCooldown]アビリティクールダウンのリセット:伝カロちゃん(4)
[Info   :TownOfHost-Pko] [20:07:27:92][RpcResetAbilityCooldown]アビリティクールダウンのリセット:あそこらgrass(5)
[Info   :TownOfHost-Pko] [20:07:27:92][RpcResetAbilityCooldown]アビリティクールダウンのリセット:ひとつここの(3)
[Info   :TownOfHost-Pko] [20:07:27:98][UpdateSystem]SystemType: Reactor, PlayerName: Rの名無しさん(ベイト), amount: 16
[Info   :TownOfHost-Pko] [20:07:27:98][LateTask]"Fix Reactor"is finished
[Info   :TownOfHost-Pko] [20:07:28:15][MurderPlayer]Rの名無しさん(ベイト) => Rの名無しさん(ベイト) (FailedProtected)
[Info   :TownOfHost-Pko] [20:07:30:39][LateTask]"Tuihoufin"is finished
[Info   :TownOfHost-Pko] [20:07:35:57][SabotageSystemType]PlayerName: 伝カロちゃん(ジャッカル), SabotageType: Reactor
[Info   :TownOfHost-Pko] [20:07:38:92][CompleteTask]TaskComplete:ひとつここの(シェリフ) 8
[Info   :TownOfHost-Pko] [20:07:38:92][TaskState.Update]ひとつここの(シェリフ): UpdateTask
[Info   :TownOfHost-Pko] [20:07:38:92][TaskState.Update]TotalTaskCounts = 1/27
[Info   :TownOfHost-Pko] [20:07:38:92][TaskState.Update]ひとつここの(シェリフ): TaskCounts = 1/9
[Info   :TownOfHost-Pko] [20:07:38:93][TaskState.Update]TotalTaskCounts = 1/27
[Info   :TownOfHost-Pko] [20:07:41:30][CompleteTask]TaskComplete:あそこらgrass(エクスプレス) 7
[Info   :TownOfHost-Pko] [20:07:41:30][TaskState.Update]あそこらgrass(エクスプレス): UpdateTask
[Info   :TownOfHost-Pko] [20:07:41:30][TaskState.Update]TotalTaskCounts = 2/27
[Info   :TownOfHost-Pko] [20:07:41:30][TaskState.Update]あそこらgrass(エクスプレス): TaskCounts = 1/9
[Info   :TownOfHost-Pko] [20:07:41:30][TaskState.Update]TotalTaskCounts = 2/27
[Info   :TownOfHost-Pko] [20:07:45:08][CompleteTask]TaskComplete:ひとつここの(シェリフ) 7
[Info   :TownOfHost-Pko] [20:07:45:08][TaskState.Update]ひとつここの(シェリフ): UpdateTask
[Info   :TownOfHost-Pko] [20:07:45:08][TaskState.Update]TotalTaskCounts = 3/27
[Info   :TownOfHost-Pko] [20:07:45:08][TaskState.Update]ひとつここの(シェリフ): TaskCounts = 2/9
[Info   :TownOfHost-Pko] [20:07:45:08][TaskState.Update]TotalTaskCounts = 3/27
[Info   :TownOfHost-Pko] [20:07:46:45][CompleteTask]TaskComplete:あそこらgrass(エクスプレス) 6
[Info   :TownOfHost-Pko] [20:07:46:45][TaskState.Update]あそこらgrass(エクスプレス): UpdateTask
[Info   :TownOfHost-Pko] [20:07:46:45][TaskState.Update]TotalTaskCounts = 4/27
[Info   :TownOfHost-Pko] [20:07:46:45][TaskState.Update]あそこらgrass(エクスプレス): TaskCounts = 2/9
[Info   :TownOfHost-Pko] [20:07:46:45][TaskState.Update]TotalTaskCounts = 4/27
[Info   :TownOfHost-Pko] [20:07:50:10][CompleteTask]TaskComplete:ひとつここの(シェリフ) 5
[Info   :TownOfHost-Pko] [20:07:50:10][TaskState.Update]ひとつここの(シェリフ): UpdateTask
[Info   :TownOfHost-Pko] [20:07:50:10][TaskState.Update]TotalTaskCounts = 5/27
[Info   :TownOfHost-Pko] [20:07:50:10][TaskState.Update]ひとつここの(シェリフ): TaskCounts = 3/9
[Info   :TownOfHost-Pko] [20:07:50:10][TaskState.Update]TotalTaskCounts = 5/27
[Info   :TownOfHost-Pko] [20:07:50:26][CompleteTask]TaskComplete:Rの名無しさん(ベイト) 7
[Info   :TownOfHost-Pko] [20:07:50:26][TaskState.Update]Rの名無しさん(ベイト): UpdateTask
[Info   :TownOfHost-Pko] [20:07:50:26][TaskState.Update]TotalTaskCounts = 6/27
[Info   :TownOfHost-Pko] [20:07:50:26][TaskState.Update]Rの名無しさん(ベイト): TaskCounts = 1/9
[Info   :TownOfHost-Pko] [20:07:50:26][TaskState.Update]TotalTaskCounts = 6/27
[Info   :TownOfHost-Pko] [20:07:52:85][CompleteTask]TaskComplete:Rの名無しさん(ベイト) 8
[Info   :TownOfHost-Pko] [20:07:52:85][TaskState.Update]Rの名無しさん(ベイト): UpdateTask
[Info   :TownOfHost-Pko] [20:07:52:85][TaskState.Update]TotalTaskCounts = 7/27
[Info   :TownOfHost-Pko] [20:07:52:85][TaskState.Update]Rの名無しさん(ベイト): TaskCounts = 2/9
[Info   :TownOfHost-Pko] [20:07:52:85][TaskState.Update]TotalTaskCounts = 7/27
[Info   :TownOfHost-Pko] [20:08:12:02][CompleteTask]TaskComplete:Rの名無しさん(ベイト) 4
[Info   :TownOfHost-Pko] [20:08:12:02][TaskState.Update]Rの名無しさん(ベイト): UpdateTask
[Info   :TownOfHost-Pko] [20:08:12:02][TaskState.Update]TotalTaskCounts = 8/27
[Info   :TownOfHost-Pko] [20:08:12:02][TaskState.Update]Rの名無しさん(ベイト): TaskCounts = 3/9
[Info   :TownOfHost-Pko] [20:08:12:02][TaskState.Update]TotalTaskCounts = 8/27
[Info   :TownOfHost-Pko] [20:08:12:77][CompleteTask]TaskComplete:あそこらgrass(エクスプレス) 4
[Info   :TownOfHost-Pko] [20:08:12:77][TaskState.Update]あそこらgrass(エクスプレス): UpdateTask
[Info   :TownOfHost-Pko] [20:08:12:77][TaskState.Update]TotalTaskCounts = 9/27
[Info   :TownOfHost-Pko] [20:08:12:77][TaskState.Update]あそこらgrass(エクスプレス): TaskCounts = 3/9
[Info   :TownOfHost-Pko] [20:08:12:77][TaskState.Update]TotalTaskCounts = 9/27
[Info   :TownOfHost-Pko] [20:08:13:61][CompleteTask]TaskComplete:ひとつここの(シェリフ) 1
[Info   :TownOfHost-Pko] [20:08:13:61][TaskState.Update]ひとつここの(シェリフ): UpdateTask
[Info   :TownOfHost-Pko] [20:08:13:61][TaskState.Update]TotalTaskCounts = 10/27
[Info   :TownOfHost-Pko] [20:08:13:61][TaskState.Update]ひとつここの(シェリフ): TaskCounts = 4/9
[Info   :TownOfHost-Pko] [20:08:13:62][TaskState.Update]TotalTaskCounts = 10/27
[Info   :TownOfHost-Pko] [20:08:16:21][PlayerControl.RpcSetRole]ひとつここの(ジャッカルドール) => Crewmate
[Info   :TownOfHost-Pko] [20:08:16:22][RpcResetAbilityCooldown]アビリティクールダウンのリセット:ひとつここの(3)
[Info   :TownOfHost-Pko] [20:08:16:25][PlayerControl.RpcSetRole]ひとつここの(ジャッカルドール) => Crewmate
[Info   :TownOfHost-Pko] [20:08:16:25][PhantomButton]Use:伝カロちゃん
[Info   :TownOfHost-Pko] [20:08:16:25][CountAliveNeutral]生存しているニュートラル:3人
[Info   :TownOfHost-Pko] [20:08:17:09][SabotageSystemType]PlayerName: みくろ(ダブルキラー), SabotageType: LifeSupp
[Info   :TownOfHost-Pko] [20:08:18:47][ReportDeadBody]あそこらgrass(エクスプレス) => null
[Info   :TownOfHost-Pko] [20:08:18:48][LateTask]"SetSkin" is created
[Info   :TownOfHost-Pko] [20:08:18:81][LateTask]"SetSkin"is finished
[Info   :TownOfHost-Pko] [20:08:19:05][MeetingTimeManager.OnReportDeadBody]DiscussionTime:0, VotingTime60
[Info   :TownOfHost-Pko] [20:08:19:05][UpdateSystem]SystemType: Laboratory, PlayerName: Rの名無しさん(ベイト), amount: 16
[Info   :TownOfHost-Pko] [20:08:19:05][UpdateSystem]SystemType: Reactor, PlayerName: Rの名無しさん(ベイト), amount: 16
[Info   :TownOfHost-Pko] [20:08:19:05][UpdateSystem]SystemType: LifeSupp, PlayerName: Rの名無しさん(ベイト), amount: 16
[Info   :TownOfHost-Pko] [20:08:19:11][Phase]------------会議開始　day:1------------
[Info   :TownOfHost-Pko] [20:08:22:05][LateTask]"sendroleinfo" is created
[Info   :TownOfHost-Pko] [20:08:23:03][LateTask]"sendroleinfo"is finished
[Info   :TownOfHost-Pko] [20:08:24:01][ReceiveChat]伝カロちゃん(ジャッカル):なぼ
[Info   :TownOfHost-Pko] [20:08:27:01][SendChat]ないす
[Info   :TownOfHost-Pko] [20:08:29:47][ReceiveChat]5号(アーソニスト):/myrole
[Info   :TownOfHost-Pko] [20:08:30:36][MeetingVoteManager]投票: Rの名無しさん(ベイト) => Skip x 1 
[Info   :TownOfHost-Pko] [20:08:33:57][MeetingVoteManager]投票: 伝カロちゃん(ジャッカル) => あそこらgrass(エクスプレス) x 1 
[Info   :TownOfHost-Pko] [20:08:34:30][ReceiveChat]みくろ(ダブルキラー):/now role
[Info   :TownOfHost-Pko] [20:08:35:60][MeetingVoteManager]投票: 5号(アーソニスト) => Skip x 1 
[Info   :TownOfHost-Pko] [20:08:36:29][MeetingVoteManager]投票: みくろ(ダブルキラー) => Skip x 1 
[Info   :TownOfHost-Pko] [20:08:40:60][ReceiveChat]ひとつここの(ジャッカルドール):/myrole
[Info   :TownOfHost-Pko] [20:08:41:65][ReceiveChat]5号(アーソニスト):nabo
[Info   :TownOfHost-Pko] [20:08:45:87][ReceiveChat]伝カロちゃん(ジャッカル):/myrole
[Info   :TownOfHost-Pko] [20:08:54:12][MeetingVoteManager]投票: あそこらgrass(エクスプレス) => Skip x 1 
[Info   :TownOfHost-Pko] [20:09:00:72][MeetingVoteManager]投票: ひとつここの(ジャッカルドール) => Skip x 1 
[Warning:TownOfHost-Pko] [20:09:00:73][GetCustomRole]TownOfHost.Modules.MeetingVoteManager.CountVotesがCustomRoleを取得しようとしましたが、対象がnullでした。
[Info   :TownOfHost-Pko] [20:09:00:73][VoteCount]あそこらgrass => 1
[Info   :TownOfHost-Pko] [20:09:00:73][VoteCount]スキップ => 5
[Info   :TownOfHost-Pko] [20:09:00:73][MeetingVoteManager]最多得票者: Skip
[Info   :TownOfHost-Pko] [20:09:00:73][MeetingVoteManager]追放者: スキップ で会議を終了します
[Info   :TownOfHost-Pko] [20:09:04:71][AntiBlackout]SetIsDead is called from EndMeeting
[Info   :TownOfHost-Pko] [20:09:04:71][AntiBlackout]SendGameData is called from SetIsDead
[Info   :TownOfHost-Pko] [20:09:04:71][AntiBlackout]Rの名無しさん => Impostor
[Info   :TownOfHost-Pko] [20:09:04:71][AntiBlackout]みくろ => Crewmate
[Info   :TownOfHost-Pko] [20:09:04:71][AntiBlackout]5号 => Crewmate
[Info   :TownOfHost-Pko] [20:09:04:71][AntiBlackout]伝カロちゃん => Crewmate
[Info   :TownOfHost-Pko] [20:09:04:71][AntiBlackout]あそこらgrass => Crewmate
[Info   :TownOfHost-Pko] [20:09:04:71][AntiBlackout]ひとつここの => Crewmate
[Info   :TownOfHost-Pko] [20:09:04:71][LateTask]"LateAntiBlackoutSet"is end
[Info   :TownOfHost-Pko] [20:09:06:72][Phase]------------会議終了------------
[Info   :TownOfHost-Pko] [20:09:14:14][AntiBlackout]RestoreIsDead is called from WrapUpPostfix
[Info   :TownOfHost-Pko] [20:09:14:14][CountAlivePlayers]Crew:3/3, Impostor:1/1, Jackal:2/2, All:6/6
[Info   :TownOfHost-Pko] [20:09:14:16][LateTask]"ShowChatAfterMeeting" is created
[Info   :TownOfHost-Pko] [20:09:14:16][LateTask]"Restore IsDead Task" is created
[Info   :TownOfHost-Pko] [20:09:14:16][LateTask]"AfterMeetingDeathPlayers Task" is created
[Info   :TownOfHost-Pko] [20:09:14:17][LateTask]"Tuihoufin" is created
[Info   :TownOfHost-Pko] [20:09:14:64][LateTask]"ShowChatAfterMeeting"is finished
[Info   :TownOfHost-Pko] [20:09:14:64][LateTask]"Restore IsDead Task"is finished
[Info   :TownOfHost-Pko] [20:09:14:66][UpdateSystem]SystemType: Reactor, PlayerName: Rの名無しさん(ベイト), amount: 128
[Info   :TownOfHost-Pko] [20:09:14:66][LateTask]"Fix Reactor" is created
[Info   :TownOfHost-Pko] [20:09:14:66][RpcResetAbilityCooldown]アビリティクールダウンのリセット:Rの名無しさん(0)
[Info   :TownOfHost-Pko] [20:09:14:67][RpcResetAbilityCooldown]アビリティクールダウンのリセット:みくろ(1)
[Info   :TownOfHost-Pko] [20:09:14:67][RpcResetAbilityCooldown]アビリティクールダウンのリセット:5号(2)
[Info   :TownOfHost-Pko] [20:09:14:67][RpcResetAbilityCooldown]アビリティクールダウンのリセット:伝カロちゃん(4)
[Info   :TownOfHost-Pko] [20:09:14:67][RpcResetAbilityCooldown]アビリティクールダウンのリセット:あそこらgrass(5)
[Info   :TownOfHost-Pko] [20:09:14:67][RpcResetAbilityCooldown]アビリティクールダウンのリセット:ひとつここの(3)
[Info   :TownOfHost-Pko] [20:09:14:67][Phase]タスクフェイズ開始
[Info   :TownOfHost-Pko] [20:09:14:67][LateTask]"AfterMeetingDeathPlayers Task"is finished
[Info   :TownOfHost-Pko] [20:09:14:74][LateTask]"AfterMeetingDeathPlayer"is end
[Info   :TownOfHost-Pko] [20:09:14:87][RpcResetAbilityCooldown]アビリティクールダウンのリセット:Rの名無しさん(0)
[Info   :TownOfHost-Pko] [20:09:14:87][RpcResetAbilityCooldown]アビリティクールダウンのリセット:みくろ(1)
[Info   :TownOfHost-Pko] [20:09:14:88][RpcResetAbilityCooldown]アビリティクールダウンのリセット:5号(2)
[Info   :TownOfHost-Pko] [20:09:14:88][RpcResetAbilityCooldown]アビリティクールダウンのリセット:伝カロちゃん(4)
[Info   :TownOfHost-Pko] [20:09:14:88][RpcResetAbilityCooldown]アビリティクールダウンのリセット:あそこらgrass(5)
[Info   :TownOfHost-Pko] [20:09:14:88][RpcResetAbilityCooldown]アビリティクールダウンのリセット:ひとつここの(3)
[Info   :TownOfHost-Pko] [20:09:14:94][UpdateSystem]SystemType: Reactor, PlayerName: Rの名無しさん(ベイト), amount: 16
[Info   :TownOfHost-Pko] [20:09:14:94][LateTask]"Fix Reactor"is finished
[Info   :TownOfHost-Pko] [20:09:15:09][MurderPlayer]Rの名無しさん(ベイト) => Rの名無しさん(ベイト) (FailedProtected)
[Info   :TownOfHost-Pko] [20:09:17:36][LateTask]"Tuihoufin"is finished
[Info   :TownOfHost-Pko] [20:09:28:39][CompleteTask]TaskComplete:あそこらgrass(エクスプレス) 8
[Info   :TownOfHost-Pko] [20:09:28:39][TaskState.Update]あそこらgrass(エクスプレス): UpdateTask
[Info   :TownOfHost-Pko] [20:09:28:39][TaskState.Update]TotalTaskCounts = 7/18
[Info   :TownOfHost-Pko] [20:09:28:39][TaskState.Update]あそこらgrass(エクスプレス): TaskCounts = 4/9
[Info   :TownOfHost-Pko] [20:09:28:39][TaskState.Update]TotalTaskCounts = 7/18
[Info   :TownOfHost-Pko] [20:09:33:98][CompleteTask]TaskComplete:あそこらgrass(エクスプレス) 1
[Info   :TownOfHost-Pko] [20:09:33:98][TaskState.Update]あそこらgrass(エクスプレス): UpdateTask
[Info   :TownOfHost-Pko] [20:09:33:98][TaskState.Update]TotalTaskCounts = 8/18
[Info   :TownOfHost-Pko] [20:09:33:98][TaskState.Update]あそこらgrass(エクスプレス): TaskCounts = 5/9
[Info   :TownOfHost-Pko] [20:09:33:99][TaskState.Update]TotalTaskCounts = 8/18
[Info   :TownOfHost-Pko] [20:09:37:85][CompleteTask]TaskComplete:あそこらgrass(エクスプレス) 2
[Info   :TownOfHost-Pko] [20:09:37:86][TaskState.Update]あそこらgrass(エクスプレス): UpdateTask
[Info   :TownOfHost-Pko] [20:09:37:86][TaskState.Update]TotalTaskCounts = 9/18
[Info   :TownOfHost-Pko] [20:09:37:86][TaskState.Update]あそこらgrass(エクスプレス): TaskCounts = 6/9
[Info   :TownOfHost-Pko] [20:09:37:86][TaskState.Update]TotalTaskCounts = 9/18
[Info   :TownOfHost-Pko] [20:09:43:18][CompleteTask]TaskComplete:Rの名無しさん(ベイト) 6
[Info   :TownOfHost-Pko] [20:09:43:18][TaskState.Update]Rの名無しさん(ベイト): UpdateTask
[Info   :TownOfHost-Pko] [20:09:43:18][TaskState.Update]TotalTaskCounts = 10/18
[Info   :TownOfHost-Pko] [20:09:43:18][TaskState.Update]Rの名無しさん(ベイト): TaskCounts = 4/9
[Info   :TownOfHost-Pko] [20:09:43:18][TaskState.Update]TotalTaskCounts = 10/18
[Info   :TownOfHost-Pko] [20:09:46:86][SabotageSystemType]PlayerName: 5号(アーソニスト), SabotageType: Comms
[Info   :TownOfHost-Pko] [20:09:47:91][CheckMurder]Attempt  :伝カロちゃん(ジャッカル) => Rの名無しさん(ベイト)
[Info   :TownOfHost-Pko] [20:09:47:91][MurderPlayer]伝カロちゃん(ジャッカル) => Rの名無しさん(ベイト)(Protected) (Succeeded, DecisionByHost)
[Info   :TownOfHost-Pko] [20:09:47:98][PlayerControl.RpcSetRole]Rの名無しさん(ベイト) => CrewmateGhost
[Info   :TownOfHost-Pko] [20:09:48:02][MurderPlayer]Real Killer=伝カロちゃん(ジャッカル)
[Info   :TownOfHost-Pko] [20:09:48:03][LateTask]"Bait Self Report" is created
[Info   :TownOfHost-Pko] [20:09:48:07][CountAlivePlayers]Crew:2/3, Impostor:1/1, Jackal:2/2, All:5/6
[Info   :TownOfHost-Pko] [20:09:48:09][CheckMurder]Attempt  :伝カロちゃん(ジャッカル) => Rの名無しさん(ベイト)
[Info   :TownOfHost-Pko] [20:09:48:09][CheckMurder]targetは既に死んでいたため、キルをキャンセルしました。
[Info   :TownOfHost-Pko] [20:09:48:09][MurderPlayer]伝カロちゃん(ジャッカル) => Rの名無しさん(ベイト)(Protected) (FailedError, DecisionByHost)
[Info   :TownOfHost-Pko] [20:09:48:09][MurderPlayer]キルはホストによってキャンセルされました
[Info   :TownOfHost-Pko] [20:09:48:10][ExReportDeadBody]伝カロちゃん(ジャッカル) => Rの名無しさん(ベイト)
[Info   :TownOfHost-Pko] [20:09:48:10][LateTask]"SetSkin" is created
[Info   :TownOfHost-Pko] [20:09:48:10][LateTask]"Bait Self Report"is finished
[Info   :TownOfHost-Pko] [20:09:48:29][LateTask]"SetSkin"is finished
[Info   :TownOfHost-Pko] [20:09:48:49][MeetingTimeManager.OnReportDeadBody]DiscussionTime:0, VotingTime240
[Info   :TownOfHost-Pko] [20:09:48:49][UpdateSystem]SystemType: Laboratory, PlayerName: Rの名無しさん(ベイト), amount: 16
[Info   :TownOfHost-Pko] [20:09:48:49][UpdateSystem]SystemType: Reactor, PlayerName: Rの名無しさん(ベイト), amount: 16
[Info   :TownOfHost-Pko] [20:09:48:50][UpdateSystem]SystemType: LifeSupp, PlayerName: Rの名無しさん(ベイト), amount: 16
[Info   :TownOfHost-Pko] [20:09:48:54][Phase]------------会議開始　day:2------------
[Info   :TownOfHost-Pko] [20:09:48:56][PetActionPatch]Rの名無しさん が死亡したのでペットを外しました
[Info   :TownOfHost-Pko] [20:09:51:55][LateTask]"sendroleinfo" is created
[Info   :TownOfHost-Pko] [20:09:51:97][ReceiveChat]5号(アーソニスト):どこ
[Info   :TownOfHost-Pko] [20:09:52:45][LateTask]"sendroleinfo"is finished
[Info   :TownOfHost-Pko] [20:09:53:79][ReceiveChat]ひとつここの(ジャッカルドール):え
[Info   :TownOfHost-Pko] [20:09:54:97][ReceiveChat]伝カロちゃん(ジャッカル):へへ
[Info   :TownOfHost-Pko] [20:09:56:39][ReceiveChat]あそこらgrass(エクスプレス):ど
[Info   :TownOfHost-Pko] [20:10:07:82][ReceiveChat]みくろ(ダブルキラー):なぜ
[Info   :TownOfHost-Pko] [20:10:15:93][ReceiveChat]ひとつここの(ジャッカルドール):どういうこと
[Info   :TownOfHost-Pko] [20:10:16:11][ReceiveChat]伝カロちゃん(ジャッカル):これで村がほぼ負けになりましたね
[Info   :TownOfHost-Pko] [20:10:16:31][ReceiveChat]5号(アーソニスト):何があったのだ
[Info   :TownOfHost-Pko] [20:10:20:38][ReceiveChat]あそこらgrass(エクスプレス):伝カロ把握
[Info   :TownOfHost-Pko] [20:10:37:63][ReceiveChat]伝カロちゃん(ジャッカル):結論から言うと、僕はインポスターではありません
[Info   :TownOfHost-Pko] [20:10:42:48][ReceiveChat]5号(アーソニスト):ほう
[Info   :TownOfHost-Pko] [20:11:04:04][ReceiveChat]あそこらgrass(エクスプレス):なわけ
[Info   :TownOfHost-Pko] [20:11:04:07][ReceiveChat]ひとつここの(ジャッカルドール):まさか
[Info   :TownOfHost-Pko] [20:11:14:82][ReceiveChat]5号(アーソニスト):ということは発言からして第三陣営？
[Info   :TownOfHost-Pko] [20:11:18:47][ReceiveChat]伝カロちゃん(ジャッカル):僕はこの盤面、人狼の方と協力したいです
[Info   :TownOfHost-Pko] [20:11:24:66][ReceiveChat]5号(アーソニスト):おや
[Info   :TownOfHost-Pko] [20:11:29:75][ReceiveChat]あそこらgrass(エクスプレス):ジャッカルか
[Info   :TownOfHost-Pko] [20:11:32:92][ReceiveChat]ひとつここの(ジャッカルドール):心理戦か
[Info   :TownOfHost-Pko] [20:11:33:16][ReceiveChat]伝カロちゃん(ジャッカル):三人、つまりインポスターがいれば1人はppが可能だからです。
[Info   :TownOfHost-Pko] [20:11:41:80][ReceiveChat]伝カロちゃん(ジャッカル):ジャッカルドールもいます。
[Info   :TownOfHost-Pko] [20:11:45:16][ReceiveChat]5号(アーソニスト):おおー
[Info   :TownOfHost-Pko] [20:11:53:46][ReceiveChat]ひとつここの(ジャッカルドール):ノシ
[Info   :TownOfHost-Pko] [20:11:54:82][ReceiveChat]5号(アーソニスト):って感心していいのか
[Info   :TownOfHost-Pko] [20:12:01:56][ReceiveChat]あそこらgrass(エクスプレス):だめだめ
[Info   :TownOfHost-Pko] [20:12:13:46][ReceiveChat]伝カロちゃん(ジャッカル):では、インポスターを吊ってしまったらという心配はありません
[Info   :TownOfHost-Pko] [20:12:19:26][ReceiveChat]ひとつここの(ジャッカルドール):なんもわかんない
[Info   :TownOfHost-Pko] [20:12:20:21][ReceiveChat]あそこらgrass(エクスプレス):ドール多分ジャッカル昇格できないから
[Info   :TownOfHost-Pko] [20:12:20:33][ReceiveChat]みくろ(ダブルキラー):ジャッカルドールってなんですか
[Info   :TownOfHost-Pko] [20:12:33:92][ReceiveChat]ひとつここの(ジャッカルドール):俺もわかんない
[Info   :TownOfHost-Pko] [20:12:34:13][ReceiveChat]伝カロちゃん(ジャッカル):かくしろのライムがいるので、人狼とジャッカルドール、そして僕が彼に投票すればppが可能です
[Info   :TownOfHost-Pko] [20:12:34:90][ReceiveChat]あそこらgrass(エクスプレス):ジャッカルの子分
[Info   :TownOfHost-Pko] [20:12:48:33][ReceiveChat]みくろ(ダブルキラー):ありがと
[Info   :TownOfHost-Pko] [20:12:57:04][ReceiveChat]あそこらgrass(エクスプレス):伝カロ吊れー
[Info   :TownOfHost-Pko] [20:12:59:84][ReceiveChat]伝カロちゃん(ジャッカル):インポスターの人を信じる形にはなります
[Info   :TownOfHost-Pko] [20:13:04:00][ReceiveChat]伝カロちゃん(ジャッカル):メイヤーがいたら終わりです
[Info   :TownOfHost-Pko] [20:13:04:22][SendChat]昇格可能だよ
[Info   :TownOfHost-Pko] [20:13:04:44][ReceiveChat]ひとつここの(ジャッカルドール):ライアーゲームみたいになってきた
[Info   :TownOfHost-Pko] [20:13:12:00][ReceiveChat]伝カロちゃん(ジャッカル):しかし僕が死んでも意味はないのです
[Info   :TownOfHost-Pko] [20:13:20:22][ReceiveChat]あそこらgrass(エクスプレス):メイヤーは伝カロ投票してー
[Info   :TownOfHost-Pko] [20:13:23:87][ReceiveChat]5号(アーソニスト):すまん急展開過ぎてさっきからなにが...
[Info   :TownOfHost-Pko] [20:13:28:00][ReceiveChat]伝カロちゃん(ジャッカル):では、ライムに入れます
[Info   :TownOfHost-Pko] [20:13:29:59][MeetingVoteManager]投票: 伝カロちゃん(ジャッカル) => あそこらgrass(エクスプレス) x 1 
[Info   :TownOfHost-Pko] [20:13:33:11][ReceiveChat]ひとつここの(ジャッカルドール):まあ、仰せのままに
[Info   :TownOfHost-Pko] [20:13:40:46][ReceiveChat]ひとつここの(ジャッカルドール):じゃっかるどーるなので
[Info   :TownOfHost-Pko] [20:13:42:24][MeetingVoteManager]投票: ひとつここの(ジャッカルドール) => あそこらgrass(エクスプレス) x 1 
[Info   :TownOfHost-Pko] [20:13:45:68][ReceiveChat]伝カロちゃん(ジャッカル):ちなみに、ジャッカルドールかインポスターが確定で勝てる盤面です
[Info   :TownOfHost-Pko] [20:13:48:36][MeetingVoteManager]投票: 5号(アーソニスト) => 伝カロちゃん(ジャッカル) x 1 
[Info   :TownOfHost-Pko] [20:13:49:26][MeetingVoteManager]投票: みくろ(ダブルキラー) => あそこらgrass(エクスプレス) x 1 
[Info   :TownOfHost-Pko] [20:13:55:21][MeetingVoteManager]投票: あそこらgrass(エクスプレス) => 伝カロちゃん(ジャッカル) x 1 
[Info   :TownOfHost-Pko] [20:13:55:21][VoteCount]伝カロちゃん => 2
[Info   :TownOfHost-Pko] [20:13:55:21][VoteCount]あそこらgrass => 3
[Info   :TownOfHost-Pko] [20:13:55:21][MeetingVoteManager]最多得票者: あそこらgrass(エクスプレス)
[Info   :TownOfHost-Pko] [20:13:55:21][MeetingVoteManager]追放者: あそこらgrass(エクスプレス) で会議を終了します
[Info   :TownOfHost-Pko] [20:13:59:20][AntiBlackout]SetIsDead is called from EndMeeting
[Info   :TownOfHost-Pko] [20:13:59:20][AntiBlackout]SendGameData is called from SetIsDead
[Info   :TownOfHost-Pko] [20:13:59:21][AntiBlackout]Rの名無しさん => Crewmate
[Info   :TownOfHost-Pko] [20:13:59:21][AntiBlackout]みくろ => Impostor
[Info   :TownOfHost-Pko] [20:13:59:21][AntiBlackout]5号 => Crewmate
[Info   :TownOfHost-Pko] [20:13:59:21][AntiBlackout]伝カロちゃん => Crewmate
[Info   :TownOfHost-Pko] [20:13:59:21][AntiBlackout]あそこらgrass => Crewmate
[Info   :TownOfHost-Pko] [20:13:59:21][AntiBlackout]ひとつここの => Crewmate
[Info   :TownOfHost-Pko] [20:13:59:21][LateTask]"LateAntiBlackoutSet"is end
[Info   :TownOfHost-Pko] [20:14:01:25][Phase]------------会議終了------------
[Info   :TownOfHost-Pko] [20:14:08:66][PlayerControl.RpcSetRole]あそこらgrass(エクスプレス) => CrewmateGhost
[Info   :TownOfHost-Pko] [20:14:08:66][RpcSetRole]AntiBlackoutが動作中だからキャンセル！
[Info   :TownOfHost-Pko] [20:14:08:66][AntiBlackout]RestoreIsDead is called from WrapUpPostfix
[Info   :TownOfHost-Pko] [20:14:08:69][CountAlivePlayers]Crew:1/3, Impostor:1/1, Jackal:2/2, All:4/6
[Info   :TownOfHost-Pko] [20:14:08:69][LateTask]"ShowChatAfterMeeting" is created
[Info   :TownOfHost-Pko] [20:14:08:69][LateTask]"Restore IsDead Task" is created
[Info   :TownOfHost-Pko] [20:14:08:69][LateTask]"AfterMeetingDeathPlayers Task" is created
[Info   :TownOfHost-Pko] [20:14:08:74][LateTask]"Tuihoufin" is created
[Info   :TownOfHost-Pko] [20:14:09:14][LateTask]"ShowChatAfterMeeting"is finished
[Info   :TownOfHost-Pko] [20:14:09:14][LateTask]"Restore IsDead Task"is finished
[Info   :TownOfHost-Pko] [20:14:09:17][UpdateSystem]SystemType: Reactor, PlayerName: Rの名無しさん(ベイト), amount: 128
[Info   :TownOfHost-Pko] [20:14:09:17][LateTask]"Fix Reactor" is created
[Info   :TownOfHost-Pko] [20:14:09:18][RpcResetAbilityCooldown]アビリティクールダウンのリセット:Rの名無しさん(0)
[Info   :TownOfHost-Pko] [20:14:09:18][RpcResetAbilityCooldown]アビリティクールダウンのリセット:みくろ(1)
[Info   :TownOfHost-Pko] [20:14:09:18][RpcResetAbilityCooldown]アビリティクールダウンのリセット:5号(2)
[Info   :TownOfHost-Pko] [20:14:09:18][RpcResetAbilityCooldown]アビリティクールダウンのリセット:伝カロちゃん(4)
[Info   :TownOfHost-Pko] [20:14:09:18][RpcResetAbilityCooldown]アビリティクールダウンのリセット:あそこらgrass(5)
[Info   :TownOfHost-Pko] [20:14:09:19][RpcResetAbilityCooldown]アビリティクールダウンのリセット:ひとつここの(3)
[Info   :TownOfHost-Pko] [20:14:09:19][Phase]タスクフェイズ開始
[Info   :TownOfHost-Pko] [20:14:09:19][LateTask]"AfterMeetingDeathPlayers Task"is finished
[Info   :TownOfHost-Pko] [20:14:09:24][LateTask]"AfterMeetingDeathPlayer"is end
[Info   :TownOfHost-Pko] [20:14:09:39][RpcResetAbilityCooldown]アビリティクールダウンのリセット:Rの名無しさん(0)
[Info   :TownOfHost-Pko] [20:14:09:40][RpcResetAbilityCooldown]アビリティクールダウンのリセット:みくろ(1)
[Info   :TownOfHost-Pko] [20:14:09:40][RpcResetAbilityCooldown]アビリティクールダウンのリセット:5号(2)
[Info   :TownOfHost-Pko] [20:14:09:40][RpcResetAbilityCooldown]アビリティクールダウンのリセット:伝カロちゃん(4)
[Info   :TownOfHost-Pko] [20:14:09:40][RpcResetAbilityCooldown]アビリティクールダウンのリセット:あそこらgrass(5)
[Info   :TownOfHost-Pko] [20:14:09:40][PlayerControl.RpcSetRole]あそこらgrass(エクスプレス) => CrewmateGhost
[Info   :TownOfHost-Pko] [20:14:09:40][RpcResetAbilityCooldown]アビリティクールダウンのリセット:ひとつここの(3)
[Info   :TownOfHost-Pko] [20:14:09:46][UpdateSystem]SystemType: Reactor, PlayerName: Rの名無しさん(ベイト), amount: 16
[Info   :TownOfHost-Pko] [20:14:09:46][LateTask]"Fix Reactor"is finished
[Info   :TownOfHost-Pko] [20:14:11:87][LateTask]"Tuihoufin"is finished
[Info   :TownOfHost-Pko] [20:14:20:89][ReceiveChat]あそこらgrass(エクスプレス):まじかよ
[Info   :TownOfHost-Pko] [20:14:24:50][ReportDeadBody]伝カロちゃん(ジャッカル) => null
[Info   :TownOfHost-Pko] [20:14:24:51][LateTask]"SetSkin" is created
[Info   :TownOfHost-Pko] [20:14:24:84][LateTask]"SetSkin"is finished
[Info   :TownOfHost-Pko] [20:14:25:08][MeetingTimeManager.OnReportDeadBody]DiscussionTime:0, VotingTime240
[Info   :TownOfHost-Pko] [20:14:25:08][UpdateSystem]SystemType: Laboratory, PlayerName: Rの名無しさん(ベイト), amount: 16
[Info   :TownOfHost-Pko] [20:14:25:08][UpdateSystem]SystemType: Reactor, PlayerName: Rの名無しさん(ベイト), amount: 16
[Info   :TownOfHost-Pko] [20:14:25:08][UpdateSystem]SystemType: LifeSupp, PlayerName: Rの名無しさん(ベイト), amount: 16
[Info   :TownOfHost-Pko] [20:14:25:14][Phase]------------会議開始　day:3------------
[Info   :TownOfHost-Pko] [20:14:25:15][PetActionPatch]あそこらgrass が死亡したのでペットを外しました
[Info   :TownOfHost-Pko] [20:14:27:10][ReceiveChat]ひとつここの(ジャッカルドール):あ
[Info   :TownOfHost-Pko] [20:14:27:83][ReceiveChat]5号(アーソニスト):nabo
[Info   :TownOfHost-Pko] [20:14:28:08][LateTask]"sendroleinfo" is created
[Info   :TownOfHost-Pko] [20:14:29:08][LateTask]"sendroleinfo"is finished
[Info   :TownOfHost-Pko] [20:14:35:18][ReceiveChat]伝カロちゃん(ジャッカル):メイヤーはいないようですね
[Info   :TownOfHost-Pko] [20:14:42:43][ReceiveChat]あそこらgrass(エクスプレス):殺されるより屈辱的だ...
[Info   :TownOfHost-Pko] [20:14:51:52][ReceiveChat]5号(アーソニスト):あの...
[Info   :TownOfHost-Pko] [20:14:56:68][ReceiveChat]伝カロちゃん(ジャッカル):インポスターのあなたはどうします
[Info   :TownOfHost-Pko] [20:15:02:75][ReceiveChat]ひとつここの(ジャッカルドール):昇格可能だってさ
[Info   :TownOfHost-Pko] [20:15:17:03][ReceiveChat]5号(アーソニスト):話についていけず頭の中が？だらけなのですが詳しい説明を
[Info   :TownOfHost-Pko] [20:15:24:81][ReceiveChat]ひとつここの(ジャッカルドール):俺もわかんない
[Info   :TownOfHost-Pko] [20:15:40:06][ReceiveChat]伝カロちゃん(ジャッカル):まずベイトcoしたブルーを僕がキルし、強制的に通報が入りました
[Info   :TownOfHost-Pko] [20:15:48:81][ReceiveChat]ひとつここの(ジャッカルドール):そうだね
[Info   :TownOfHost-Pko] [20:15:53:87][ReceiveChat]伝カロちゃん(ジャッカル):インポスター1、ジャッカルとジャッカルドールがいる盤面なのでppが可能
[Info   :TownOfHost-Pko] [20:16:05:04][ReceiveChat]伝カロちゃん(ジャッカル):そしてインポスターを信じ、ライムを吊ることができました
[Info   :TownOfHost-Pko] [20:16:21:09][ReceiveChat]伝カロちゃん(ジャッカル):/myrole
[Info   :TownOfHost-Pko] [20:16:25:95][ReceiveChat]ひとつここの(ジャッカルドール):ジャッカルとインポスターは同じ陣営ってこと?
[Info   :TownOfHost-Pko] [20:16:34:97][ReceiveChat]伝カロちゃん(ジャッカル):いや
[Info   :TownOfHost-Pko] [20:16:43:44][ReceiveChat]伝カロちゃん(ジャッカル):僕は村が勝てなくするためにうごいただけ
[Info   :TownOfHost-Pko] [20:17:00:02][ReceiveChat]5号(アーソニスト):あくまでもそれだけが目的か
[Info   :TownOfHost-Pko] [20:17:00:77][ReceiveChat]ひとつここの(ジャッカルドール):んーー
[Info   :TownOfHost-Pko] [20:17:15:12][ReceiveChat]ひとつここの(ジャッカルドール):つまりインポVSジャッカルにするってことなの
[Info   :TownOfHost-Pko] [20:17:15:51][ReceiveChat]伝カロちゃん(ジャッカル):インポスターの人と一騎打ちしても良いよ。
[Info   :TownOfHost-Pko] [20:17:26:69][ReceiveChat]5号(アーソニスト):となると俺まけるのだが
[Info   :TownOfHost-Pko] [20:17:53:01][ReceiveChat]伝カロちゃん(ジャッカル):まあ、僕ができる最大の場面崩しをしたつもりです
[Info   :TownOfHost-Pko] [20:18:13:07][ReceiveChat]あそこらgrass(エクスプレス):やり方が度し難い...
[Info   :TownOfHost-Pko] [20:18:14:03][ReceiveChat]5号(アーソニスト):は、はあ...
[Info   :TownOfHost-Pko] [20:18:16:16][ReceiveChat]ひとつここの(ジャッカルドール):まあ俺らはタスクしてるわ
[Info   :TownOfHost-Pko] [20:18:24:11][MeetingVoteManager]投票: ひとつここの(ジャッカルドール) => Skip x 1 
[Info   :TownOfHost-Pko] [20:18:25:13][MeetingVoteManager]投票: みくろ(ダブルキラー) => Skip x 1 
[Info   :TownOfHost-Pko] [20:18:26:03][MeetingVoteManager]投票: 5号(アーソニスト) => Skip x 1 
[Info   :TownOfHost-Pko] [20:18:28:15][ReceiveChat]ひとつここの(ジャッカルドール):頑張ろうな
[Info   :TownOfHost-Pko] [20:18:28:35][MeetingVoteManager]投票: 伝カロちゃん(ジャッカル) => 5号(アーソニスト) x 1 
[Warning:TownOfHost-Pko] [20:18:28:36][GetCustomRole]TownOfHost.Modules.MeetingVoteManager.CountVotesがCustomRoleを取得しようとしましたが、対象がnullでした。
[Info   :TownOfHost-Pko] [20:18:28:36][VoteCount]5号 => 1
[Info   :TownOfHost-Pko] [20:18:28:36][VoteCount]スキップ => 3
[Info   :TownOfHost-Pko] [20:18:28:36][MeetingVoteManager]最多得票者: Skip
[Info   :TownOfHost-Pko] [20:18:28:36][MeetingVoteManager]追放者: スキップ で会議を終了します
[Info   :TownOfHost-Pko] [20:18:32:34][AntiBlackout]SetIsDead is called from EndMeeting
[Info   :TownOfHost-Pko] [20:18:32:34][AntiBlackout]SendGameData is called from SetIsDead
[Info   :TownOfHost-Pko] [20:18:32:35][AntiBlackout]Rの名無しさん => Crewmate
[Info   :TownOfHost-Pko] [20:18:32:35][AntiBlackout]みくろ => Impostor
[Info   :TownOfHost-Pko] [20:18:32:35][AntiBlackout]5号 => Crewmate
[Info   :TownOfHost-Pko] [20:18:32:35][AntiBlackout]伝カロちゃん => Crewmate
[Info   :TownOfHost-Pko] [20:18:32:35][AntiBlackout]あそこらgrass => Crewmate
[Info   :TownOfHost-Pko] [20:18:32:35][AntiBlackout]ひとつここの => Crewmate
[Info   :TownOfHost-Pko] [20:18:32:35][LateTask]"LateAntiBlackoutSet"is end
[Info   :TownOfHost-Pko] [20:18:34:39][Phase]------------会議終了------------
[Info   :TownOfHost-Pko] [20:18:41:79][AntiBlackout]RestoreIsDead is called from WrapUpPostfix
[Info   :TownOfHost-Pko] [20:18:41:79][CountAlivePlayers]Crew:1/3, Impostor:1/1, Jackal:2/2, All:4/6
[Info   :TownOfHost-Pko] [20:18:41:80][LateTask]"ShowChatAfterMeeting" is created
[Info   :TownOfHost-Pko] [20:18:41:80][LateTask]"Restore IsDead Task" is created
[Info   :TownOfHost-Pko] [20:18:41:80][LateTask]"AfterMeetingDeathPlayers Task" is created
[Info   :TownOfHost-Pko] [20:18:41:87][LateTask]"Tuihoufin" is created
[Info   :TownOfHost-Pko] [20:18:42:27][LateTask]"ShowChatAfterMeeting"is finished
[Info   :TownOfHost-Pko] [20:18:42:27][LateTask]"Restore IsDead Task"is finished
[Info   :TownOfHost-Pko] [20:18:42:29][UpdateSystem]SystemType: Reactor, PlayerName: Rの名無しさん(ベイト), amount: 128
[Info   :TownOfHost-Pko] [20:18:42:30][LateTask]"Fix Reactor" is created
[Info   :TownOfHost-Pko] [20:18:42:30][RpcResetAbilityCooldown]アビリティクールダウンのリセット:Rの名無しさん(0)
[Info   :TownOfHost-Pko] [20:18:42:30][RpcResetAbilityCooldown]アビリティクールダウンのリセット:みくろ(1)
[Info   :TownOfHost-Pko] [20:18:42:30][RpcResetAbilityCooldown]アビリティクールダウンのリセット:5号(2)
[Info   :TownOfHost-Pko] [20:18:42:30][RpcResetAbilityCooldown]アビリティクールダウンのリセット:伝カロちゃん(4)
[Info   :TownOfHost-Pko] [20:18:42:31][RpcResetAbilityCooldown]アビリティクールダウンのリセット:あそこらgrass(5)
[Info   :TownOfHost-Pko] [20:18:42:31][RpcResetAbilityCooldown]アビリティクールダウンのリセット:ひとつここの(3)
[Info   :TownOfHost-Pko] [20:18:42:31][Phase]タスクフェイズ開始
[Info   :TownOfHost-Pko] [20:18:42:31][LateTask]"AfterMeetingDeathPlayers Task"is finished
[Info   :TownOfHost-Pko] [20:18:42:36][LateTask]"AfterMeetingDeathPlayer"is end
[Info   :TownOfHost-Pko] [20:18:42:52][RpcResetAbilityCooldown]アビリティクールダウンのリセット:Rの名無しさん(0)
[Info   :TownOfHost-Pko] [20:18:42:53][RpcResetAbilityCooldown]アビリティクールダウンのリセット:みくろ(1)
[Info   :TownOfHost-Pko] [20:18:42:53][RpcResetAbilityCooldown]アビリティクールダウンのリセット:5号(2)
[Info   :TownOfHost-Pko] [20:18:42:53][RpcResetAbilityCooldown]アビリティクールダウンのリセット:伝カロちゃん(4)
[Info   :TownOfHost-Pko] [20:18:42:53][RpcResetAbilityCooldown]アビリティクールダウンのリセット:あそこらgrass(5)
[Info   :TownOfHost-Pko] [20:18:42:53][RpcResetAbilityCooldown]アビリティクールダウンのリセット:ひとつここの(3)
[Info   :TownOfHost-Pko] [20:18:42:57][UpdateSystem]SystemType: Reactor, PlayerName: Rの名無しさん(ベイト), amount: 16
[Info   :TownOfHost-Pko] [20:18:42:57][LateTask]"Fix Reactor"is finished
[Info   :TownOfHost-Pko] [20:18:45:00][LateTask]"Tuihoufin"is finished
[Info   :TownOfHost-Pko] [20:18:45:13][ReceiveChat]ひとつここの(ジャッカルドール):あ
[Info   :TownOfHost-Pko] [20:18:51:93][SabotageSystemType]PlayerName: みくろ(ダブルキラー), SabotageType: Reactor
[Info   :TownOfHost-Pko] [20:18:52:13][ReceiveChat]ひとつここの(ジャッカルドール):なんでチャットできんの
[Info   :TownOfHost-Pko] [20:18:52:73][SabotageSystemType]PlayerName: みくろ(ダブルキラー), SabotageType: Reactor
[Info   :TownOfHost-Pko] [20:18:52:74][ReceiveChat]伝カロちゃん(ジャッカル):ふふ
[Info   :TownOfHost-Pko] [20:18:53:88][SabotageSystemType]PlayerName: みくろ(ダブルキラー), SabotageType: Reactor
[Info   :TownOfHost-Pko] [20:18:54:45][SabotageSystemType]PlayerName: みくろ(ダブルキラー), SabotageType: Reactor
[Info   :TownOfHost-Pko] [20:18:55:87][SabotageSystemType]PlayerName: みくろ(ダブルキラー), SabotageType: Reactor
[Info   :TownOfHost-Pko] [20:18:56:90][CompleteTask]TaskComplete:Rの名無しさん(ベイト) 0
[Info   :TownOfHost-Pko] [20:18:56:90][TaskState.Update]Rの名無しさん(ベイト): UpdateTask
[Info   :TownOfHost-Pko] [20:18:56:90][TaskState.Update]TotalTaskCounts = 11/18
[Info   :TownOfHost-Pko] [20:18:56:90][TaskState.Update]Rの名無しさん(ベイト): TaskCounts = 5/9
[Info   :TownOfHost-Pko] [20:18:56:90][TaskState.Update]TotalTaskCounts = 11/18
[Info   :TownOfHost-Pko] [20:18:57:42][CompleteTask]TaskComplete:あそこらgrass(エクスプレス) 0
[Info   :TownOfHost-Pko] [20:18:57:42][TaskState.Update]あそこらgrass(エクスプレス): UpdateTask
[Info   :TownOfHost-Pko] [20:18:57:42][TaskState.Update]TotalTaskCounts = 12/18
[Info   :TownOfHost-Pko] [20:18:57:42][TaskState.Update]あそこらgrass(エクスプレス): TaskCounts = 7/9
[Info   :TownOfHost-Pko] [20:18:57:42][TaskState.Update]TotalTaskCounts = 12/18
[Info   :TownOfHost-Pko] [20:18:58:17][CheckMurder]Attempt  :5号(アーソニスト) => ひとつここの(ジャッカルドール)
[Info   :TownOfHost-Pko] [20:18:58:18][OnCheckMurderAsKiller]Arsonist start douse
[Info   :TownOfHost-Pko] [20:18:58:18][CheckMurder]5号(アーソニスト)はキルしない。
[Info   :TownOfHost-Pko] [20:18:58:19][MurderPlayer]5号(アーソニスト) => ひとつここの(ジャッカルドール) (FailedError, DecisionByHost)
[Info   :TownOfHost-Pko] [20:18:58:19][MurderPlayer]キルはホストによってキャンセルされました
[Info   :TownOfHost-Pko] [20:18:59:18][ReceiveChat]ひとつここの(ジャッカルドール):なんで
[Info   :TownOfHost-Pko] [20:19:00:93][Arsonist]Canceled: 5号(アーソニスト)
[Info   :TownOfHost-Pko] [20:19:09:12][CheckMurder]Attempt  :5号(アーソニスト) => 伝カロちゃん(ジャッカル)
[Info   :TownOfHost-Pko] [20:19:09:12][OnCheckMurderAsKiller]Arsonist start douse
[Info   :TownOfHost-Pko] [20:19:09:13][CheckMurder]5号(アーソニスト)はキルしない。
[Info   :TownOfHost-Pko] [20:19:09:13][MurderPlayer]5号(アーソニスト) => 伝カロちゃん(ジャッカル) (FailedError, DecisionByHost)
[Info   :TownOfHost-Pko] [20:19:09:13][MurderPlayer]キルはホストによってキャンセルされました
[Info   :TownOfHost-Pko] [20:19:09:92][Arsonist]Canceled: 5号(アーソニスト)
[Info   :TownOfHost-Pko] [20:19:13:07][CompleteTask]TaskComplete:あそこらgrass(エクスプレス) 3
[Info   :TownOfHost-Pko] [20:19:13:07][TaskState.Update]あそこらgrass(エクスプレス): UpdateTask
[Info   :TownOfHost-Pko] [20:19:13:07][TaskState.Update]TotalTaskCounts = 13/18
[Info   :TownOfHost-Pko] [20:19:13:07][TaskState.Update]あそこらgrass(エクスプレス): TaskCounts = 8/9
[Info   :TownOfHost-Pko] [20:19:13:07][TaskState.Update]TotalTaskCounts = 13/18
[Info   :TownOfHost-Pko] [20:19:16:99][CompleteTask]TaskComplete:Rの名無しさん(ベイト) 3
[Info   :TownOfHost-Pko] [20:19:16:99][TaskState.Update]Rの名無しさん(ベイト): UpdateTask
[Info   :TownOfHost-Pko] [20:19:16:99][TaskState.Update]TotalTaskCounts = 14/18
[Info   :TownOfHost-Pko] [20:19:16:99][TaskState.Update]Rの名無しさん(ベイト): TaskCounts = 6/9
[Info   :TownOfHost-Pko] [20:19:16:99][TaskState.Update]TotalTaskCounts = 14/18
[Info   :TownOfHost-Pko] [20:19:20:33][CheckMurder]Attempt  :伝カロちゃん(ジャッカル) => みくろ(ダブルキラー)
[Info   :TownOfHost-Pko] [20:19:20:33][MurderPlayer]伝カロちゃん(ジャッカル) => みくろ(ダブルキラー) (Succeeded, DecisionByHost)
[Info   :TownOfHost-Pko] [20:19:20:34][PlayerControl.RpcSetRole]みくろ(ダブルキラー) => ImpostorGhost
[Info   :TownOfHost-Pko] [20:19:20:34][MurderPlayer]Real Killer=伝カロちゃん(ジャッカル)
[Info   :TownOfHost-Pko] [20:19:20:35][CountAliveImpostors]生存しているインポスター:0人
[Info   :TownOfHost-Pko] [20:19:20:35][CountAlivePlayers]Crew:1/3, Impostor:0/1, Jackal:2/2, All:3/6
[Info   :TownOfHost-Pko] [20:19:20:36][LateTask]"RemoveKillFlash" is created
[Info   :TownOfHost-Pko] [20:19:20:36][LateTask]"RemoveKillFlash" is created
[Info   :TownOfHost-Pko] [20:19:20:37][CustomWinner]RASACW Default =>? Jackal, Call:TownOfHost.NormalGameEndPredicate.CheckGameEndByLivingPlayers
[Info   :TownOfHost-Pko] [20:19:20:37][CustomWinner]0 < 0
[Info   :TownOfHost-Pko] [20:19:20:38][Winner]Jackal (ImpostorsByKill)
[Info   :TownOfHost-Pko] [20:19:20:38][Winner]winnerteam:Jackal (ImpostorsByKill)
[Info   :TownOfHost-Pko] [20:19:20:38][ResetRoleAndEndGame]Rの名無しさん(ベイト): CrewmateGhostに変更
[Info   :TownOfHost-Pko] [20:19:20:38][PlayerControl.RpcSetRole]Rの名無しさん(ベイト) => CrewmateGhost
[Info   :TownOfHost-Pko] [20:19:20:38][ResetRoleAndEndGame]みくろ(ダブルキラー): CrewmateGhostに変更
[Info   :TownOfHost-Pko] [20:19:20:38][PlayerControl.RpcSetRole]みくろ(ダブルキラー) => CrewmateGhost
[Info   :TownOfHost-Pko] [20:19:20:39][ResetRoleAndEndGame]5号(アーソニスト): CrewmateGhostに変更
[Info   :TownOfHost-Pko] [20:19:20:39][PlayerControl.RpcSetRole]5号(アーソニスト) => CrewmateGhost
[Info   :TownOfHost-Pko] [20:19:20:39][ResetRoleAndEndGame]伝カロちゃん(ジャッカル): ImpostorGhostに変更
[Info   :TownOfHost-Pko] [20:19:20:39][PlayerControl.RpcSetRole]伝カロちゃん(ジャッカル) => ImpostorGhost
[Info   :TownOfHost-Pko] [20:19:20:39][ResetRoleAndEndGame]あそこらgrass(エクスプレス): CrewmateGhostに変更
[Info   :TownOfHost-Pko] [20:19:20:39][PlayerControl.RpcSetRole]あそこらgrass(エクスプレス) => CrewmateGhost
[Info   :TownOfHost-Pko] [20:19:20:39][ResetRoleAndEndGame]ひとつここの(ジャッカルドール): ImpostorGhostに変更
[Info   :TownOfHost-Pko] [20:19:20:39][PlayerControl.RpcSetRole]ひとつここの(ジャッカルドール) => ImpostorGhost
[Info   :TownOfHost-Pko] [20:19:20:61][LateTask]"RemoveKillFlash"is finished
[Info   :TownOfHost-Pko] [20:19:20:61][LateTask]"RemoveKillFlash"is finished
[Info   :TownOfHost-Pko] [20:19:21:19][PreviousSession]前セッション記録: 6人
[Info   :TownOfHost-Pko] [20:19:21:23][Phase]-----------ゲーム終了-----------
[Info   :TownOfHost-Pko] [20:19:21:24][CustomRoleManager]Dispose ActiveRoles
[Info   :TownOfHost-Pko] [20:19:32:51][TestBotManager]Canceled legacy SNR bot spawn.
[Info   :TownOfHost-Pko] [20:19:32:51][OnGameJoined]-1927679469に参加
[Info   :TownOfHost-Pko] [20:19:33:15][LateTask]"Welcome Meg" is created
[Info   :TownOfHost-Pko] [20:19:33:39][LateTask]"Welcome Meg" is created
[Info   :TownOfHost-Pko] [20:19:33:39][LateTask]"Welcome Meg" is created
[Info   :TownOfHost-Pko] [20:19:33:40][LateTask]"Welcome Meg" is created
[Info   :TownOfHost-Pko] [20:19:33:68][LateTask]"Welcome Meg" is created
[Info   :TownOfHost-Pko] [20:19:36:32][LateTask]"Welcome Meg"is finished
[Info   :TownOfHost-Pko] [20:19:36:32][LateTask]"Welcome Meg"is finished
[Info   :TownOfHost-Pko] [20:19:36:32][LateTask]"Welcome Meg"is finished
[Info   :TownOfHost-Pko] [20:19:36:32][LateTask]"Welcome Meg"is finished
[Info   :TownOfHost-Pko] [20:19:36:67][LateTask]"Welcome Meg"is finished
[Info   :TownOfHost-Pko] [20:19:39:27][ReceiveChat]ひとつここの:対あり
[Info   :TownOfHost-Pko] [20:19:43:31][ReceiveChat]5号:な　に　こ　れ
[Info   :TownOfHost-Pko] [20:19:43:63][SendChat]GG
[Info   :TownOfHost-Pko] [20:19:45:98][ReceiveChat]あそこらgrass:死よりも屈辱的だ...
[Info   :TownOfHost-Pko] [20:19:57:96][Session]みくろ(ClientID:1092776)(FriendCode:starrypram#3837)(PuId:0002b8809c4841aa8770be571da45354)が参加
[Info   :TownOfHost-Pko] [20:19:58:69][LateTask]"Welcome Meg" is created
[Info   :TownOfHost-Pko] [20:20:01:68][LateTask]"Welcome Meg"is finished
[Info   :TownOfHost-Pko] [20:20:14:99][ReceiveChat]5号:寄りにもよって俺あーそにすとだったのだが
[Info   :TownOfHost-Pko] [20:20:17:38][ReceiveChat]みくろ:まけたあー
[Error  :TownOfHost-Pko] [20:20:21:01][GetClientId]ひとつここののclientがnull
[Info   :TownOfHost-Pko] [20:20:21:02][Session]ひとつここの(ClientID:1092459)が切断(理由:ExitGame, ping:10), Platform:IPhone , friendcode:needsame#5505 , PuId:0002cf29a03740028191c90f6d69517e
[Info   :TownOfHost-Pko] [20:20:29:48][ReceiveChat]5号:誰一人ギトギトにできず...
[Info   :TownOfHost-Pko] [20:20:29:65][ReceiveChat]あそこらgrass:ジャッカルの乗っ取り勝利になるって伝えとけばよかった
[Info   :TownOfHost-Pko] [20:20:52:82][ReceiveChat]5号:初めからそういってくれ()
[Info   :TownOfHost-Pko] [20:21:07:46][Session]ひとつここの(ClientID:1092787)(FriendCode:needsame#5505)(PuId:0002cf29a03740028191c90f6d69517e)が参加
[Info   :TownOfHost-Pko] [20:21:07:69][LateTask]"Welcome Meg" is created
[Info   :TownOfHost-Pko] [20:21:10:55][ReceiveChat]みくろ:煽動者でんかろにのせられた
[Info   :TownOfHost-Pko] [20:21:10:68][LateTask]"Welcome Meg"is finished
[Info   :TownOfHost-Pko] [20:21:15:26][ReceiveChat]伝カロちゃん:ドールはいて、インポスターがいるからどちらにせよ村が勝つのは無理ゲーだけどね
[Info   :TownOfHost-Pko] [20:21:27:62][ReceiveChat]伝カロちゃん:インポスターが絶対いるという精神操作
[Info   :TownOfHost-Pko] [20:21:29:32][ReceiveChat]あそこらgrass:ジャッカルの勝ちを阻止したかった
[Info   :TownOfHost-Pko] [20:21:29:64][ReceiveChat]ひとつここの:むずかしかった
[Info   :TownOfHost-Pko] [20:21:35:16][Session]グラサンマン(ClientID:1092789)(FriendCode:waterjumpy#9451)(PuId:0002973123ba40b393e04f3bce3d09e7)が参加
[Info   :TownOfHost-Pko] [20:21:35:87][LateTask]"Welcome Meg" is created
[Info   :TownOfHost-Pko] [20:21:38:86][LateTask]"Welcome Meg"is finished
[Info   :TownOfHost-Pko] [20:21:39:83][ReceiveChat]5号:やはりMODはわからぬことだらけだな...
[Info   :TownOfHost-Pko] [20:21:42:64][ReceiveChat]あそこらgrass:過去一推理線したかもね
[Info   :TownOfHost-Pko] [20:21:42:94][ReceiveChat]伝カロちゃん:はろぐらさん
[Info   :TownOfHost-Pko] [20:21:55:13][ReceiveChat]あそこらgrass:よす
[Info   :TownOfHost-Pko] [20:21:58:18][ReceiveChat]ひとつここの:大規模サーバーの主さんだ
[Info   :TownOfHost-Pko] [20:22:00:00][ReceiveChat]グラサンマン:HI
[Info   :TownOfHost-Pko] [20:22:26:23][ReceiveChat]ひとつここの:フィールドボスたのしかった
[Info   :TownOfHost-Pko] [20:22:29:67][ReceiveChat]5号:団長、お世話になっております
[Info   :TownOfHost-Pko] [20:22:31:67][ReceiveChat]あそこらgrass:マップポーラスにしたい
[Info   :TownOfHost-Pko] [20:22:33:83][ReceiveChat]グラサンマン:それはよかっただ
[Info   :TownOfHost-Pko] [20:22:35:10][ReceiveChat]5号:いいよ
[Info   :TownOfHost-Pko] [20:22:45:22][ReceiveChat]ひとつここの:Modむじー
[Info   :TownOfHost-Pko] [20:23:05:98][ReceiveChat]あそこらgrass:ありがとう
[Info   :TownOfHost-Pko] [20:23:12:06][Session]マリエルちゃん(ClientID:1092815)(FriendCode:baggyset#4293)(PuId:00021d27debf48f2858ecc1e6bcfb9b7)が参加
[Info   :TownOfHost-Pko] [20:23:13:68][LateTask]"Welcome Meg" is created
[Info   :TownOfHost-Pko] [20:23:16:67][LateTask]"Welcome Meg"is finished
[Info   :TownOfHost-Pko] [20:23:21:25][Session]切断(理由:Custom:サーバー接続が切れました。\r\n\r\nSent 6 pings that remote has not responded to., ping:11,FriendCode:needfulnil#3743,PUID:0002baec0d304fb3bd3013a145cbcd21)
[Info   :TownOfHost-Pko] [20:23:21:25][CustomRoleManager]Dispose ActiveRoles
[Info   :TownOfHost-Pko] [20:23:21:33][TestBotManager]Canceled legacy SNR bot spawn.
[Info   :TownOfHost-Pko] [20:23:22:88][ModNews]ModNews Error Fetch:0
[Info   :TownOfHost-Pko] [20:23:22:94][PKO]PKO画像を読み込み: TownOfHost.Resources.TOHP.PKO.png
[Info   :TownOfHost-Pko] [20:23:41:46][TestBotManager]Canceled legacy SNR bot spawn.
[Info   :TownOfHost-Pko] [20:23:41:46][OnGameJoined]-1928552036に参加
[Info   :TownOfHost-Pko] [20:23:41:92][LateTask]"Welcome Meg" is created
[Info   :TownOfHost-Pko] [20:23:45:10][LateTask]"Welcome Meg"is finished
[Info   :TownOfHost-Pko] [20:25:37:86][Session]ひとつここの(ClientID:474334)(FriendCode:needsame#5505)(PuId:0002cf29a03740028191c90f6d69517e)が参加
[Info   :TownOfHost-Pko] [20:25:38:19][LateTask]"Welcome Meg" is created
[Info   :TownOfHost-Pko] [20:25:40:40][Session]あそこらgrass(ClientID:474335)(FriendCode:fishyboot#8274)(PuId:00024b10a2764c5d9cde5abed648f7a4)が参加
[Info   :TownOfHost-Pko] [20:25:41:17][LateTask]"Welcome Meg"is finished
[Info   :TownOfHost-Pko] [20:25:42:05][LateTask]"Welcome Meg" is created
[Info   :TownOfHost-Pko] [20:25:43:89][Session]マリエルちゃん(ClientID:474337)(FriendCode:baggyset#4293)(PuId:00021d27debf48f2858ecc1e6bcfb9b7)が参加
[Info   :TownOfHost-Pko] [20:25:44:90][LateTask]"Welcome Meg" is created
[Info   :TownOfHost-Pko] [20:25:45:05][LateTask]"Welcome Meg"is finished
[Info   :TownOfHost-Pko] [20:25:47:35][Session]グラサンマン(ClientID:474338)(FriendCode:waterjumpy#9451)(PuId:0002973123ba40b393e04f3bce3d09e7)が参加
[Info   :TownOfHost-Pko] [20:25:47:88][LateTask]"Welcome Meg"is finished
[Info   :TownOfHost-Pko] [20:25:47:96][LateTask]"Welcome Meg" is created
[Info   :TownOfHost-Pko] [20:25:50:26][Session]伝カロちゃん(ClientID:474339)(FriendCode:marshyshe#6403)(PuId:00021675f39941d0800649ec8742b168)が参加
[Info   :TownOfHost-Pko] [20:25:50:51][LateTask]"Welcome Meg" is created
[Info   :TownOfHost-Pko] [20:25:50:95][LateTask]"Welcome Meg"is finished
[Info   :TownOfHost-Pko] [20:25:52:93][ReceiveChat]ひとつここの:誰かみくろ呼んできて
[Info   :TownOfHost-Pko] [20:25:53:51][LateTask]"Welcome Meg"is finished
[Info   :TownOfHost-Pko] [20:25:58:68][ReceiveChat]あそこらgrass:いってくる
[Info   :TownOfHost-Pko] [20:26:03:90][Session]5号(ClientID:474343)(FriendCode:spottyloaf#5118)(PuId:00024bd90585418a864c0e93eef94ded)が参加
[Info   :TownOfHost-Pko] [20:26:04:15][LateTask]"Welcome Meg" is created
[Info   :TownOfHost-Pko] [20:26:07:14][LateTask]"Welcome Meg"is finished
[Info   :TownOfHost-Pko] [20:26:07:25][ReceiveChat]ひとつここの:ありがとう
[Error  :TownOfHost-Pko] [20:26:09:95][GetClientId]伝カロちゃんのclientがnull
[Info   :TownOfHost-Pko] [20:26:09:97][Session]伝カロちゃん(ClientID:474339)が切断(理由:ExitGame, ping:77), Platform:IPhone , friendcode:marshyshe#6403 , PuId:00021675f39941d0800649ec8742b168
[Info   :TownOfHost-Pko] [20:26:16:96][ReceiveChat]5号:よかった入れた
[Info   :TownOfHost-Pko] [20:26:18:65][Session]伝カロちゃん(ClientID:474348)(FriendCode:marshyshe#6403)(PuId:00021675f39941d0800649ec8742b168)が参加
[Info   :TownOfHost-Pko] [20:26:18:86][LateTask]"Welcome Meg" is created
[Info   :TownOfHost-Pko] [20:26:21:06][ReceiveChat]ひとつここの:毒5号きた
[Info   :TownOfHost-Pko] [20:26:21:86][LateTask]"Welcome Meg"is finished
[Info   :TownOfHost-Pko] [20:26:28:29][Session]みくろ(ClientID:474354)(FriendCode:starrypram#3837)(PuId:0002b8809c4841aa8770be571da45354)が参加
[Info   :TownOfHost-Pko] [20:26:28:89][LateTask]"Welcome Meg" is created
[Info   :TownOfHost-Pko] [20:26:31:88][LateTask]"Welcome Meg"is finished
[Info   :TownOfHost-Pko] [20:26:39:54][ReceiveChat]あそこらgrass:あえ
[Error  :TownOfHost-Pko] [20:26:42:69][GetClientId]伝カロちゃんのclientがnull
[Info   :TownOfHost-Pko] [20:26:42:70][Session]伝カロちゃん(ClientID:474348)が切断(理由:ExitGame, ping:77), Platform:IPhone , friendcode:marshyshe#6403 , PuId:00021675f39941d0800649ec8742b168
[Info   :TownOfHost-Pko] [20:26:48:49][Session]伝カロちゃん(ClientID:474364)(FriendCode:marshyshe#6403)(PuId:00021675f39941d0800649ec8742b168)が参加
[Info   :TownOfHost-Pko] [20:26:48:71][LateTask]"Welcome Meg" is created
[Info   :TownOfHost-Pko] [20:26:51:70][LateTask]"Welcome Meg"is finished
[Info   :TownOfHost-Pko] [20:26:58:95][ReceiveChat]ひとつここの:どうかしたの
[Info   :TownOfHost-Pko] [20:27:01:15][ReceiveChat]5号:しゃーない毒属性でいくか
[Info   :TownOfHost-Pko] [20:27:05:17][ReceiveChat]伝カロちゃん:回線しんだ
[Info   :TownOfHost-Pko] [20:27:10:69][ReceiveChat]あそこらgrass:なんでもない
[Info   :TownOfHost-Pko] [20:27:19:84][ReceiveChat]伝カロちゃん:あいきかえった
[Info   :TownOfHost-Pko] [20:27:46:95][ReceiveChat]ひとつここの:めし
[Info   :TownOfHost-Pko] [20:27:48:87][SendChat]インポ2のほうがいいかなぁ
[Info   :TownOfHost-Pko] [20:27:51:58][ReceiveChat]伝カロちゃん:集まるのはこのくらいかな？
[Info   :TownOfHost-Pko] [20:27:58:50][ReceiveChat]グラサンマン:OK
[Info   :TownOfHost-Pko] [20:28:14:49][ReceiveChat]グラサンマン:たべてら
[Info   :TownOfHost-Pko] [20:28:36:20][SendChat]おつ
[Info   :TownOfHost-Pko] [20:29:03:93][ReceiveChat]ひとつここの:ただいま
[Info   :TownOfHost-Pko] [20:29:12:49][ReceiveChat]グラサンマン:おかえり
[Info   :TownOfHost-Pko] [20:29:13:73][ReceiveChat]伝カロちゃん:おお
[Info   :TownOfHost-Pko] [20:29:19:72][ReceiveChat]伝カロちゃん:やる？
[Info   :TownOfHost-Pko] [20:29:23:17][ReceiveChat]グラサンマン:配達でも頼んでたのか
[Info   :TownOfHost-Pko] [20:29:31:62][SendChat]やろうか
[Info   :TownOfHost-Pko] [20:29:35:52][ReceiveChat]あそこらgrass:やろ
[Info   :TownOfHost-Pko] [20:29:40:68][SendChat]開始
[Info   :TownOfHost-Pko] [20:29:50:63][PreviousSession]セッション記録: Rの名無しさん (NEEDFULNIL#3743)
[Info   :TownOfHost-Pko] [20:29:50:63][PreviousSession]セッション記録: ひとつここの (NEEDSAME#5505)
[Info   :TownOfHost-Pko] [20:29:50:63][PreviousSession]セッション記録: あそこらgrass (FISHYBOOT#8274)
[Info   :TownOfHost-Pko] [20:29:50:63][PreviousSession]セッション記録: マリエルちゃん (BAGGYSET#4293)
[Info   :TownOfHost-Pko] [20:29:50:63][PreviousSession]セッション記録: グラサンマン (WATERJUMPY#9451)
[Info   :TownOfHost-Pko] [20:29:50:63][PreviousSession]セッション記録: 5号 (SPOTTYLOAF#5118)
[Info   :TownOfHost-Pko] [20:29:50:63][PreviousSession]セッション記録: みくろ (STARRYPRAM#3837)
[Info   :TownOfHost-Pko] [20:29:50:63][PreviousSession]セッション記録: 伝カロちゃん (MARSHYSHE#6403)
[Info   :TownOfHost-Pko] [20:29:50:63][PreviousSession]現在のセッション参加者: 8人
[Info   :TownOfHost-Pko] [20:29:50:71][MeetingTimeManager.Init]DefaultDiscussionTime:0, DefaultVotingTime240
[Info   :TownOfHost-Pko] [20:29:50:72][LateTask]"setdisconnected" is created
[Info   :TownOfHost-Pko] [20:29:50:72][InitializerAttribute]初期化: Achievements.init
[Info   :TownOfHost-Pko] [20:29:50:72][InitializerAttribute]初期化: CheckGetNomalAchievement.OnStartGame
[Info   :TownOfHost-Pko] [20:29:50:72][InitializerAttribute]初期化: AntiBlackout.Reset
[Info   :TownOfHost-Pko] [20:29:50:72][AntiBlackout]==Reset==
[Info   :TownOfHost-Pko] [20:29:50:72][InitializerAttribute]初期化: CustomWinnerHolder.Reset
[Info   :TownOfHost-Pko] [20:29:50:72][InitializerAttribute]初期化: DisableDevice.Reset
[Info   :TownOfHost-Pko] [20:29:50:72][InitializerAttribute]初期化: DoubleTrigger.Init
[Info   :TownOfHost-Pko] [20:29:50:72][InitializerAttribute]初期化: DummyHunter.Init
[Info   :TownOfHost-Pko] [20:29:50:72][InitializerAttribute]初期化: MurderMystery.Init
[Info   :TownOfHost-Pko] [20:29:50:72][InitializerAttribute]初期化: TaskBattle.Init
[Info   :TownOfHost-Pko] [20:29:50:72][InitializerAttribute]初期化: GameStates.Reset
[Info   :TownOfHost-Pko] [20:29:50:72][InitializerAttribute]初期化: GuessManager.Guessreset
[Info   :TownOfHost-Pko] [20:29:50:72][InitializerAttribute]初期化: PlayerOutfitManager.RemoveAll
[Info   :TownOfHost-Pko] [20:29:50:72][InitializerAttribute]初期化: TargetArrow.Init
[Info   :TownOfHost-Pko] [20:29:50:72][InitializerAttribute]初期化: GetArrow.Init
[Info   :TownOfHost-Pko] [20:29:50:72][InitializerAttribute]初期化: Utils.Init
[Info   :TownOfHost-Pko] [20:29:50:72][InitializerAttribute]初期化: SubmergedPatch.Init
[Info   :TownOfHost-Pko] [20:29:50:72][InitializerAttribute]初期化: FallFromLadder.Reset
[Info   :TownOfHost-Pko] [20:29:50:72][InitializerAttribute]初期化: PlayerControlRpcUseZiplinePatch.Reset
[Info   :TownOfHost-Pko] [20:29:50:72][InitializerAttribute]初期化: AutoForceEndOnDisconnect.Reset
[Info   :TownOfHost-Pko] [20:29:50:72][InitializerAttribute]初期化: Lovers.Reset
[Info   :TownOfHost-Pko] [20:29:50:72][InitializerAttribute]初期化: GhostRoleCore.Init
[Info   :TownOfHost-Pko] [20:29:50:72][InitializerAttribute]初期化: Amateras.Init
[Info   :TownOfHost-Pko] [20:29:50:72][InitializerAttribute]初期化: Cupid.Mareset
[Info   :TownOfHost-Pko] [20:29:50:72][InitializerAttribute]初期化: Madonna.Mareset
[Info   :TownOfHost-Pko] [20:29:50:72][InitializerAttribute]初期化: Ruler.Init
[Info   :TownOfHost-Pko] [20:29:50:72][InitializerAttribute]初期化: ThreePigsData.Init
[Info   :TownOfHost-Pko] [20:29:50:72][InitializerAttribute]初期化: Zombie.ResetRuntimeData
[Info   :TownOfHost-Pko] [20:29:50:72][InitializerAttribute]初期化: Evolver.Init
[Info   :TownOfHost-Pko] [20:29:50:72][InitializerAttribute]初期化: Workhorse.Init
[Info   :TownOfHost-Pko] [20:29:50:72][InitializerAttribute]初期化: Guesser.Init
[Info   :TownOfHost-Pko] [20:29:50:72][InitializerAttribute]初期化: DoorsReset.Initialize
[Info   :TownOfHost-Pko] [20:29:50:73][DoorsReset]初期化: [ False, AllOpen ]
[Info   :TownOfHost-Pko] [20:29:50:73][InitializerAttribute]初期化: SuddenDeathMode.Reset
[Info   :TownOfHost-Pko] [20:29:50:73][InitializerAttribute]初期化: SelfVoteManager.Init
[Info   :TownOfHost-Pko] [20:29:50:73][InitializerAttribute]初期化: VentManager.Init
[Info   :TownOfHost-Pko] [20:29:50:73][InitializerAttribute]初期化: ChatManager.ResetChat
[Info   :TownOfHost-Pko] [20:29:50:73][OnGamStarted]==============　3試合目　==============
[Info   :TownOfHost-Pko] [20:29:50:73][OnGamStarted Fin]region:Asia ,LagTime : 0.23 ,(77) PlayerCount : 8
[Info   :TownOfHost-Pko] [20:29:50:75][CountAliveNeutral]生存しているニュートラル:0人
[Info   :TownOfHost-Pko] [20:29:51:21][StandardIntro]ひとつここの
[Info   :TownOfHost-Pko] [20:29:51:21][StandardIntro]あそこらgrass
[Info   :TownOfHost-Pko] [20:29:51:21][StandardIntro]マリエルちゃん
[Info   :TownOfHost-Pko] [20:29:51:21][StandardIntro]グラサンマン
[Info   :TownOfHost-Pko] [20:29:51:21][StandardIntro]5号
[Info   :TownOfHost-Pko] [20:29:51:21][StandardIntro]みくろ
[Info   :TownOfHost-Pko] [20:29:51:21][StandardIntro]伝カロちゃん
[Info   :TownOfHost-Pko] [20:29:51:21][StandardIntro]SetDisconnected
[Info   :TownOfHost-Pko] [20:29:51:21][LateTask]"setdisconnected"is finished
[Message:TownOfHost-Pko] [20:29:52:96][Method]"StartPatch.Postfix" Called in "ShipStatusPatch.cs(92)"
[Info   :TownOfHost-Pko] [20:29:52:96][Phase]-----------ゲーム開始-----------
[Info   :TownOfHost-Pko] [20:29:52:96][CountAlivePlayers]OutOfGame:8/8, All:0/0
[Info   :TownOfHost-Pko] [20:29:56:10][AssignCount][Crewmate, 2], [Impostor, 2], [Neutral, 4], [Madmate, 0]
[Info   :TownOfHost-Pko] [20:29:56:10][AssignRoleList]NekoKabocha, SmokeMaker, Seer, BoostLighter, PlagueDoctor, Jackal, God, Cupid
[Info   :TownOfHost-Pko] [20:29:56:10][AssignRolesDesync]役職設定:5号 = Cupid
[Info   :TownOfHost-Pko] [20:29:56:11][AssignRolesDesync]役職設定:伝カロちゃん = Jackal
[Info   :TownOfHost-Pko] [20:29:56:11][AssignRolesDesync]役職設定:マリエルちゃん = PlagueDoctor
[Info   :TownOfHost-Pko] [20:29:56:11][AssignRolesDesync]役職設定:あそこらgrass = God
[Info   :TownOfHost-Pko] [20:29:56:11][PlayerControl.RpcSetRole]ひとつここの => Phantom
[Info   :TownOfHost-Pko] [20:29:56:11][PlayerControl.RpcSetRole]Rの名無しさん => Impostor
[Info   :TownOfHost-Pko] [20:29:56:11][PlayerControl.RpcSetRole]みくろ => Engineer
[Info   :TownOfHost-Pko] [20:29:56:11][PlayerControl.RpcSetRole]グラサンマン => Crewmate
[Info   :TownOfHost-Pko] [20:29:56:12][AssignRoles]役職設定:Rの名無しさん = NekoKabocha
[Info   :TownOfHost-Pko] [20:29:56:12][AssignRoles]役職設定:ひとつここの = SmokeMaker
[Info   :TownOfHost-Pko] [20:29:56:12][AssignRoles]役職設定:グラサンマン = Seer
[Info   :TownOfHost-Pko] [20:29:56:12][AssignRoles]役職設定:みくろ = BoostLighter
[Info   :TownOfHost-Pko] [20:29:56:13][IusePhantomButton]ひとつここの:ファントムワンクリに追加
[Info   :TownOfHost-Pko] [20:29:56:15][IusePhantomButton]伝カロちゃん:ファントムワンクリに追加
[Info   :TownOfHost-Pko] [20:29:56:15][StandardIntro]ShowIntro
[Info   :TownOfHost-Pko] [20:29:56:15][LateTask]"SetTaskDelay" is created
[Info   :TownOfHost-Pko] [20:29:56:15][CountAliveImpostors]生存しているインポスター:2人
[Info   :TownOfHost-Pko] [20:29:56:15][CountAliveNeutral]生存しているニュートラル:4人
[Info   :TownOfHost-Pko] [20:29:56:15][CountAlivePlayers]Crew:5/5, Impostor:2/2, Jackal:1/1, All:8/8
[Message:TownOfHost-Pko] [20:29:56:17][Method]"BeginPatch.Postfix" Called in "ShipStatusPatch.cs(137)"
[Info   :TownOfHost-Pko] [20:29:56:85][LateTask]"SetTask" is created
[Info   :TownOfHost-Pko] [20:29:56:85][LateTask]"SetTaskDelay"is finished
[Info   :TownOfHost-Pko] [20:29:58:17][Info]------------名前表示------------
[Info   :TownOfHost-Pko] [20:29:58:17][Info][*]0 :Rの名無しさん       :Rの名無しさん(Blue)
[Info   :TownOfHost-Pko] [20:29:58:17][Info]   1 :ひとつここの        :ひとつここの(White)
[Info   :TownOfHost-Pko] [20:29:58:17][Info]   2 :あそこらgrass       :あそこらgrass(Lime)
[Info   :TownOfHost-Pko] [20:29:58:17][Info]   3 :マリエルちゃん      :マリエルちゃん(Black)
[Info   :TownOfHost-Pko] [20:29:58:17][Info]   4 :グラサンマン        :グラサンマン(Gray)
[Info   :TownOfHost-Pko] [20:29:58:17][Info]   6 :5号                 :5号(Purple)
[Info   :TownOfHost-Pko] [20:29:58:17][Info]   7 :みくろ              :みくろ(Orange)
[Info   :TownOfHost-Pko] [20:29:58:17][Info]   5 :伝カロちゃん        :伝カロちゃん(Brown)
[Info   :TownOfHost-Pko] [20:29:58:17][Info]----------役職割り当て----------
[Info   :TownOfHost-Pko] [20:29:58:17][Info][*]0 :Rの名無しさん       :ネコカボチャ
[Info   :TownOfHost-Pko] [20:29:58:17][Info]   1 :ひとつここの        :スモークメーカー
[Info   :TownOfHost-Pko] [20:29:58:17][Info]   2 :あそこらgrass       :神
[Info   :TownOfHost-Pko] [20:29:58:17][Info]   3 :マリエルちゃん      :ペスト医師
[Info   :TownOfHost-Pko] [20:29:58:17][Info]   4 :グラサンマン        :シーア
[Info   :TownOfHost-Pko] [20:29:58:17][Info]   6 :5号                 :キューピッド
[Info   :TownOfHost-Pko] [20:29:58:17][Info]   7 :みくろ              :ブーストライター
[Info   :TownOfHost-Pko] [20:29:58:17][Info]   5 :伝カロちゃん        :ジャッカル
[Info   :TownOfHost-Pko] [20:29:58:17][Info]--------------環境--------------
[Info   :TownOfHost-Pko] [20:29:58:17][Info][*]0 :Rの名無しさん       :SteamPC    :Mod(TOH-PKO/5.35.22.97:084757d3(main))
[Info   :TownOfHost-Pko] [20:29:58:17][Info]   1 :ひとつここの        :IPhone     :Vanilla
[Info   :TownOfHost-Pko] [20:29:58:17][Info]   2 :あそこらgrass       :Android    :Vanilla
[Info   :TownOfHost-Pko] [20:29:58:17][Info]   3 :マリエルちゃん      :Android    :Vanilla
[Info   :TownOfHost-Pko] [20:29:58:17][Info]   4 :グラサンマン        :Switch     :Vanilla
[Info   :TownOfHost-Pko] [20:29:58:17][Info]   6 :5号                 :SteamPC    :Vanilla
[Info   :TownOfHost-Pko] [20:29:58:17][Info]   7 :みくろ              :Switch     :Vanilla
[Info   :TownOfHost-Pko] [20:29:58:17][Info]   5 :伝カロちゃん        :IPhone     :Vanilla
[Info   :TownOfHost-Pko] [20:29:58:17][Info]------------基本設定------------
[Info   :TownOfHost-Pko] [20:29:58:18][Info]マップ: Polus
[Info   :TownOfHost-Pko] [20:29:58:18][Info]インポスター数: 2
[Info   :TownOfHost-Pko] [20:29:58:18][Info]追放数を確認: オフ
[Info   :TownOfHost-Pko] [20:29:58:18][Info]# 緊急会議: 1
[Info   :TownOfHost-Pko] [20:29:58:18][Info]匿名投票: オン
[Info   :TownOfHost-Pko] [20:29:58:18][Info]緊急ボタンクールダウン: 15秒
[Info   :TownOfHost-Pko] [20:29:58:18][Info]議論タイム: 0秒
[Info   :TownOfHost-Pko] [20:29:58:18][Info]投票時間: 240秒
[Info   :TownOfHost-Pko] [20:29:58:18][Info]プレイヤー速度: 1.25x
[Info   :TownOfHost-Pko] [20:29:58:18][Info]タスクバーアップデート: 行わない
[Info   :TownOfHost-Pko] [20:29:58:18][Info]視認タスク: オフ
[Info   :TownOfHost-Pko] [20:29:58:18][Info]クルービジョン: 0.5x
[Info   :TownOfHost-Pko] [20:29:58:18][Info]インポスタービジョン: 5x
[Info   :TownOfHost-Pko] [20:29:58:18][Info]キルのクールダウン時間: 30秒
[Info   :TownOfHost-Pko] [20:29:58:18][Info]キル可能距離: ミドル
[Info   :TownOfHost-Pko] [20:29:58:18][Info]# 通常タスク: 3
[Info   :TownOfHost-Pko] [20:29:58:18][Info]# ロングタスク: 2
[Info   :TownOfHost-Pko] [20:29:58:18][Info]# ショートタスク: 4
[Info   :TownOfHost-Pko] [20:29:58:18][Info]------------詳細設定------------
[Info   :TownOfHost-Pko] [20:29:58:18][Info]Preset                                  :2
[Info   :TownOfHost-Pko] [20:29:58:18][Info]GameMode                                :スタンダード
[Info   :TownOfHost-Pko] [20:29:58:18][Info]GM                                      :×
[Info   :TownOfHost-Pko] [20:29:58:18][Info]AssignMode                              :固定
[Info   :TownOfHost-Pko] [20:29:58:18][Info]SoloWinOption                           :0
[Info   :TownOfHost-Pko] [20:29:58:18][Info]SoloWinOption                           :0
[Info   :TownOfHost-Pko] [20:29:58:18][Info]SoloWinOption                           :0
[Info   :TownOfHost-Pko] [20:29:58:18][Info]ONspecialMode                           :○
[Info   :TownOfHost-Pko] [20:29:58:18][Info]┗ InsiderMode                           :×
[Info   :TownOfHost-Pko] [20:29:58:18][Info]┗ ColorNameMode                         :×
[Info   :TownOfHost-Pko] [20:29:58:18][Info]┗ CanSeeImpostorRole                    :○
[Info   :TownOfHost-Pko] [20:29:58:18][Info]ExperimentalMode                        :○
[Info   :TownOfHost-Pko] [20:29:58:18][Info]┗ ExAftermeetingflash                   :○
[Info   :TownOfHost-Pko] [20:29:58:18][Info]┗ ExHideChatCommand                     :○
[Info   :TownOfHost-Pko] [20:29:58:18][Info]┗ TeamHideChat                          :×
[Info   :TownOfHost-Pko] [20:29:58:18][Info]┗ ExRpcWeightR                          :×
[Info   :TownOfHost-Pko] [20:29:58:18][Info]┗ ExCallMeetingBlackout                 :○
[Info   :TownOfHost-Pko] [20:29:58:18][Info]┗ ExIntroWeight                         :通常の分割
[Info   :TownOfHost-Pko] [20:29:58:18][Info]┗ ExChatMonochrome                      :○
[Info   :TownOfHost-Pko] [20:29:58:18][Info]FixSpawnPacketSize                      :×
[Info   :TownOfHost-Pko] [20:29:58:18][Info]┗ VampireSpeedDown                      :○
[Info   :TownOfHost-Pko] [20:29:58:18][Info]┗ VampireSpeedDownCount                 :10秒
[Info   :TownOfHost-Pko] [20:29:58:18][Info]┗ VampireKillDelay                      :10秒
[Info   :TownOfHost-Pko] [20:29:58:18][Info]┗ blastrange                            :5
[Info   :TownOfHost-Pko] [20:29:58:18][Info]┗ PuppeteerPuppetCool                   :5秒
[Info   :TownOfHost-Pko] [20:29:58:18][Info]┗ StealthDarkenDuration                 :1秒
[Info   :TownOfHost-Pko] [20:29:58:18][Info]┗ KillAnimation                         :×
[Info   :TownOfHost-Pko] [20:29:58:18][Info]┗ NotifierProbability                   :50%
[Info   :TownOfHost-Pko] [20:29:58:18][Info]┗ TimeThiefDecreaseMeetingTime          :50秒
[Info   :TownOfHost-Pko] [20:29:58:18][Info]┗ TimeThiefReturnStolenTimeUponDeath    :×
[Info   :TownOfHost-Pko] [20:29:58:18][Info]┗ TairoDeathReason                      :×
[Info   :TownOfHost-Pko] [20:29:58:18][Info]┗ MayorAdditionalVote                   :1票
[Info   :TownOfHost-Pko] [20:29:58:18][Info]┗ ProgressKillerMadseen                 :×
[Info   :TownOfHost-Pko] [20:29:58:18][Info]┗ ProgressWorkhorseseen                 :×
[Info   :TownOfHost-Pko] [20:29:58:18][Info]┗ NekoKabochaImpostorsGetRevenged       :×
[Info   :TownOfHost-Pko] [20:29:58:18][Info]┗ NekoKabochaMadmatesGetRevenged        :×
[Info   :TownOfHost-Pko] [20:29:58:18][Info]┗ NekoKabochaNeutralsGetRevenged        :×
[Info   :TownOfHost-Pko] [20:29:58:18][Info]┗ NekoKabochaRevengeOnExile             :×
[Info   :TownOfHost-Pko] [20:29:58:18][Info]┗ PenguinAbductTimerLimit               :10秒
[Info   :TownOfHost-Pko] [20:29:58:18][Info]┗ PenguinMeetingKill                    :×
[Info   :TownOfHost-Pko] [20:29:58:18][Info]┗ EvilHackerCanSeeMurderRoom            :×
[Info   :TownOfHost-Pko] [20:29:58:18][Info]┗ EvilHackerCanSeeDistance              :×
[Info   :TownOfHost-Pko] [20:29:58:18][Info]┗ CanCreateSideKick                     :×
[Info   :TownOfHost-Pko] [20:29:58:18][Info]Evilgambler                             :30%
[Info   :TownOfHost-Pko] [20:29:58:18][Info]┗ Maximum                               :1人
[Info   :TownOfHost-Pko] [20:29:58:18][Info]┗ Evillgamblergamblecollect             :50%
[Info   :TownOfHost-Pko] [20:29:58:18][Info]┗ EvillgamblercollectkillCooldown       :5秒
[Info   :TownOfHost-Pko] [20:29:58:18][Info]┗ EvillgamblernotcollectkillCooldown    :60秒
[Info   :TownOfHost-Pko] [20:29:58:18][Info]┗ GiveGuesser                           :×
[Info   :TownOfHost-Pko] [20:29:58:18][Info]┗ GiveWatching                          :×
[Info   :TownOfHost-Pko] [20:29:58:18][Info]┗ GivePlusVote                          :×
[Info   :TownOfHost-Pko] [20:29:58:18][Info]┗ GiveTiebreaker                        :×
[Info   :TownOfHost-Pko] [20:29:58:18][Info]┗ GiveAutopsy                           :×
[Info   :TownOfHost-Pko] [20:29:58:18][Info]┗ GiveRevenger                          :×
[Info   :TownOfHost-Pko] [20:29:58:18][Info]┗ GiveSpeeding                          :×
[Info   :TownOfHost-Pko] [20:29:58:18][Info]┗ GiveGuarding                          :×
[Info   :TownOfHost-Pko] [20:29:58:18][Info]┗ GiveManagement                        :×
[Info   :TownOfHost-Pko] [20:29:58:18][Info]┗ GiveSeeing                            :×
[Info   :TownOfHost-Pko] [20:29:58:18][Info]┗ GiveOpener                            :×
[Info   :TownOfHost-Pko] [20:29:58:18][Info]┗ GiveNotvoter                          :×
[Info   :TownOfHost-Pko] [20:29:58:18][Info]┗ GiveElector                           :×
[Info   :TownOfHost-Pko] [20:29:58:18][Info]┗ GiveInfoPoor                          :×
[Info   :TownOfHost-Pko] [20:29:58:18][Info]┗ GiveNonReport                         :×
[Info   :TownOfHost-Pko] [20:29:58:18][Info]┗ GiveTransparent                       :×
[Info   :TownOfHost-Pko] [20:29:58:18][Info]┗ GiveWater                             :×
[Info   :TownOfHost-Pko] [20:29:58:18][Info]┗ GiveClumsy                            :×
[Info   :TownOfHost-Pko] [20:29:58:18][Info]┗ GiveSlacker                           :×
[Info   :TownOfHost-Pko] [20:29:58:18][Info]┗ GiveStamina                           :×
[Info   :TownOfHost-Pko] [20:29:58:18][Info]┗ GiveJumbo                             :×
[Info   :TownOfHost-Pko] [20:29:58:18][Info]┗ GiveSunglasses                        :×
[Info   :TownOfHost-Pko] [20:29:58:18][Info]┗ GiveSecurer                           :×
[Info   :TownOfHost-Pko] [20:29:58:18][Info]┗ GiveSealer                            :×
[Info   :TownOfHost-Pko] [20:29:58:18][Info]┗ GiveSilverBuzzer                      :×
[Info   :TownOfHost-Pko] [20:29:58:18][Info]Minimalist                              :30%
[Info   :TownOfHost-Pko] [20:29:58:18][Info]┗ Maximum                               :1人
[Info   :TownOfHost-Pko] [20:29:58:18][Info]┗ KillCooldown                          :30秒
[Info   :TownOfHost-Pko] [20:29:58:18][Info]┗ MinimalistCanVent                     :×
[Info   :TownOfHost-Pko] [20:29:58:18][Info]┗ MinimalistCanSabotage                 :×
[Info   :TownOfHost-Pko] [20:29:58:18][Info]SelfBomber                              :10%
[Info   :TownOfHost-Pko] [20:29:58:18][Info]┗ SelfBomberCooldown                    :32秒
[Info   :TownOfHost-Pko] [20:29:58:18][Info]┗ SelfBomberExplosionRadius             :3x
[Info   :TownOfHost-Pko] [20:29:58:18][Info]HateKiller                              :30%
[Info   :TownOfHost-Pko] [20:29:58:18][Info]┗ KillCooldown                          :30秒
[Info   :TownOfHost-Pko] [20:29:58:18][Info]┗ HateKillerDecreaseKillCool            :4秒
[Info   :TownOfHost-Pko] [20:29:58:18][Info]┗ HateKillerMinimumKillCool             :10秒
[Info   :TownOfHost-Pko] [20:29:58:18][Info]┗ HateKillerCountImpostorVotes          :○
[Info   :TownOfHost-Pko] [20:29:58:18][Info]┗ HateKillerCountSelfVotes              :×
[Info   :TownOfHost-Pko] [20:29:58:18][Info]SmokeMaker                              :30%
[Info   :TownOfHost-Pko] [20:29:58:18][Info]┗ Maximum                               :1人
[Info   :TownOfHost-Pko] [20:29:58:18][Info]┗ SmokeMakerPlaceCooldown               :10秒
[Info   :TownOfHost-Pko] [20:29:58:18][Info]┗ SmokeMakerSmokeCooldown               :15秒
[Info   :TownOfHost-Pko] [20:29:58:18][Info]┗ SmokeMakerSmokeDuration               :10秒
[Info   :TownOfHost-Pko] [20:29:58:18][Info]┗ SmokeMakerSmokeSize                   :150%
[Info   :TownOfHost-Pko] [20:29:58:18][Info]┗ SmokeMakerMaxDummies                  :5個
[Info   :TownOfHost-Pko] [20:29:58:18][Info]┗ SmokeMakerSwapControls                :×
[Info   :TownOfHost-Pko] [20:29:58:18][Info]┗ EvilStandMasterTeammateKillCDReduce   :10秒
[Info   :TownOfHost-Pko] [20:29:58:18][Info]┗ EvilStandMasterOwnKillCDReduce        :5秒
[Info   :TownOfHost-Pko] [20:29:58:18][Info]HadouHo                                 :10%
[Info   :TownOfHost-Pko] [20:29:58:18][Info]┗ Maximum                               :1人
[Info   :TownOfHost-Pko] [20:29:58:18][Info]┗ KillCooldown                          :30秒
[Info   :TownOfHost-Pko] [20:29:58:18][Info]┗ Cooldown                              :30秒
[Info   :TownOfHost-Pko] [20:29:58:18][Info]┗ HadouHoChargeTime                     :3秒
[Info   :TownOfHost-Pko] [20:29:58:18][Info]┗ HadouHoBeamTime                       :1秒
[Info   :TownOfHost-Pko] [20:29:58:18][Info]┗ HadouHoSelfDestruct                   :×
[Info   :TownOfHost-Pko] [20:29:58:18][Info]┗ HadouHoKillImpostor                   :○
[Info   :TownOfHost-Pko] [20:29:58:18][Info]DoubleKiller                            :10%
[Info   :TownOfHost-Pko] [20:29:58:18][Info]┗ DoubleKillerKillCooldown              :30秒
[Info   :TownOfHost-Pko] [20:29:58:18][Info]┗ DoubleKillerPhantomCooldown           :30秒
[Info   :TownOfHost-Pko] [20:29:58:18][Info]┗ DoubleKillerCanVent                   :×
[Info   :TownOfHost-Pko] [20:29:58:18][Info]┗ DoubleKillerCanSabotage               :×
[Info   :TownOfHost-Pko] [20:29:58:18][Info]┗ DoubleKillerPhantomUsageCount         :1回
[Info   :TownOfHost-Pko] [20:29:58:18][Info]Samurai                                 :10%
[Info   :TownOfHost-Pko] [20:29:58:18][Info]┗ KillCooldown                          :30秒
[Info   :TownOfHost-Pko] [20:29:58:18][Info]┗ Cooldown                              :50秒
[Info   :TownOfHost-Pko] [20:29:58:18][Info]┗ CanVent                               :×
[Info   :TownOfHost-Pko] [20:29:58:18][Info]┗ CanUseSabotage                        :×
[Info   :TownOfHost-Pko] [20:29:58:18][Info]┗ SamuraiSlashRange                     :2x
[Info   :TownOfHost-Pko] [20:29:58:18][Info]Penguin                                 :30%
[Info   :TownOfHost-Pko] [20:29:58:18][Info]┗ Maximum                               :1人
[Info   :TownOfHost-Pko] [20:29:58:18][Info]┗ PenguinAbductTimerLimit               :10秒
[Info   :TownOfHost-Pko] [20:29:58:18][Info]┗ PenguinMeetingKill                    :○
[Info   :TownOfHost-Pko] [20:29:58:18][Info]Vampire                                 :10%
[Info   :TownOfHost-Pko] [20:29:58:18][Info]┗ KillCooldown                          :30秒
[Info   :TownOfHost-Pko] [20:29:58:18][Info]┗ VampireKillDelay                      :9.7秒
[Info   :TownOfHost-Pko] [20:29:58:18][Info]┗ VampireSpeedDown                      :×
[Info   :TownOfHost-Pko] [20:29:58:18][Info]┗ KillCooldown                          :30秒
[Info   :TownOfHost-Pko] [20:29:58:18][Info]NekoKabocha                             :20%
[Info   :TownOfHost-Pko] [20:29:58:18][Info]┗ Maximum                               :1人
[Info   :TownOfHost-Pko] [20:29:58:18][Info]┗ NekoKabochaImpostorsGetRevenged       :○
[Info   :TownOfHost-Pko] [20:29:58:18][Info]┗ NekoKabochaMadmatesGetRevenged        :○
[Info   :TownOfHost-Pko] [20:29:58:18][Info]┗ NekoKabochaNeutralsGetRevenged        :○
[Info   :TownOfHost-Pko] [20:29:58:18][Info]┗ NekoKabochaRevengeOnExile             :○
[Info   :TownOfHost-Pko] [20:29:58:18][Info]┗ DecrescendoVisionx                    :0.75x
[Info   :TownOfHost-Pko] [20:29:58:18][Info]┗ DecrescendoMinVision                  :0.1x
[Info   :TownOfHost-Pko] [20:29:58:18][Info]DoubleTriggerThreashould                :0.5秒
[Info   :TownOfHost-Pko] [20:29:58:18][Info]DefaultShapeshiftCooldown               :15秒
[Info   :TownOfHost-Pko] [20:29:58:18][Info]DefaultShapeshiftDuration               :10秒
[Info   :TownOfHost-Pko] [20:29:58:18][Info]MadSnitch                               :20%
[Info   :TownOfHost-Pko] [20:29:58:18][Info]┗ Maximum                               :1人
[Info   :TownOfHost-Pko] [20:29:58:18][Info]┗ CanVent                               :○
[Info   :TownOfHost-Pko] [20:29:58:18][Info]┗ MadSnitchCanAlsoBeExposedToImpostor   :×
[Info   :TownOfHost-Pko] [20:29:58:18][Info]┗ TaskTrigger                           :4個
[Info   :TownOfHost-Pko] [20:29:58:18][Info]┗ doOverride                            :○
[Info   :TownOfHost-Pko] [20:29:58:18][Info]┗ roleCommonTasksNum                    :3個
[Info   :TownOfHost-Pko] [20:29:58:18][Info]┗ roleLongTasksNum                      :0個
[Info   :TownOfHost-Pko] [20:29:58:18][Info]┗ roleShortTasksNum                     :5個
[Info   :TownOfHost-Pko] [20:29:58:18][Info]┗ addaddons                             :×
[Info   :TownOfHost-Pko] [20:29:58:18][Info]┗ BlackSantaNeedsTaskForKnowImpostors   :×
[Info   :TownOfHost-Pko] [20:29:58:18][Info]┗ MadBaitIgnoreImpostor                 :×
[Info   :TownOfHost-Pko] [20:29:58:18][Info]┗ MadWareRemoveSabotageCooldown         :3秒
[Info   :TownOfHost-Pko] [20:29:58:18][Info]┗ GiveGuesser                           :×
[Info   :TownOfHost-Pko] [20:29:58:18][Info]┗ GiveWatching                          :×
[Info   :TownOfHost-Pko] [20:29:58:18][Info]┗ GivePlusVote                          :×
[Info   :TownOfHost-Pko] [20:29:58:18][Info]┗ GiveTiebreaker                        :×
[Info   :TownOfHost-Pko] [20:29:58:18][Info]┗ GiveAutopsy                           :×
[Info   :TownOfHost-Pko] [20:29:58:18][Info]┗ GiveRevenger                          :×
[Info   :TownOfHost-Pko] [20:29:58:18][Info]┗ GiveSpeeding                          :×
[Info   :TownOfHost-Pko] [20:29:58:18][Info]┗ GiveGuarding                          :×
[Info   :TownOfHost-Pko] [20:29:58:18][Info]┗ GiveManagement                        :×
[Info   :TownOfHost-Pko] [20:29:58:18][Info]┗ GiveSeeing                            :×
[Info   :TownOfHost-Pko] [20:29:58:18][Info]┗ GiveOpener                            :×
[Info   :TownOfHost-Pko] [20:29:58:18][Info]┗ GiveLighting                          :×
[Info   :TownOfHost-Pko] [20:29:58:18][Info]┗ GiveMoon                              :○
[Info   :TownOfHost-Pko] [20:29:58:18][Info]┗ GiveNotvoter                          :×
[Info   :TownOfHost-Pko] [20:29:58:18][Info]┗ GiveElector                           :×
[Info   :TownOfHost-Pko] [20:29:58:18][Info]┗ GiveInfoPoor                          :×
[Info   :TownOfHost-Pko] [20:29:58:18][Info]┗ GiveNonReport                         :×
[Info   :TownOfHost-Pko] [20:29:58:18][Info]┗ GiveTransparent                       :×
[Info   :TownOfHost-Pko] [20:29:58:18][Info]┗ GiveWater                             :○
[Info   :TownOfHost-Pko] [20:29:58:18][Info]┗ GiveClumsy                            :○
[Info   :TownOfHost-Pko] [20:29:58:18][Info]┗ GiveSlacker                           :×
[Info   :TownOfHost-Pko] [20:29:58:18][Info]┗ GiveStamina                           :×
[Info   :TownOfHost-Pko] [20:29:58:18][Info]┗ GiveJumbo                             :×
[Info   :TownOfHost-Pko] [20:29:58:18][Info]┗ GiveSunglasses                        :×
[Info   :TownOfHost-Pko] [20:29:58:18][Info]┗ GiveSecurer                           :×
[Info   :TownOfHost-Pko] [20:29:58:18][Info]┗ GiveSealer                            :×
[Info   :TownOfHost-Pko] [20:29:58:18][Info]┗ GiveSilverBuzzer                      :×
[Info   :TownOfHost-Pko] [20:29:58:18][Info]┗ SheriffShotLimit                      :1回
[Info   :TownOfHost-Pko] [20:29:58:18][Info]┗ MeetingSheriffCanKillMadMate          :○
[Info   :TownOfHost-Pko] [20:29:58:18][Info]┗ MeetingSheriffCanKillNeutrals         :○
[Info   :TownOfHost-Pko] [20:29:58:18][Info]┗ SheriffCanKillLovers                  :○
[Info   :TownOfHost-Pko] [20:29:58:18][Info]┗ MeetingMaxTime                        :∞
[Info   :TownOfHost-Pko] [20:29:58:18][Info]┗ SabotageMasterSkillLimit              :1回
[Info   :TownOfHost-Pko] [20:29:58:18][Info]┗ SeerMindelay                          :3秒
[Info   :TownOfHost-Pko] [20:29:58:18][Info]┗ SeerMaxdelay                          :3秒
[Info   :TownOfHost-Pko] [20:29:58:18][Info]┗ TimeManagerIncreaseMeetingTime        :15秒
[Info   :TownOfHost-Pko] [20:29:58:18][Info]┗ TrapperBlockMoveTime                  :5秒
[Info   :TownOfHost-Pko] [20:29:58:18][Info]┗ AwakeningTaskcount                    :5
[Info   :TownOfHost-Pko] [20:29:58:18][Info]┗ GiveGuesser                           :×
[Info   :TownOfHost-Pko] [20:29:58:18][Info]┗ GiveWatching                          :×
[Info   :TownOfHost-Pko] [20:29:58:18][Info]┗ GivePlusVote                          :×
[Info   :TownOfHost-Pko] [20:29:58:18][Info]┗ GiveTiebreaker                        :×
[Info   :TownOfHost-Pko] [20:29:58:18][Info]┗ GiveAutopsy                           :×
[Info   :TownOfHost-Pko] [20:29:58:18][Info]┗ GiveRevenger                          :×
[Info   :TownOfHost-Pko] [20:29:58:18][Info]┗ GiveSpeeding                          :×
[Info   :TownOfHost-Pko] [20:29:58:18][Info]┗ GiveGuarding                          :×
[Info   :TownOfHost-Pko] [20:29:58:18][Info]┗ GiveManagement                        :×
[Info   :TownOfHost-Pko] [20:29:58:18][Info]┗ GiveSeeing                            :×
[Info   :TownOfHost-Pko] [20:29:58:18][Info]┗ GiveOpener                            :×
[Info   :TownOfHost-Pko] [20:29:58:18][Info]┗ GiveLighting                          :×
[Info   :TownOfHost-Pko] [20:29:58:18][Info]┗ GiveMoon                              :×
[Info   :TownOfHost-Pko] [20:29:58:18][Info]┗ GiveNotvoter                          :×
[Info   :TownOfHost-Pko] [20:29:58:18][Info]┗ GiveElector                           :×
[Info   :TownOfHost-Pko] [20:29:58:18][Info]┗ GiveInfoPoor                          :×
[Info   :TownOfHost-Pko] [20:29:58:18][Info]┗ GiveNonReport                         :×
[Info   :TownOfHost-Pko] [20:29:58:18][Info]┗ GiveTransparent                       :×
[Info   :TownOfHost-Pko] [20:29:58:18][Info]┗ GiveWater                             :×
[Info   :TownOfHost-Pko] [20:29:58:18][Info]┗ GiveClumsy                            :×
[Info   :TownOfHost-Pko] [20:29:58:18][Info]┗ GiveSlacker                           :×
[Info   :TownOfHost-Pko] [20:29:58:18][Info]┗ GiveStamina                           :×
[Info   :TownOfHost-Pko] [20:29:58:18][Info]┗ GiveJumbo                             :×
[Info   :TownOfHost-Pko] [20:29:58:18][Info]┗ GiveSunglasses                        :×
[Info   :TownOfHost-Pko] [20:29:58:18][Info]┗ GiveSecurer                           :×
[Info   :TownOfHost-Pko] [20:29:58:18][Info]┗ GiveSealer                            :×
[Info   :TownOfHost-Pko] [20:29:58:18][Info]┗ GiveSilverBuzzer                      :×
[Info   :TownOfHost-Pko] [20:29:58:18][Info]Sheriff                                 :100%
[Info   :TownOfHost-Pko] [20:29:58:18][Info]┗ Maximum                               :1人
[Info   :TownOfHost-Pko] [20:29:58:18][Info]┗ KillCooldown                          :30秒
[Info   :TownOfHost-Pko] [20:29:58:18][Info]┗ Killdistance                          :ショート
[Info   :TownOfHost-Pko] [20:29:58:18][Info]┗ SheriffMisfireKillsTarget             :×
[Info   :TownOfHost-Pko] [20:29:58:18][Info]┗ SheriffShotLimit                      :15回
[Info   :TownOfHost-Pko] [20:29:58:18][Info]┗ SheriffStartInTaskMode                :○
[Info   :TownOfHost-Pko] [20:29:58:18][Info]┗ doOverride                            :×
[Info   :TownOfHost-Pko] [20:29:58:18][Info]┗ SheriffCanKillAllAlive                :○
[Info   :TownOfHost-Pko] [20:29:58:18][Info]┗ SheriffCanKill%role%                  :○
[Info   :TownOfHost-Pko] [20:29:58:19][Info]┗ SheriffCanKillNeutrals                :全てオン
[Info   :TownOfHost-Pko] [20:29:58:19][Info]┗ SheriffCanKillLovers                  :○
[Info   :TownOfHost-Pko] [20:29:58:19][Info]┗ WolfBoyCountteam                      :○
[Info   :TownOfHost-Pko] [20:29:58:19][Info]┗ WolfBoyCountteam                      :×
[Info   :TownOfHost-Pko] [20:29:58:19][Info]┗ WolfBoyCountteam                      :×
[Info   :TownOfHost-Pko] [20:29:58:19][Info]┗ WolfBoyCountteam                      :×
[Info   :TownOfHost-Pko] [20:29:58:19][Info]┗ TellMaximum                           :1回
[Info   :TownOfHost-Pko] [20:29:58:19][Info]┗ AbilityVotemode                       :自投票
[Info   :TownOfHost-Pko] [20:29:58:19][Info]┗ TellerCanSeeRolename                  :○
[Info   :TownOfHost-Pko] [20:29:58:19][Info]┗ TellRole                              :○
[Info   :TownOfHost-Pko] [20:29:58:19][Info]┗ cantaskcount                          :5
[Info   :TownOfHost-Pko] [20:29:58:19][Info]┗ MeetingMaxTime                        :∞
[Info   :TownOfHost-Pko] [20:29:58:19][Info]┗ AbilityAwakening                      :×
[Info   :TownOfHost-Pko] [20:29:58:19][Info]┗ AmateurTellerTargetCanseeArrow        :○
[Info   :TownOfHost-Pko] [20:29:58:19][Info]┗ SuspiciousTellerChangeRoleFilter      :未設定
[Info   :TownOfHost-Pko] [20:29:58:19][Info]Mayor                                   :50%
[Info   :TownOfHost-Pko] [20:29:58:19][Info]┗ Maximum                               :1人
[Info   :TownOfHost-Pko] [20:29:58:19][Info]┗ MayorAdditionalVote                   :2票
[Info   :TownOfHost-Pko] [20:29:58:19][Info]┗ MayorAwakening                        :×
[Info   :TownOfHost-Pko] [20:29:58:19][Info]┗ MayorHasPortableButton                :×
[Info   :TownOfHost-Pko] [20:29:58:19][Info]┗ WalkureNeedRevealCount                :3回
[Info   :TownOfHost-Pko] [20:29:58:19][Info]┗ WalkureReflectCrewmateRoleChanges     :○
[Info   :TownOfHost-Pko] [20:29:58:19][Info]┗ WalkureReflectImpostorRoleChanges     :○
[Info   :TownOfHost-Pko] [20:29:58:19][Info]┗ WalkureReflectJackalRoleChanges       :○
[Info   :TownOfHost-Pko] [20:29:58:19][Info]┗ WalkureKillRevealCount                :6回
[Info   :TownOfHost-Pko] [20:29:58:19][Info]┗ KillCooldown                          :40秒
[Info   :TownOfHost-Pko] [20:29:58:19][Info]┗ CanVent                               :×
[Info   :TownOfHost-Pko] [20:29:58:19][Info]Bakery                                  :20%
[Info   :TownOfHost-Pko] [20:29:58:19][Info]┗ Maximum                               :1人
[Info   :TownOfHost-Pko] [20:29:58:19][Info]┗ PoisonedBakeryRole77                  :0%
[Info   :TownOfHost-Pko] [20:29:58:19][Info]Express                                 :20%
[Info   :TownOfHost-Pko] [20:29:58:19][Info]┗ Maximum                               :1人
[Info   :TownOfHost-Pko] [20:29:58:19][Info]┗ ExpressSpeed                          :1.5x
[Info   :TownOfHost-Pko] [20:29:58:19][Info]Sage                                    :20%
[Info   :TownOfHost-Pko] [20:29:58:19][Info]┗ Maximum                               :1人
[Info   :TownOfHost-Pko] [20:29:58:19][Info]┗ SageBarrierDuration                   :10秒
[Info   :TownOfHost-Pko] [20:29:58:19][Info]┗ SageBarrierCooldown                   :25秒
[Info   :TownOfHost-Pko] [20:29:58:19][Info]┗ StolenerCanUseaddonOnfinish           :○
[Info   :TownOfHost-Pko] [20:29:58:19][Info]┗ GiveGuesser                           :×
[Info   :TownOfHost-Pko] [20:29:58:19][Info]┗ GiveWatching                          :×
[Info   :TownOfHost-Pko] [20:29:58:19][Info]┗ GivePlusVote                          :×
[Info   :TownOfHost-Pko] [20:29:58:19][Info]┗ GiveTiebreaker                        :×
[Info   :TownOfHost-Pko] [20:29:58:19][Info]┗ GiveAutopsy                           :×
[Info   :TownOfHost-Pko] [20:29:58:19][Info]┗ GiveRevenger                          :×
[Info   :TownOfHost-Pko] [20:29:58:19][Info]┗ GiveSpeeding                          :×
[Info   :TownOfHost-Pko] [20:29:58:19][Info]┗ GiveGuarding                          :×
[Info   :TownOfHost-Pko] [20:29:58:19][Info]┗ GiveManagement                        :×
[Info   :TownOfHost-Pko] [20:29:58:19][Info]┗ GiveSeeing                            :×
[Info   :TownOfHost-Pko] [20:29:58:19][Info]┗ GiveOpener                            :×
[Info   :TownOfHost-Pko] [20:29:58:19][Info]┗ GiveLighting                          :×
[Info   :TownOfHost-Pko] [20:29:58:19][Info]┗ GiveMoon                              :×
[Info   :TownOfHost-Pko] [20:29:58:19][Info]┗ GiveNotvoter                          :×
[Info   :TownOfHost-Pko] [20:29:58:19][Info]┗ GiveElector                           :×
[Info   :TownOfHost-Pko] [20:29:58:19][Info]┗ GiveInfoPoor                          :×
[Info   :TownOfHost-Pko] [20:29:58:19][Info]┗ GiveNonReport                         :×
[Info   :TownOfHost-Pko] [20:29:58:19][Info]┗ GiveTransparent                       :×
[Info   :TownOfHost-Pko] [20:29:58:19][Info]┗ GiveWater                             :×
[Info   :TownOfHost-Pko] [20:29:58:19][Info]┗ GiveClumsy                            :×
[Info   :TownOfHost-Pko] [20:29:58:19][Info]┗ GiveSlacker                           :×
[Info   :TownOfHost-Pko] [20:29:58:19][Info]┗ GiveStamina                           :×
[Info   :TownOfHost-Pko] [20:29:58:19][Info]┗ GiveJumbo                             :×
[Info   :TownOfHost-Pko] [20:29:58:19][Info]┗ GiveSunglasses                        :×
[Info   :TownOfHost-Pko] [20:29:58:19][Info]┗ GiveSecurer                           :×
[Info   :TownOfHost-Pko] [20:29:58:19][Info]┗ GiveSealer                            :×
[Info   :TownOfHost-Pko] [20:29:58:19][Info]┗ GiveSilverBuzzer                      :×
[Info   :TownOfHost-Pko] [20:29:58:19][Info]Bait                                    :20%
[Info   :TownOfHost-Pko] [20:29:58:19][Info]┗ Maximum                               :1人
[Info   :TownOfHost-Pko] [20:29:58:19][Info]┗ CanUseActiveComms                     :○
[Info   :TownOfHost-Pko] [20:29:58:19][Info]┗ BaitReportDelay                       :0秒
[Info   :TownOfHost-Pko] [20:29:58:19][Info]┗ BaitMaxDelay                          :0秒
[Info   :TownOfHost-Pko] [20:29:58:19][Info]┗ TaskAwakening                         :×
[Info   :TownOfHost-Pko] [20:29:58:19][Info]BoostLighter                            :30%
[Info   :TownOfHost-Pko] [20:29:58:19][Info]┗ Maximum                               :1人
[Info   :TownOfHost-Pko] [20:29:58:19][Info]┗ BoostLighterCooldown                  :30秒
[Info   :TownOfHost-Pko] [20:29:58:19][Info]┗ BoostLighterDuration                  :15秒
[Info   :TownOfHost-Pko] [20:29:58:19][Info]┗ BoostLighterVision                    :3x
[Info   :TownOfHost-Pko] [20:29:58:19][Info]┗ BoostLighterAffectedByBlackout        :○
[Info   :TownOfHost-Pko] [20:29:58:19][Info]┗ FanaticOmoikomiPick1                  :クルーメイト
[Info   :TownOfHost-Pko] [20:29:58:19][Info]┗ FanaticOmoikomiPick2                  :クルーメイト
[Info   :TownOfHost-Pko] [20:29:58:19][Info]┗ FanaticOmoikomiPick3                  :クルーメイト
[Info   :TownOfHost-Pko] [20:29:58:19][Info]┗ FanaticCantOmoikomiroles              :未設定
[Info   :TownOfHost-Pko] [20:29:58:19][Info]Doctor                                  :30%
[Info   :TownOfHost-Pko] [20:29:58:19][Info]┗ Maximum                               :1人
[Info   :TownOfHost-Pko] [20:29:58:19][Info]┗ DoctorTaskCompletedBatteryCharge      :10秒
[Info   :TownOfHost-Pko] [20:29:58:19][Info]┗ CanUseActiveComms                     :×
[Info   :TownOfHost-Pko] [20:29:58:19][Info]Seer                                    :50%
[Info   :TownOfHost-Pko] [20:29:58:19][Info]┗ Maximum                               :1人
[Info   :TownOfHost-Pko] [20:29:58:19][Info]┗ CanUseActiveComms                     :○
[Info   :TownOfHost-Pko] [20:29:58:19][Info]┗ AbilityAwakening                      :×
[Info   :TownOfHost-Pko] [20:29:58:19][Info]┗ cantaskcount                          :0
[Info   :TownOfHost-Pko] [20:29:58:19][Info]┗ SeerDelayMode                         :×
[Info   :TownOfHost-Pko] [20:29:58:19][Info]┗ PukupukuGuardCount                    :1
[Info   :TownOfHost-Pko] [20:29:58:19][Info]┗ PukupukuNotifyOnGuard                 :○
[Info   :TownOfHost-Pko] [20:29:58:19][Info]TimeManager                             :20%
[Info   :TownOfHost-Pko] [20:29:58:19][Info]┗ Maximum                               :1人
[Info   :TownOfHost-Pko] [20:29:58:19][Info]┗ TimeManagerIncreaseMeetingTime        :10秒
[Info   :TownOfHost-Pko] [20:29:58:19][Info]SabotageMaster                          :30%
[Info   :TownOfHost-Pko] [20:29:58:19][Info]┗ Maximum                               :1人
[Info   :TownOfHost-Pko] [20:29:58:19][Info]┗ SabotageMasterSkillLimit              :3回
[Info   :TownOfHost-Pko] [20:29:58:19][Info]┗ SabotageMasterFixesDoors              :○
[Info   :TownOfHost-Pko] [20:29:58:19][Info]┗ SabotageMasterFixesReactors           :○
[Info   :TownOfHost-Pko] [20:29:58:19][Info]┗ SabotageMasterFixesOxygens            :○
[Info   :TownOfHost-Pko] [20:29:58:19][Info]┗ SabotageMasterFixesCommunications     :○
[Info   :TownOfHost-Pko] [20:29:58:19][Info]┗ SabotageMasterFixesElectrical         :○
[Info   :TownOfHost-Pko] [20:29:58:19][Info]┗ roleCommonTasksNum                    :1個
[Info   :TownOfHost-Pko] [20:29:58:19][Info]┗ roleLongTasksNum                      :0個
[Info   :TownOfHost-Pko] [20:29:58:19][Info]┗ roleShortTasksNum                     :0個
[Info   :TownOfHost-Pko] [20:29:58:19][Info]┗ AndroidRemove                         :7.5%
[Info   :TownOfHost-Pko] [20:29:58:19][Info]┗ AndroidRemoveTime                     :4秒
[Info   :TownOfHost-Pko] [20:29:58:19][Info]DefaultEngineerCooldown                 :15秒
[Info   :TownOfHost-Pko] [20:29:58:19][Info]DefaultEngineerInVentMaxTime            :5秒
[Info   :TownOfHost-Pko] [20:29:58:19][Info]┗ GiveGuesser                           :○
[Info   :TownOfHost-Pko] [20:29:58:19][Info]┗ CanGuessTime                          :1人
[Info   :TownOfHost-Pko] [20:29:58:19][Info]┗ AddShotLimit                          :×
[Info   :TownOfHost-Pko] [20:29:58:19][Info]┗ OwnCanGuessTime                       :1人
[Info   :TownOfHost-Pko] [20:29:58:19][Info]┗ CanGuessVanilla                       :×
[Info   :TownOfHost-Pko] [20:29:58:19][Info]┗ CanGuessNakama                        :×
[Info   :TownOfHost-Pko] [20:29:58:19][Info]┗ CanGuessTaskDoneSnitch                :×
[Info   :TownOfHost-Pko] [20:29:58:19][Info]┗ CanWhiteCrew                          :×
[Info   :TownOfHost-Pko] [20:29:58:19][Info]┗ GiveWatching                          :○
[Info   :TownOfHost-Pko] [20:29:58:19][Info]┗ GivePlusVote                          :×
[Info   :TownOfHost-Pko] [20:29:58:19][Info]┗ GiveTiebreaker                        :○
[Info   :TownOfHost-Pko] [20:29:58:19][Info]┗ GiveAutopsy                           :○
[Info   :TownOfHost-Pko] [20:29:58:19][Info]┗ CanUseActiveComms                     :○
[Info   :TownOfHost-Pko] [20:29:58:19][Info]┗ GiveRevenger                          :×
[Info   :TownOfHost-Pko] [20:29:58:19][Info]┗ GiveSpeeding                          :×
[Info   :TownOfHost-Pko] [20:29:58:19][Info]┗ GiveGuarding                          :×
[Info   :TownOfHost-Pko] [20:29:58:19][Info]┗ GiveManagement                        :×
[Info   :TownOfHost-Pko] [20:29:58:19][Info]┗ GiveSeeing                            :×
[Info   :TownOfHost-Pko] [20:29:58:19][Info]┗ GiveOpener                            :×
[Info   :TownOfHost-Pko] [20:29:58:19][Info]┗ GiveLighting                          :×
[Info   :TownOfHost-Pko] [20:29:58:19][Info]┗ GiveMoon                              :×
[Info   :TownOfHost-Pko] [20:29:58:19][Info]┗ GiveNotvoter                          :×
[Info   :TownOfHost-Pko] [20:29:58:19][Info]┗ GiveElector                           :×
[Info   :TownOfHost-Pko] [20:29:58:19][Info]┗ GiveInfoPoor                          :×
[Info   :TownOfHost-Pko] [20:29:58:19][Info]┗ GiveNonReport                         :×
[Info   :TownOfHost-Pko] [20:29:58:19][Info]┗ GiveTransparent                       :×
[Info   :TownOfHost-Pko] [20:29:58:19][Info]┗ GiveWater                             :×
[Info   :TownOfHost-Pko] [20:29:58:19][Info]┗ GiveClumsy                            :○
[Info   :TownOfHost-Pko] [20:29:58:19][Info]┗ GiveSlacker                           :×
[Info   :TownOfHost-Pko] [20:29:58:19][Info]┗ GiveStamina                           :×
[Info   :TownOfHost-Pko] [20:29:58:19][Info]┗ GiveJumbo                             :×
[Info   :TownOfHost-Pko] [20:29:58:19][Info]┗ GiveSunglasses                        :×
[Info   :TownOfHost-Pko] [20:29:58:19][Info]┗ GiveSecurer                           :×
[Info   :TownOfHost-Pko] [20:29:58:19][Info]┗ GiveSealer                            :×
[Info   :TownOfHost-Pko] [20:29:58:19][Info]┗ GiveSilverBuzzer                      :×
[Info   :TownOfHost-Pko] [20:29:58:19][Info]Jackal                                  :50%
[Info   :TownOfHost-Pko] [20:29:58:19][Info]┗ KillCooldown                          :30秒
[Info   :TownOfHost-Pko] [20:29:58:19][Info]┗ CanVent                               :○
[Info   :TownOfHost-Pko] [20:29:58:19][Info]┗ CanUseSabotage                        :×
[Info   :TownOfHost-Pko] [20:29:58:19][Info]┗ ImpostorVision                        :○
[Info   :TownOfHost-Pko] [20:29:58:19][Info]┗ CanCreateSideKick                     :○
[Info   :TownOfHost-Pko] [20:29:58:19][Info]┗ JackalImpostorCanSidekick             :○
[Info   :TownOfHost-Pko] [20:29:58:19][Info]┗ JackalbeforeImpCanSeeImp              :○
[Info   :TownOfHost-Pko] [20:29:58:19][Info]┗ Jackaldollimpgaimpnimieru             :○
[Info   :TownOfHost-Pko] [20:29:58:19][Info]┗ Cooldown                              :30秒
[Info   :TownOfHost-Pko] [20:29:58:19][Info]┗ JackalSidekickPromotion               :○
[Info   :TownOfHost-Pko] [20:29:58:19][Info]┗ addaddons                             :×
[Info   :TownOfHost-Pko] [20:29:58:19][Info]┗ JackalImpostorCanSidekick             :×
[Info   :TownOfHost-Pko] [20:29:58:19][Info]┗ Cooldown                              :30秒
[Info   :TownOfHost-Pko] [20:29:58:19][Info]┗ JackalSidekickPromotion               :×
[Info   :TownOfHost-Pko] [20:29:58:19][Info]┗ VampireSpeedDown                      :○
[Info   :TownOfHost-Pko] [20:29:58:19][Info]┗ VampireSpeedDownCount                 :10秒
[Info   :TownOfHost-Pko] [20:29:58:19][Info]┗ VampireKillDelay                      :10秒
[Info   :TownOfHost-Pko] [20:29:58:19][Info]┗ blastrange                            :5
[Info   :TownOfHost-Pko] [20:29:58:19][Info]┗ PuppeteerPuppetCool                   :5秒
[Info   :TownOfHost-Pko] [20:29:58:19][Info]┗ StealthDarkenDuration                 :1秒
[Info   :TownOfHost-Pko] [20:29:58:19][Info]┗ KillAnimation                         :×
[Info   :TownOfHost-Pko] [20:29:58:19][Info]┗ NotifierProbability                   :50%
[Info   :TownOfHost-Pko] [20:29:58:19][Info]┗ TimeThiefDecreaseMeetingTime          :50秒
[Info   :TownOfHost-Pko] [20:29:58:19][Info]┗ TimeThiefReturnStolenTimeUponDeath    :×
[Info   :TownOfHost-Pko] [20:29:58:19][Info]┗ TairoDeathReason                      :×
[Info   :TownOfHost-Pko] [20:29:58:19][Info]┗ MayorAdditionalVote                   :1票
[Info   :TownOfHost-Pko] [20:29:58:19][Info]┗ ProgressKillerMadseen                 :×
[Info   :TownOfHost-Pko] [20:29:58:19][Info]┗ ProgressWorkhorseseen                 :×
[Info   :TownOfHost-Pko] [20:29:58:19][Info]┗ NekoKabochaImpostorsGetRevenged       :×
[Info   :TownOfHost-Pko] [20:29:58:19][Info]┗ NekoKabochaMadmatesGetRevenged        :×
[Info   :TownOfHost-Pko] [20:29:58:19][Info]┗ NekoKabochaNeutralsGetRevenged        :×
[Info   :TownOfHost-Pko] [20:29:58:19][Info]┗ NekoKabochaRevengeOnExile             :×
[Info   :TownOfHost-Pko] [20:29:58:19][Info]┗ PenguinAbductTimerLimit               :10秒
[Info   :TownOfHost-Pko] [20:29:58:19][Info]┗ PenguinMeetingKill                    :×
[Info   :TownOfHost-Pko] [20:29:58:19][Info]┗ GiveGuesser                           :×
[Info   :TownOfHost-Pko] [20:29:58:19][Info]┗ GiveWatching                          :×
[Info   :TownOfHost-Pko] [20:29:58:19][Info]┗ GivePlusVote                          :×
[Info   :TownOfHost-Pko] [20:29:58:19][Info]┗ GiveTiebreaker                        :×
[Info   :TownOfHost-Pko] [20:29:58:19][Info]┗ GiveAutopsy                           :×
[Info   :TownOfHost-Pko] [20:29:58:19][Info]┗ GiveRevenger                          :×
[Info   :TownOfHost-Pko] [20:29:58:19][Info]┗ GiveSpeeding                          :×
[Info   :TownOfHost-Pko] [20:29:58:19][Info]┗ GiveGuarding                          :×
[Info   :TownOfHost-Pko] [20:29:58:19][Info]┗ GiveManagement                        :×
[Info   :TownOfHost-Pko] [20:29:58:19][Info]┗ GiveSeeing                            :×
[Info   :TownOfHost-Pko] [20:29:58:19][Info]┗ GiveOpener                            :×
[Info   :TownOfHost-Pko] [20:29:58:19][Info]┗ GiveLighting                          :○
[Info   :TownOfHost-Pko] [20:29:58:19][Info]┗ GiveMoon                              :○
[Info   :TownOfHost-Pko] [20:29:58:19][Info]┗ GiveNotvoter                          :×
[Info   :TownOfHost-Pko] [20:29:58:19][Info]┗ GiveElector                           :×
[Info   :TownOfHost-Pko] [20:29:58:19][Info]┗ GiveInfoPoor                          :×
[Info   :TownOfHost-Pko] [20:29:58:19][Info]┗ GiveNonReport                         :×
[Info   :TownOfHost-Pko] [20:29:58:19][Info]┗ GiveTransparent                       :×
[Info   :TownOfHost-Pko] [20:29:58:19][Info]┗ GiveWater                             :×
[Info   :TownOfHost-Pko] [20:29:58:19][Info]┗ GiveClumsy                            :×
[Info   :TownOfHost-Pko] [20:29:58:19][Info]┗ GiveSlacker                           :×
[Info   :TownOfHost-Pko] [20:29:58:19][Info]┗ GiveStamina                           :×
[Info   :TownOfHost-Pko] [20:29:58:19][Info]┗ GiveJumbo                             :×
[Info   :TownOfHost-Pko] [20:29:58:19][Info]┗ GiveSunglasses                        :×
[Info   :TownOfHost-Pko] [20:29:58:19][Info]┗ GiveSecurer                           :×
[Info   :TownOfHost-Pko] [20:29:58:19][Info]┗ GiveSealer                            :×
[Info   :TownOfHost-Pko] [20:29:58:19][Info]┗ GiveSilverBuzzer                      :×
[Info   :TownOfHost-Pko] [20:29:58:19][Info]┗ JackalImpostorCanSidekick             :×
[Info   :TownOfHost-Pko] [20:29:58:19][Info]┗ Cooldown                              :30秒
[Info   :TownOfHost-Pko] [20:29:58:19][Info]┗ JackalSidekickPromotion               :×
[Info   :TownOfHost-Pko] [20:29:58:19][Info]┗ GiveGuesser                           :×
[Info   :TownOfHost-Pko] [20:29:58:19][Info]┗ GiveWatching                          :×
[Info   :TownOfHost-Pko] [20:29:58:19][Info]┗ GivePlusVote                          :×
[Info   :TownOfHost-Pko] [20:29:58:19][Info]┗ GiveTiebreaker                        :×
[Info   :TownOfHost-Pko] [20:29:58:19][Info]┗ GiveAutopsy                           :×
[Info   :TownOfHost-Pko] [20:29:58:19][Info]┗ GiveRevenger                          :×
[Info   :TownOfHost-Pko] [20:29:58:19][Info]┗ GiveSpeeding                          :×
[Info   :TownOfHost-Pko] [20:29:58:19][Info]┗ GiveGuarding                          :×
[Info   :TownOfHost-Pko] [20:29:58:19][Info]┗ GiveManagement                        :×
[Info   :TownOfHost-Pko] [20:29:58:19][Info]┗ GiveSeeing                            :×
[Info   :TownOfHost-Pko] [20:29:58:19][Info]┗ GiveOpener                            :×
[Info   :TownOfHost-Pko] [20:29:58:19][Info]┗ GiveLighting                          :○
[Info   :TownOfHost-Pko] [20:29:58:19][Info]┗ GiveMoon                              :○
[Info   :TownOfHost-Pko] [20:29:58:19][Info]┗ GiveNotvoter                          :×
[Info   :TownOfHost-Pko] [20:29:58:19][Info]┗ GiveElector                           :×
[Info   :TownOfHost-Pko] [20:29:58:19][Info]┗ GiveInfoPoor                          :×
[Info   :TownOfHost-Pko] [20:29:58:19][Info]┗ GiveNonReport                         :×
[Info   :TownOfHost-Pko] [20:29:58:19][Info]┗ GiveTransparent                       :×
[Info   :TownOfHost-Pko] [20:29:58:19][Info]┗ GiveWater                             :×
[Info   :TownOfHost-Pko] [20:29:58:19][Info]┗ GiveClumsy                            :×
[Info   :TownOfHost-Pko] [20:29:58:19][Info]┗ GiveSlacker                           :×
[Info   :TownOfHost-Pko] [20:29:58:19][Info]┗ GiveStamina                           :×
[Info   :TownOfHost-Pko] [20:29:58:19][Info]┗ GiveJumbo                             :×
[Info   :TownOfHost-Pko] [20:29:58:19][Info]┗ GiveSunglasses                        :×
[Info   :TownOfHost-Pko] [20:29:58:19][Info]┗ GiveSecurer                           :×
[Info   :TownOfHost-Pko] [20:29:58:19][Info]┗ GiveSealer                            :×
[Info   :TownOfHost-Pko] [20:29:58:19][Info]┗ GiveSilverBuzzer                      :×
[Info   :TownOfHost-Pko] [20:29:58:19][Info]┗ GiveGuesser                           :×
[Info   :TownOfHost-Pko] [20:29:58:19][Info]┗ GiveWatching                          :×
[Info   :TownOfHost-Pko] [20:29:58:19][Info]┗ GivePlusVote                          :×
[Info   :TownOfHost-Pko] [20:29:58:19][Info]┗ GiveTiebreaker                        :×
[Info   :TownOfHost-Pko] [20:29:58:19][Info]┗ GiveAutopsy                           :×
[Info   :TownOfHost-Pko] [20:29:58:19][Info]┗ GiveRevenger                          :×
[Info   :TownOfHost-Pko] [20:29:58:19][Info]┗ GiveSpeeding                          :×
[Info   :TownOfHost-Pko] [20:29:58:19][Info]┗ GiveGuarding                          :×
[Info   :TownOfHost-Pko] [20:29:58:19][Info]┗ GiveManagement                        :×
[Info   :TownOfHost-Pko] [20:29:58:19][Info]┗ GiveSeeing                            :×
[Info   :TownOfHost-Pko] [20:29:58:19][Info]┗ GiveOpener                            :×
[Info   :TownOfHost-Pko] [20:29:58:19][Info]┗ GiveLighting                          :○
[Info   :TownOfHost-Pko] [20:29:58:19][Info]┗ GiveMoon                              :○
[Info   :TownOfHost-Pko] [20:29:58:19][Info]┗ GiveNotvoter                          :×
[Info   :TownOfHost-Pko] [20:29:58:19][Info]┗ GiveElector                           :×
[Info   :TownOfHost-Pko] [20:29:58:19][Info]┗ GiveInfoPoor                          :×
[Info   :TownOfHost-Pko] [20:29:58:19][Info]┗ GiveNonReport                         :×
[Info   :TownOfHost-Pko] [20:29:58:19][Info]┗ GiveTransparent                       :×
[Info   :TownOfHost-Pko] [20:29:58:19][Info]┗ GiveWater                             :×
[Info   :TownOfHost-Pko] [20:29:58:19][Info]┗ GiveClumsy                            :×
[Info   :TownOfHost-Pko] [20:29:58:19][Info]┗ GiveSlacker                           :×
[Info   :TownOfHost-Pko] [20:29:58:19][Info]┗ GiveStamina                           :×
[Info   :TownOfHost-Pko] [20:29:58:19][Info]┗ GiveJumbo                             :×
[Info   :TownOfHost-Pko] [20:29:58:19][Info]┗ GiveSunglasses                        :×
[Info   :TownOfHost-Pko] [20:29:58:19][Info]┗ GiveSecurer                           :×
[Info   :TownOfHost-Pko] [20:29:58:19][Info]┗ GiveSealer                            :×
[Info   :TownOfHost-Pko] [20:29:58:19][Info]┗ GiveSilverBuzzer                      :×
[Info   :TownOfHost-Pko] [20:29:58:19][Info]┗ JackaldollCountAsKillerOnlyWhenPromotionEnabled:×
[Info   :TownOfHost-Pko] [20:29:58:19][Info]JackalHadouHo                           :10%
[Info   :TownOfHost-Pko] [20:29:58:19][Info]┗ KillCooldown                          :30秒
[Info   :TownOfHost-Pko] [20:29:58:19][Info]┗ Cooldown                              :30秒
[Info   :TownOfHost-Pko] [20:29:58:19][Info]┗ JackalHadouHoChargeTime               :5秒
[Info   :TownOfHost-Pko] [20:29:58:19][Info]┗ JackalHadouHoSuperChargeTime          :3秒
[Info   :TownOfHost-Pko] [20:29:58:19][Info]┗ JackalHadouHoBeamTime                 :0.5秒
[Info   :TownOfHost-Pko] [20:29:58:19][Info]┗ JackalHadouHoSuperBeamTime            :2秒
[Info   :TownOfHost-Pko] [20:29:58:19][Info]┗ JackalHadouHoSelfDestruct             :×
[Info   :TownOfHost-Pko] [20:29:58:19][Info]┗ JackalHadouHoKillJackal               :○
[Info   :TownOfHost-Pko] [20:29:58:19][Info]┗ CanVent                               :○
[Info   :TownOfHost-Pko] [20:29:58:19][Info]┗ CanUseSabotage                        :×
[Info   :TownOfHost-Pko] [20:29:58:19][Info]┗ ImpostorVision                        :○
[Info   :TownOfHost-Pko] [20:29:58:19][Info]┗ CanCreateSideKick                     :○
[Info   :TownOfHost-Pko] [20:29:58:19][Info]┗ JackalHadouHoSidekickCooldown         :30秒
[Info   :TownOfHost-Pko] [20:29:58:19][Info]┗ JackalHadouHoImpostorCanSidekick      :○
[Info   :TownOfHost-Pko] [20:29:58:19][Info]┗ JackalHadouHoSidekickCanSeeOldImpostorTeammates:○
[Info   :TownOfHost-Pko] [20:29:58:19][Info]┗ JackalHadouHoImpostorCanSeeNameColor  :○
[Info   :TownOfHost-Pko] [20:29:58:19][Info]┗ JackalHadouHoSidekickPromotion        :○
[Info   :TownOfHost-Pko] [20:29:58:19][Info]┗ TamaCanLoad                           :○
[Info   :TownOfHost-Pko] [20:29:58:19][Info]┗ TamaLoadCooldown                      :10秒
[Info   :TownOfHost-Pko] [20:29:58:19][Info]┗ CanVent                               :×
[Info   :TownOfHost-Pko] [20:29:58:19][Info]┗ TamaCountAsJackalKiller               :○
[Info   :TownOfHost-Pko] [20:29:58:19][Info]┗ TamaCountAsKillerOnlyWhenPromotionEnabled:×
[Info   :TownOfHost-Pko] [20:29:58:19][Info]┗ addaddons                             :×
[Info   :TownOfHost-Pko] [20:29:58:19][Info]┗ GiveGuesser                           :×
[Info   :TownOfHost-Pko] [20:29:58:19][Info]┗ GiveWatching                          :×
[Info   :TownOfHost-Pko] [20:29:58:19][Info]┗ GivePlusVote                          :×
[Info   :TownOfHost-Pko] [20:29:58:19][Info]┗ GiveTiebreaker                        :×
[Info   :TownOfHost-Pko] [20:29:58:19][Info]┗ GiveAutopsy                           :×
[Info   :TownOfHost-Pko] [20:29:58:19][Info]┗ GiveRevenger                          :×
[Info   :TownOfHost-Pko] [20:29:58:19][Info]┗ GiveSpeeding                          :×
[Info   :TownOfHost-Pko] [20:29:58:19][Info]┗ GiveGuarding                          :×
[Info   :TownOfHost-Pko] [20:29:58:19][Info]┗ GiveManagement                        :×
[Info   :TownOfHost-Pko] [20:29:58:19][Info]┗ GiveSeeing                            :×
[Info   :TownOfHost-Pko] [20:29:58:19][Info]┗ GiveOpener                            :×
[Info   :TownOfHost-Pko] [20:29:58:19][Info]┗ GiveLighting                          :○
[Info   :TownOfHost-Pko] [20:29:58:19][Info]┗ GiveMoon                              :○
[Info   :TownOfHost-Pko] [20:29:58:19][Info]┗ GiveNotvoter                          :×
[Info   :TownOfHost-Pko] [20:29:58:19][Info]┗ GiveElector                           :×
[Info   :TownOfHost-Pko] [20:29:58:19][Info]┗ GiveInfoPoor                          :×
[Info   :TownOfHost-Pko] [20:29:58:19][Info]┗ GiveNonReport                         :×
[Info   :TownOfHost-Pko] [20:29:58:19][Info]┗ GiveTransparent                       :×
[Info   :TownOfHost-Pko] [20:29:58:19][Info]┗ GiveWater                             :×
[Info   :TownOfHost-Pko] [20:29:58:19][Info]┗ GiveClumsy                            :×
[Info   :TownOfHost-Pko] [20:29:58:19][Info]┗ GiveSlacker                           :×
[Info   :TownOfHost-Pko] [20:29:58:19][Info]┗ GiveStamina                           :×
[Info   :TownOfHost-Pko] [20:29:58:19][Info]┗ GiveJumbo                             :×
[Info   :TownOfHost-Pko] [20:29:58:19][Info]┗ GiveSunglasses                        :×
[Info   :TownOfHost-Pko] [20:29:58:19][Info]┗ GiveSecurer                           :×
[Info   :TownOfHost-Pko] [20:29:58:19][Info]┗ GiveSealer                            :×
[Info   :TownOfHost-Pko] [20:29:58:19][Info]┗ GiveSilverBuzzer                      :×
[Info   :TownOfHost-Pko] [20:29:58:19][Info]┗ CountKillerAddWinToSoloWin            :×
[Info   :TownOfHost-Pko] [20:29:58:19][Info]┗ GiveGuesser                           :×
[Info   :TownOfHost-Pko] [20:29:58:19][Info]┗ GiveWatching                          :×
[Info   :TownOfHost-Pko] [20:29:58:19][Info]┗ GivePlusVote                          :×
[Info   :TownOfHost-Pko] [20:29:58:19][Info]┗ GiveTiebreaker                        :×
[Info   :TownOfHost-Pko] [20:29:58:19][Info]┗ GiveAutopsy                           :×
[Info   :TownOfHost-Pko] [20:29:58:19][Info]┗ GiveRevenger                          :×
[Info   :TownOfHost-Pko] [20:29:58:19][Info]┗ GiveSpeeding                          :×
[Info   :TownOfHost-Pko] [20:29:58:19][Info]┗ GiveGuarding                          :×
[Info   :TownOfHost-Pko] [20:29:58:19][Info]┗ GiveManagement                        :×
[Info   :TownOfHost-Pko] [20:29:58:19][Info]┗ GiveSeeing                            :×
[Info   :TownOfHost-Pko] [20:29:58:19][Info]┗ GiveOpener                            :×
[Info   :TownOfHost-Pko] [20:29:58:19][Info]┗ GiveLighting                          :○
[Info   :TownOfHost-Pko] [20:29:58:19][Info]┗ GiveMoon                              :○
[Info   :TownOfHost-Pko] [20:29:58:19][Info]┗ GiveNotvoter                          :×
[Info   :TownOfHost-Pko] [20:29:58:19][Info]┗ GiveElector                           :×
[Info   :TownOfHost-Pko] [20:29:58:19][Info]┗ GiveInfoPoor                          :×
[Info   :TownOfHost-Pko] [20:29:58:19][Info]┗ GiveNonReport                         :×
[Info   :TownOfHost-Pko] [20:29:58:19][Info]┗ GiveTransparent                       :×
[Info   :TownOfHost-Pko] [20:29:58:19][Info]┗ GiveWater                             :×
[Info   :TownOfHost-Pko] [20:29:58:19][Info]┗ GiveClumsy                            :×
[Info   :TownOfHost-Pko] [20:29:58:19][Info]┗ GiveSlacker                           :×
[Info   :TownOfHost-Pko] [20:29:58:19][Info]┗ GiveStamina                           :×
[Info   :TownOfHost-Pko] [20:29:58:19][Info]┗ GiveJumbo                             :×
[Info   :TownOfHost-Pko] [20:29:58:19][Info]┗ GiveSunglasses                        :×
[Info   :TownOfHost-Pko] [20:29:58:19][Info]┗ GiveSecurer                           :×
[Info   :TownOfHost-Pko] [20:29:58:19][Info]┗ GiveSealer                            :×
[Info   :TownOfHost-Pko] [20:29:58:19][Info]┗ GiveSilverBuzzer                      :×
[Info   :TownOfHost-Pko] [20:29:58:19][Info]┗ GiveGuesser                           :×
[Info   :TownOfHost-Pko] [20:29:58:19][Info]┗ GiveWatching                          :×
[Info   :TownOfHost-Pko] [20:29:58:19][Info]┗ GivePlusVote                          :×
[Info   :TownOfHost-Pko] [20:29:58:19][Info]┗ GiveTiebreaker                        :×
[Info   :TownOfHost-Pko] [20:29:58:19][Info]┗ GiveAutopsy                           :×
[Info   :TownOfHost-Pko] [20:29:58:19][Info]┗ GiveRevenger                          :×
[Info   :TownOfHost-Pko] [20:29:58:19][Info]┗ GiveSpeeding                          :×
[Info   :TownOfHost-Pko] [20:29:58:19][Info]┗ GiveGuarding                          :×
[Info   :TownOfHost-Pko] [20:29:58:19][Info]┗ GiveManagement                        :×
[Info   :TownOfHost-Pko] [20:29:58:19][Info]┗ GiveSeeing                            :×
[Info   :TownOfHost-Pko] [20:29:58:19][Info]┗ GiveOpener                            :×
[Info   :TownOfHost-Pko] [20:29:58:19][Info]┗ GiveLighting                          :○
[Info   :TownOfHost-Pko] [20:29:58:19][Info]┗ GiveMoon                              :○
[Info   :TownOfHost-Pko] [20:29:58:19][Info]┗ GiveNotvoter                          :×
[Info   :TownOfHost-Pko] [20:29:58:19][Info]┗ GiveElector                           :×
[Info   :TownOfHost-Pko] [20:29:58:19][Info]┗ GiveInfoPoor                          :×
[Info   :TownOfHost-Pko] [20:29:58:19][Info]┗ GiveNonReport                         :×
[Info   :TownOfHost-Pko] [20:29:58:19][Info]┗ GiveTransparent                       :×
[Info   :TownOfHost-Pko] [20:29:58:19][Info]┗ GiveWater                             :×
[Info   :TownOfHost-Pko] [20:29:58:19][Info]┗ GiveClumsy                            :×
[Info   :TownOfHost-Pko] [20:29:58:19][Info]┗ GiveSlacker                           :×
[Info   :TownOfHost-Pko] [20:29:58:19][Info]┗ GiveStamina                           :×
[Info   :TownOfHost-Pko] [20:29:58:19][Info]┗ GiveJumbo                             :×
[Info   :TownOfHost-Pko] [20:29:58:19][Info]┗ GiveSunglasses                        :×
[Info   :TownOfHost-Pko] [20:29:58:19][Info]┗ GiveSecurer                           :×
[Info   :TownOfHost-Pko] [20:29:58:19][Info]┗ GiveSealer                            :×
[Info   :TownOfHost-Pko] [20:29:58:19][Info]┗ GiveSilverBuzzer                      :×
[Info   :TownOfHost-Pko] [20:29:58:19][Info]Arsonist                                :10%
[Info   :TownOfHost-Pko] [20:29:58:19][Info]┗ Maximum                               :1人
[Info   :TownOfHost-Pko] [20:29:58:19][Info]┗ SoloWinOption                         :1
[Info   :TownOfHost-Pko] [20:29:58:19][Info]┗ ArsonistCanSeeAllplayer               :×
[Info   :TownOfHost-Pko] [20:29:58:19][Info]┗ CanVent                               :×
[Info   :TownOfHost-Pko] [20:29:58:19][Info]┗ ArsonistDouseTime                     :3秒
[Info   :TownOfHost-Pko] [20:29:58:19][Info]┗ Cooldown                              :15秒
[Info   :TownOfHost-Pko] [20:29:58:19][Info]┗ ArsonistRange                         :1.5x
[Info   :TownOfHost-Pko] [20:29:58:19][Info]┗ Killdistance                          :ミドル
[Info   :TownOfHost-Pko] [20:29:58:19][Info]PlagueDoctor                            :10%
[Info   :TownOfHost-Pko] [20:29:58:19][Info]┗ Maximum                               :1人
[Info   :TownOfHost-Pko] [20:29:58:19][Info]┗ SoloWinOption                         :1
[Info   :TownOfHost-Pko] [20:29:58:19][Info]┗ PlagueDoctorInfectLimit               :1回
[Info   :TownOfHost-Pko] [20:29:58:19][Info]┗ PlagueDoctorInfectWhenKilled          :×
[Info   :TownOfHost-Pko] [20:29:58:19][Info]┗ PlagueDoctorInfectTime                :10秒
[Info   :TownOfHost-Pko] [20:29:58:19][Info]┗ PlagueDoctorInfectDistance            :1.5
[Info   :TownOfHost-Pko] [20:29:58:19][Info]┗ PlagueDoctorInfectInactiveTime        :10秒
[Info   :TownOfHost-Pko] [20:29:58:19][Info]┗ PlagueDoctorCanInfectSelf             :×
[Info   :TownOfHost-Pko] [20:29:58:19][Info]┗ PlagueDoctorCanInfectVent             :○
[Info   :TownOfHost-Pko] [20:29:58:19][Info]┗ PlagueDoctorDestroyPlague             :×
[Info   :TownOfHost-Pko] [20:29:58:19][Info]┗ Killdistance                          :ショート
[Info   :TownOfHost-Pko] [20:29:58:19][Info]Jester                                  :20%
[Info   :TownOfHost-Pko] [20:29:58:19][Info]┗ Maximum                               :1人
[Info   :TownOfHost-Pko] [20:29:58:19][Info]┗ SoloWinOption                         :1
[Info   :TownOfHost-Pko] [20:29:58:19][Info]┗ CanVent                               :×
[Info   :TownOfHost-Pko] [20:29:58:19][Info]┗ JesterRequireTask                     :○
[Info   :TownOfHost-Pko] [20:29:58:19][Info]┗ doOverride                            :○
[Info   :TownOfHost-Pko] [20:29:58:19][Info]┗ roleCommonTasksNum                    :0個
[Info   :TownOfHost-Pko] [20:29:58:19][Info]┗ roleLongTasksNum                      :0個
[Info   :TownOfHost-Pko] [20:29:58:19][Info]┗ roleShortTasksNum                     :3個
[Info   :TownOfHost-Pko] [20:29:58:19][Info]Cupid                                   :20%
[Info   :TownOfHost-Pko] [20:29:58:19][Info]┗ CupidKillCooldown                     :15秒
[Info   :TownOfHost-Pko] [20:29:58:19][Info]┗ SoloWinOption                         :13
[Info   :TownOfHost-Pko] [20:29:58:19][Info]┗ CupidFallChenge                       :オポチュニスト
[Info   :TownOfHost-Pko] [20:29:58:19][Info]┗ LoversRole                            :○
[Info   :TownOfHost-Pko] [20:29:58:19][Info]┗ LoversRoleAddwin                      :×
[Info   :TownOfHost-Pko] [20:29:58:19][Info]┗ LoverSoloWin3players                  :×
[Info   :TownOfHost-Pko] [20:29:58:19][Info]┗ EngineerCooldown                      :15秒
[Info   :TownOfHost-Pko] [20:29:58:19][Info]┗ EngineerInVentCooldown                :5秒
[Info   :TownOfHost-Pko] [20:29:58:19][Info]┗ roleCommonTasksNum                    :0個
[Info   :TownOfHost-Pko] [20:29:58:19][Info]┗ roleLongTasksNum                      :0個
[Info   :TownOfHost-Pko] [20:29:58:19][Info]┗ roleShortTasksNum                     :3個
[Info   :TownOfHost-Pko] [20:29:58:19][Info]┗ BankerDieRemoveCoin                   :30
[Info   :TownOfHost-Pko] [20:29:58:19][Info]┗ BankerDieRemoveTurn                   :10
[Info   :TownOfHost-Pko] [20:29:58:19][Info]┗ roleCommonTasksNum                    :0個
[Info   :TownOfHost-Pko] [20:29:58:19][Info]┗ roleLongTasksNum                      :1個
[Info   :TownOfHost-Pko] [20:29:58:19][Info]┗ roleShortTasksNum                     :2個
[Info   :TownOfHost-Pko] [20:29:58:19][Info]┗ roleCommonTasksNum                    :1個
[Info   :TownOfHost-Pko] [20:29:58:19][Info]┗ roleLongTasksNum                      :1個
[Info   :TownOfHost-Pko] [20:29:58:19][Info]┗ roleShortTasksNum                     :1個
[Info   :TownOfHost-Pko] [20:29:58:19][Info]┗ roleCommonTasksNum                    :1個
[Info   :TownOfHost-Pko] [20:29:58:19][Info]┗ roleLongTasksNum                      :1個
[Info   :TownOfHost-Pko] [20:29:58:19][Info]┗ roleShortTasksNum                     :1個
[Info   :TownOfHost-Pko] [20:29:58:19][Info]┗ OnmyojiVentCooldown                   :15秒
[Info   :TownOfHost-Pko] [20:29:58:19][Info]┗ OnmyojiVentDuration                   :10秒
[Info   :TownOfHost-Pko] [20:29:58:19][Info]┗ OnmyojiCreateShikigamiCooldown        :20秒
[Info   :TownOfHost-Pko] [20:29:58:19][Info]Freeter                                 :40%
[Info   :TownOfHost-Pko] [20:29:58:19][Info]┗ Maximum                               :1人
[Info   :TownOfHost-Pko] [20:29:58:19][Info]┗ FreeterUnemployedDeathTurns           :3回
[Info   :TownOfHost-Pko] [20:29:58:19][Info]┗ FreeterInitialCooldown                :20秒
[Info   :TownOfHost-Pko] [20:29:58:19][Info]┗ FreeterFinalCooldown                  :60秒
[Info   :TownOfHost-Pko] [20:29:58:19][Info]┗ FreeterSeeEmployerRole                :○
[Info   :TownOfHost-Pko] [20:29:58:19][Info]┗ FreeterSurvivalRequiredForWin         :×
[Info   :TownOfHost-Pko] [20:29:58:19][Info]Opportunist                             :50%
[Info   :TownOfHost-Pko] [20:29:58:19][Info]┗ Maximum                               :1人
[Info   :TownOfHost-Pko] [20:29:58:19][Info]┗ OpportunistHasKillButton              :×
[Info   :TownOfHost-Pko] [20:29:58:20][Info]┗ PhantomThiefNoticeType                :陣営
[Info   :TownOfHost-Pko] [20:29:58:20][Info]God                                     :20%
[Info   :TownOfHost-Pko] [20:29:58:20][Info]┗ Maximum                               :1人
[Info   :TownOfHost-Pko] [20:29:58:20][Info]┗ SoloWinOption                         :5
[Info   :TownOfHost-Pko] [20:29:58:20][Info]┗ doOverride                            :○
[Info   :TownOfHost-Pko] [20:29:58:20][Info]┗ roleCommonTasksNum                    :0個
[Info   :TownOfHost-Pko] [20:29:58:20][Info]┗ roleLongTasksNum                      :0個
[Info   :TownOfHost-Pko] [20:29:58:20][Info]┗ roleShortTasksNum                     :5個
[Info   :TownOfHost-Pko] [20:29:58:20][Info]┗ GodBakuro                             :×
[Info   :TownOfHost-Pko] [20:29:58:20][Info]┗ GodSeeVotes                           :○
[Info   :TownOfHost-Pko] [20:29:58:20][Info]┗ GodCanSeeDeathReason                  :○
[Info   :TownOfHost-Pko] [20:29:58:20][Info]┗ GodSeeAddons                          :○
[Info   :TownOfHost-Pko] [20:29:58:20][Info]┗ GodRequireTasksToWin                  :○
[Info   :TownOfHost-Pko] [20:29:58:20][Info]┗ GodTaskCount                          :3
[Info   :TownOfHost-Pko] [20:29:58:20][Info]┗ GodCantFixReactor                     :○
[Info   :TownOfHost-Pko] [20:29:58:20][Info]┗ GodCantFixLightsOut                   :○
[Info   :TownOfHost-Pko] [20:29:58:20][Info]┗ GodCantFixHeli                        :○
[Info   :TownOfHost-Pko] [20:29:58:20][Info]┗ GodCantFixComms                       :○
[Info   :TownOfHost-Pko] [20:29:58:20][Info]┗ GiveGuesser                           :×
[Info   :TownOfHost-Pko] [20:29:58:20][Info]┗ GiveWatching                          :×
[Info   :TownOfHost-Pko] [20:29:58:20][Info]┗ GivePlusVote                          :×
[Info   :TownOfHost-Pko] [20:29:58:20][Info]┗ GiveTiebreaker                        :×
[Info   :TownOfHost-Pko] [20:29:58:20][Info]┗ GiveAutopsy                           :×
[Info   :TownOfHost-Pko] [20:29:58:20][Info]┗ GiveRevenger                          :×
[Info   :TownOfHost-Pko] [20:29:58:20][Info]┗ GiveSpeeding                          :×
[Info   :TownOfHost-Pko] [20:29:58:20][Info]┗ GiveGuarding                          :×
[Info   :TownOfHost-Pko] [20:29:58:20][Info]┗ GiveManagement                        :×
[Info   :TownOfHost-Pko] [20:29:58:20][Info]┗ GiveSeeing                            :×
[Info   :TownOfHost-Pko] [20:29:58:20][Info]┗ GiveOpener                            :×
[Info   :TownOfHost-Pko] [20:29:58:20][Info]┗ GiveLighting                          :○
[Info   :TownOfHost-Pko] [20:29:58:20][Info]┗ GiveMoon                              :○
[Info   :TownOfHost-Pko] [20:29:58:20][Info]┗ GiveNotvoter                          :×
[Info   :TownOfHost-Pko] [20:29:58:20][Info]┗ GiveElector                           :×
[Info   :TownOfHost-Pko] [20:29:58:20][Info]┗ GiveInfoPoor                          :×
[Info   :TownOfHost-Pko] [20:29:58:20][Info]┗ GiveNonReport                         :×
[Info   :TownOfHost-Pko] [20:29:58:20][Info]┗ GiveTransparent                       :×
[Info   :TownOfHost-Pko] [20:29:58:20][Info]┗ GiveWater                             :×
[Info   :TownOfHost-Pko] [20:29:58:20][Info]┗ GiveClumsy                            :×
[Info   :TownOfHost-Pko] [20:29:58:20][Info]┗ GiveSlacker                           :×
[Info   :TownOfHost-Pko] [20:29:58:20][Info]┗ GiveStamina                           :×
[Info   :TownOfHost-Pko] [20:29:58:20][Info]┗ GiveJumbo                             :×
[Info   :TownOfHost-Pko] [20:29:58:20][Info]┗ GiveSunglasses                        :×
[Info   :TownOfHost-Pko] [20:29:58:20][Info]┗ GiveSecurer                           :×
[Info   :TownOfHost-Pko] [20:29:58:20][Info]┗ GiveSealer                            :×
[Info   :TownOfHost-Pko] [20:29:58:20][Info]┗ GiveSilverBuzzer                      :×
[Info   :TownOfHost-Pko] [20:29:58:20][Info]┗ BakeCatDieKillerTime                  :1秒
[Info   :TownOfHost-Pko] [20:29:58:20][Info]┗ BakeCatShowRoleNameToKillerTeam       :×
[Info   :TownOfHost-Pko] [20:29:58:20][Info]CanMakeMadmateCount                     :0人
[Info   :TownOfHost-Pko] [20:29:58:20][Info]MadmateOption                           :×
[Info   :TownOfHost-Pko] [20:29:58:20][Info]┗ FixedRole                             :未設定
[Info   :TownOfHost-Pko] [20:29:58:20][Info]┗ FixedRole                             :未設定
[Info   :TownOfHost-Pko] [20:29:58:20][Info]┗ KillCooldown                          :15秒
[Info   :TownOfHost-Pko] [20:29:58:20][Info]┗ KillCooldown                          :15秒
[Info   :TownOfHost-Pko] [20:29:58:20][Info]┗ FixedRole                             :未設定
[Info   :TownOfHost-Pko] [20:29:58:20][Info]┗ FixedRole                             :未設定
[Info   :TownOfHost-Pko] [20:29:58:20][Info]┗ FixedRole                             :未設定
[Info   :TownOfHost-Pko] [20:29:58:20][Info]┗ FixedRole                             :未設定
[Info   :TownOfHost-Pko] [20:29:58:20][Info]┗ FixedRole                             :未設定
[Info   :TownOfHost-Pko] [20:29:58:20][Info]┗ FixedRole                             :未設定
[Info   :TownOfHost-Pko] [20:29:58:20][Info]┗ FixedRole                             :未設定
[Info   :TownOfHost-Pko] [20:29:58:20][Info]┗ FixedRole                             :未設定
[Info   :TownOfHost-Pko] [20:29:58:20][Info]┗ FixedRole                             :未設定
[Info   :TownOfHost-Pko] [20:29:58:20][Info]┗ FixedRole                             :未設定
[Info   :TownOfHost-Pko] [20:29:58:20][Info]┗ FixedRole                             :未設定
[Info   :TownOfHost-Pko] [20:29:58:20][Info]┗ FixedRole                             :未設定
[Info   :TownOfHost-Pko] [20:29:58:20][Info]┗ FixedRole                             :未設定
[Info   :TownOfHost-Pko] [20:29:58:20][Info]┗ FixedRole                             :未設定
[Info   :TownOfHost-Pko] [20:29:58:20][Info]┗ FixedRole                             :未設定
[Info   :TownOfHost-Pko] [20:29:58:20][Info]┗ FixedRole                             :未設定
[Info   :TownOfHost-Pko] [20:29:58:20][Info]┗ FixedRole                             :未設定
[Info   :TownOfHost-Pko] [20:29:58:20][Info]┗ FixedRole                             :未設定
[Info   :TownOfHost-Pko] [20:29:58:20][Info]┗ FixedRole                             :未設定
[Info   :TownOfHost-Pko] [20:29:58:20][Info]┗ FixedRole                             :未設定
[Info   :TownOfHost-Pko] [20:29:58:20][Info]┗ FixedRole                             :未設定
[Info   :TownOfHost-Pko] [20:29:58:20][Info]┗ FixedRole                             :未設定
[Info   :TownOfHost-Pko] [20:29:58:20][Info]┗ FixedRole                             :未設定
[Info   :TownOfHost-Pko] [20:29:58:20][Info]┗ FixedRole                             :未設定
[Info   :TownOfHost-Pko] [20:29:58:20][Info]┗ FixedRole                             :未設定
[Info   :TownOfHost-Pko] [20:29:58:20][Info]┗ FixedRole                             :未設定
[Info   :TownOfHost-Pko] [20:29:58:20][Info]┗ FixedRole                             :未設定
[Info   :TownOfHost-Pko] [20:29:58:20][Info]┗ FixedRole                             :未設定
[Info   :TownOfHost-Pko] [20:29:58:20][Info]┗ FixedRole                             :未設定
[Info   :TownOfHost-Pko] [20:29:58:20][Info]┗ FixedRole                             :未設定
[Info   :TownOfHost-Pko] [20:29:58:20][Info]┗ FixedRole                             :未設定
[Info   :TownOfHost-Pko] [20:29:58:20][Info]┗ FixedRole                             :未設定
[Info   :TownOfHost-Pko] [20:29:58:20][Info]┗ FixedRole                             :未設定
[Info   :TownOfHost-Pko] [20:29:58:20][Info]┗ FixedRole                             :未設定
[Info   :TownOfHost-Pko] [20:29:58:20][Info]┗ FixedRole                             :未設定
[Info   :TownOfHost-Pko] [20:29:58:20][Info]┗ FixedRole                             :未設定
[Info   :TownOfHost-Pko] [20:29:58:20][Info]┗ FixedRole                             :未設定
[Info   :TownOfHost-Pko] [20:29:58:20][Info]┗ FixedRole                             :未設定
[Info   :TownOfHost-Pko] [20:29:58:20][Info]┗ FixedRole                             :未設定
[Info   :TownOfHost-Pko] [20:29:58:20][Info]┗ FixedRole                             :未設定
[Info   :TownOfHost-Pko] [20:29:58:20][Info]┗ FixedRole                             :未設定
[Info   :TownOfHost-Pko] [20:29:58:20][Info]┗ FixedRole                             :未設定
[Info   :TownOfHost-Pko] [20:29:58:20][Info]┗ FixedRole                             :未設定
[Info   :TownOfHost-Pko] [20:29:58:20][Info]┗ FixedRole                             :未設定
[Info   :TownOfHost-Pko] [20:29:58:20][Info]┗ FixedRole                             :未設定
[Info   :TownOfHost-Pko] [20:29:58:20][Info]┗ FixedRole                             :未設定
[Info   :TownOfHost-Pko] [20:29:58:20][Info]┗ FixedRole                             :未設定
[Info   :TownOfHost-Pko] [20:29:58:20][Info]┗ FixedRole                             :未設定
[Info   :TownOfHost-Pko] [20:29:58:20][Info]┗ FixedRole                             :未設定
[Info   :TownOfHost-Pko] [20:29:58:20][Info]┗ FixedRole                             :未設定
[Info   :TownOfHost-Pko] [20:29:58:20][Info]┗ FixedRole                             :未設定
[Info   :TownOfHost-Pko] [20:29:58:20][Info]┗ FixedRole                             :未設定
[Info   :TownOfHost-Pko] [20:29:58:20][Info]┗ RoughPercentage                       :○
[Info   :TownOfHost-Pko] [20:29:58:20][Info]┗ FixedRole                             :未設定
[Info   :TownOfHost-Pko] [20:29:58:20][Info]┗ FixedRole                             :未設定
[Info   :TownOfHost-Pko] [20:29:58:20][Info]┗ FixedRole                             :未設定
[Info   :TownOfHost-Pko] [20:29:58:20][Info]┗ FixedRole                             :未設定
[Info   :TownOfHost-Pko] [20:29:58:20][Info]┗ FixedRole                             :未設定
[Info   :TownOfHost-Pko] [20:29:58:20][Info]┗ FixedRole                             :未設定
[Info   :TownOfHost-Pko] [20:29:58:20][Info]┗ FixedRole                             :未設定
[Info   :TownOfHost-Pko] [20:29:58:20][Info]┗ FixedRole                             :未設定
[Info   :TownOfHost-Pko] [20:29:58:20][Info]┗ FixedRole                             :未設定
[Info   :TownOfHost-Pko] [20:29:58:20][Info]┗ FixedRole                             :未設定
[Info   :TownOfHost-Pko] [20:29:58:20][Info]┗ FixedRole                             :未設定
[Info   :TownOfHost-Pko] [20:29:58:20][Info]┗ FixedRole                             :未設定
[Info   :TownOfHost-Pko] [20:29:58:20][Info]┗ FixedRole                             :未設定
[Info   :TownOfHost-Pko] [20:29:58:20][Info]┗ FixedRole                             :未設定
[Info   :TownOfHost-Pko] [20:29:58:20][Info]┗ FixedRole                             :未設定
[Info   :TownOfHost-Pko] [20:29:58:20][Info]┗ FixedRole                             :未設定
[Info   :TownOfHost-Pko] [20:29:58:20][Info]┗ FixedRole                             :未設定
[Info   :TownOfHost-Pko] [20:29:58:20][Info]┗ FixedRole                             :未設定
[Info   :TownOfHost-Pko] [20:29:58:20][Info]┗ AmnesiaDefaultKillCool                :○
[Info   :TownOfHost-Pko] [20:29:58:20][Info]┗ AmnesiaRealizeDayCount                :4日
[Info   :TownOfHost-Pko] [20:29:58:20][Info]┗ AmnesiaRealizeTaskCount               :4
[Info   :TownOfHost-Pko] [20:29:58:20][Info]┗ AmnesiaRealizeKillcount               :2
[Info   :TownOfHost-Pko] [20:29:58:20][Info]┗ FixedRole                             :未設定
[Info   :TownOfHost-Pko] [20:29:58:20][Info]┗ FixedRole                             :未設定
[Info   :TownOfHost-Pko] [20:29:58:20][Info]┗ FixedRole                             :未設定
[Info   :TownOfHost-Pko] [20:29:58:20][Info]┗ FixedRole                             :未設定
[Info   :TownOfHost-Pko] [20:29:58:20][Info]┗ Everyturn                             :×
[Info   :TownOfHost-Pko] [20:29:58:20][Info]┗ Everyturn                             :×
[Info   :TownOfHost-Pko] [20:29:58:20][Info]┗ FixedRole                             :未設定
[Info   :TownOfHost-Pko] [20:29:58:20][Info]┗ FixedRole                             :未設定
[Info   :TownOfHost-Pko] [20:29:58:20][Info]┗ FixedRole                             :未設定
[Info   :TownOfHost-Pko] [20:29:58:20][Info]┗ FixedRole                             :未設定
[Info   :TownOfHost-Pko] [20:29:58:20][Info]┗ FixedRole                             :未設定
[Info   :TownOfHost-Pko] [20:29:58:20][Info]┗ FixedRole                             :未設定
[Info   :TownOfHost-Pko] [20:29:58:20][Info]┗ FixedRole                             :未設定
[Info   :TownOfHost-Pko] [20:29:58:20][Info]┗ FixedRole                             :未設定
[Info   :TownOfHost-Pko] [20:29:58:20][Info]┗ FixedRole                             :未設定
[Info   :TownOfHost-Pko] [20:29:58:20][Info]┗ FixedRole                             :未設定
[Info   :TownOfHost-Pko] [20:29:58:20][Info]┗ FixedRole                             :未設定
[Info   :TownOfHost-Pko] [20:29:58:20][Info]┗ FixedRole                             :未設定
[Info   :TownOfHost-Pko] [20:29:58:20][Info]┗ FixedRole                             :未設定
[Info   :TownOfHost-Pko] [20:29:58:20][Info]┗ FixedRole                             :未設定
[Info   :TownOfHost-Pko] [20:29:58:20][Info]┗ FixedRole                             :未設定
[Info   :TownOfHost-Pko] [20:29:58:20][Info]┗ FixedRole                             :未設定
[Info   :TownOfHost-Pko] [20:29:58:20][Info]┗ FixedRole                             :未設定
[Info   :TownOfHost-Pko] [20:29:58:20][Info]┗ FixedRole                             :未設定
[Info   :TownOfHost-Pko] [20:29:58:20][Info]┗ FixedRole                             :未設定
[Info   :TownOfHost-Pko] [20:29:58:20][Info]┗ FixedRole                             :未設定
[Info   :TownOfHost-Pko] [20:29:58:20][Info]┗ FixedRole                             :未設定
[Info   :TownOfHost-Pko] [20:29:58:20][Info]┗ FixedRole                             :未設定
[Info   :TownOfHost-Pko] [20:29:58:20][Info]┗ FixedRole                             :未設定
[Info   :TownOfHost-Pko] [20:29:58:20][Info]┗ FixedRole                             :未設定
[Info   :TownOfHost-Pko] [20:29:58:20][Info]┗ FixedRole                             :未設定
[Info   :TownOfHost-Pko] [20:29:58:20][Info]┗ FixedRole                             :未設定
[Info   :TownOfHost-Pko] [20:29:58:20][Info]┗ FixedRole                             :未設定
[Info   :TownOfHost-Pko] [20:29:58:20][Info]┗ FixedRole                             :未設定
[Info   :TownOfHost-Pko] [20:29:58:20][Info]┗ FixedRole                             :未設定
[Info   :TownOfHost-Pko] [20:29:58:20][Info]┗ FixedRole                             :未設定
[Info   :TownOfHost-Pko] [20:29:58:20][Info]┗ FixedRole                             :未設定
[Info   :TownOfHost-Pko] [20:29:58:20][Info]┗ FixedRole                             :未設定
[Info   :TownOfHost-Pko] [20:29:58:20][Info]┗ FixedRole                             :未設定
[Info   :TownOfHost-Pko] [20:29:58:20][Info]┗ FixedRole                             :未設定
[Info   :TownOfHost-Pko] [20:29:58:20][Info]┗ FixedRole                             :未設定
[Info   :TownOfHost-Pko] [20:29:58:20][Info]┗ FixedRole                             :未設定
[Info   :TownOfHost-Pko] [20:29:58:20][Info]┗ FixedRole                             :未設定
[Info   :TownOfHost-Pko] [20:29:58:20][Info]┗ FixedRole                             :未設定
[Info   :TownOfHost-Pko] [20:29:58:20][Info]┗ FixedRole                             :未設定
[Info   :TownOfHost-Pko] [20:29:58:20][Info]┗ FixedRole                             :未設定
[Info   :TownOfHost-Pko] [20:29:58:20][Info]┗ FixedRole                             :未設定
[Info   :TownOfHost-Pko] [20:29:58:20][Info]┗ FixedRole                             :未設定
[Info   :TownOfHost-Pko] [20:29:58:20][Info]┗ FixedRole                             :未設定
[Info   :TownOfHost-Pko] [20:29:58:20][Info]┗ FixedRole                             :未設定
[Info   :TownOfHost-Pko] [20:29:58:20][Info]┗ FixedRole                             :未設定
[Info   :TownOfHost-Pko] [20:29:58:20][Info]┗ FixedRole                             :未設定
[Info   :TownOfHost-Pko] [20:29:58:20][Info]┗ FixedRole                             :未設定
[Info   :TownOfHost-Pko] [20:29:58:20][Info]┗ FixedRole                             :未設定
[Info   :TownOfHost-Pko] [20:29:58:20][Info]┗ FixedRole                             :未設定
[Info   :TownOfHost-Pko] [20:29:58:20][Info]┗ FixedRole                             :未設定
[Info   :TownOfHost-Pko] [20:29:58:20][Info]┗ FixedRole                             :未設定
[Info   :TownOfHost-Pko] [20:29:58:20][Info]SlotRole1                               :設定済み(4)
[Info   :TownOfHost-Pko] [20:29:58:20][Info]SlotRole2                               :設定済み(2)
[Info   :TownOfHost-Pko] [20:29:58:20][Info]SlotRole3                               :未設定
[Info   :TownOfHost-Pko] [20:29:58:20][Info]SlotRole4                               :未設定
[Info   :TownOfHost-Pko] [20:29:58:20][Info]SlotRole5                               :未設定
[Info   :TownOfHost-Pko] [20:29:58:20][Info]SlotRole6                               :未設定
[Info   :TownOfHost-Pko] [20:29:58:20][Info]SlotRole7                               :未設定
[Info   :TownOfHost-Pko] [20:29:58:20][Info]SlotRole8                               :未設定
[Info   :TownOfHost-Pko] [20:29:58:20][Info]SlotRole9                               :未設定
[Info   :TownOfHost-Pko] [20:29:58:20][Info]SlotRole10                              :未設定
[Info   :TownOfHost-Pko] [20:29:58:20][Info]SlotRole11                              :未設定
[Info   :TownOfHost-Pko] [20:29:58:20][Info]SlotRole12                              :未設定
[Info   :TownOfHost-Pko] [20:29:58:20][Info]SlotRole13                              :未設定
[Info   :TownOfHost-Pko] [20:29:58:20][Info]SlotRole14                              :未設定
[Info   :TownOfHost-Pko] [20:29:58:20][Info]SlotRole15                              :未設定
[Info   :TownOfHost-Pko] [20:29:58:20][Info]GhostRoleOptions                        :×
[Info   :TownOfHost-Pko] [20:29:58:20][Info]KillFlashDuration                       :0.3秒
[Info   :TownOfHost-Pko] [20:29:58:20][Info]MapModification                         :×
[Info   :TownOfHost-Pko] [20:29:58:20][Info]TaskOption                              :×
[Info   :TownOfHost-Pko] [20:29:58:20][Info]DevicesOption                           :×
[Info   :TownOfHost-Pko] [20:29:58:20][Info]Sabotage                                :×
[Info   :TownOfHost-Pko] [20:29:58:20][Info]RandomMapsMode                          :×
[Info   :TownOfHost-Pko] [20:29:58:20][Info]RandomSpawn                             :×
[Info   :TownOfHost-Pko] [20:29:58:20][Info]MeetingAndVoteOpt                       :○
[Info   :TownOfHost-Pko] [20:29:58:20][Info]┗ LowerLimitVotingTime                  :60秒
[Info   :TownOfHost-Pko] [20:29:58:20][Info]┗ LimitMeetingTime                      :300秒
[Info   :TownOfHost-Pko] [20:29:58:20][Info]┗ AllAliveMeeting                       :○
[Info   :TownOfHost-Pko] [20:29:58:20][Info]┗ AllAliveMeetingTime                   :60秒
[Info   :TownOfHost-Pko] [20:29:58:20][Info]┗ VoteMode                              :×
[Info   :TownOfHost-Pko] [20:29:58:20][Info]┗ SyncButtonMode                        :×
[Info   :TownOfHost-Pko] [20:29:58:20][Info]┗ AdditionalEmergencyCooldown           :×
[Info   :TownOfHost-Pko] [20:29:58:20][Info]┗ ShowVoteResult                        :×
[Info   :TownOfHost-Pko] [20:29:58:20][Info]LadderDeath                             :×
[Info   :TownOfHost-Pko] [20:29:58:20][Info]GhostOptions                            :×
[Info   :TownOfHost-Pko] [20:29:58:20][Info]ConvenientOptions                       :○
[Info   :TownOfHost-Pko] [20:29:58:20][Info]┗ FirstTurnMeeting                      :○
[Info   :TownOfHost-Pko] [20:29:58:20][Info]┗ FirstTurnMeetingCantability           :×
[Info   :TownOfHost-Pko] [20:29:58:20][Info]┗ FixFirstKillCooldown                  :×
[Info   :TownOfHost-Pko] [20:29:58:20][Info]┗ CommnTaskResetAssing                  :○
[Info   :TownOfHost-Pko] [20:29:58:20][Info]┗ CanseeVoteresult                      :×
[Info   :TownOfHost-Pko] [20:29:58:20][Info]┗ OutroCrewWinreasonchenge              :○
[Info   :TownOfHost-Pko] [20:29:58:20][Info]┗ AutoGrantPet                          :○
[Info   :TownOfHost-Pko] [20:29:58:20][Info]OptionBatchSetting                      :○
[Info   :TownOfHost-Pko] [20:29:58:20][Info]┗ OptionAllImpostorKillCool             :30
[Info   :TownOfHost-Pko] [20:29:58:20][Info]┗ OptionAllNeutralKillCool              :30
[Info   :TownOfHost-Pko] [20:29:58:20][Info]RandomPreset                            :×
[Info   :TownOfHost-Pko] [20:29:58:20][Info]DisableTaskWin                          :×
[Info   :TownOfHost-Pko] [20:29:58:20][Info]NoGameEnd                               :×
[Info   :TownOfHost-Pko] [20:29:58:20][Info]HideGameSettings                        :×
[Info   :TownOfHost-Pko] [20:29:58:20][Info]HideGameSettingsDuringGame              :×
[Info   :TownOfHost-Pko] [20:29:58:20][Info]SuffixMode                              :なし
[Info   :TownOfHost-Pko] [20:29:58:20][Info]ChangeNameToRoleInfo                    :○
[Info   :TownOfHost-Pko] [20:29:58:20][Info]RoleAssigningAlgorithm                  :デフォルト
[Info   :TownOfHost-Pko] [20:29:58:20][Info]UseZoom                                 :×
[Info   :TownOfHost-Pko] [20:29:58:20][Info]CommandSetting                          :○
[Info   :TownOfHost-Pko] [20:29:58:20][Info]┗ DisableCommandNow                     :×
[Info   :TownOfHost-Pko] [20:29:58:20][Info]┗ DisableCommandNowRole                 :×
[Info   :TownOfHost-Pko] [20:29:58:20][Info]┗ DisableCommandNowSet                  :×
[Info   :TownOfHost-Pko] [20:29:58:20][Info]┗ DisableCommandNowW                    :×
[Info   :TownOfHost-Pko] [20:29:58:20][Info]┗ DisableCommandNowH                    :×
[Info   :TownOfHost-Pko] [20:29:58:20][Info]┗ DisableCommandHRoles                  :×
[Info   :TownOfHost-Pko] [20:29:58:20][Info]┗ DisableCommandMyrole                  :×
[Info   :TownOfHost-Pko] [20:29:58:20][Info]┗ DisableCommandMeetinginfo             :×
[Info   :TownOfHost-Pko] [20:29:58:20][Info]┗ DisableCommandNumberDNumber           :×
[Info   :TownOfHost-Pko] [20:29:58:20][Info]┗ DisableCommand8ball                   :×
[Info   :TownOfHost-Pko] [20:29:58:20][Info]┗ DisableCommandPko                     :×
[Info   :TownOfHost-Pko] [20:29:58:20][Info]┗ DisableCommandPkoNotUseInGame         :×
[Info   :TownOfHost-Pko] [20:29:58:20][Info]┗ DisableCommandRename                  :×
[Info   :TownOfHost-Pko] [20:29:58:20][Info]┗ NameCharLimit                         :30
[Info   :TownOfHost-Pko] [20:29:58:20][Info]┗ DisableCommandRule                    :×
[Info   :TownOfHost-Pko] [20:29:58:20][Info]┗ DisableCommandLastresult              :×
[Info   :TownOfHost-Pko] [20:29:58:20][Info]┗ DisableCommandKilllog                 :×
[Info   :TownOfHost-Pko] [20:29:58:20][Info]┗ DisableCommandTimer                   :×
[Info   :TownOfHost-Pko] [20:29:58:20][Info]┗ DisableCommandTp                      :×
[Info   :TownOfHost-Pko] [20:29:58:20][Info]AutoFunction                            :×
[Info   :TownOfHost-Pko] [20:29:58:20][Info]GameChatSetting                         :○
[Info   :TownOfHost-Pko] [20:29:58:20][Info]┗ GameChatNormalChat                    :○
[Info   :TownOfHost-Pko] [20:29:58:20][Info]┗ GameChatNormalNearChat                :×
[Info   :TownOfHost-Pko] [20:29:58:20][Info]┗ GameChatHideChat                      :×
[Info   :TownOfHost-Pko] [20:29:58:20][Info]ApplyDenyNameList                       :○
[Info   :TownOfHost-Pko] [20:29:58:20][Info]KickPlayerFriendCodeNotExist            :×
[Info   :TownOfHost-Pko] [20:29:58:20][Info]ApplyBanList                            :○
[Info   :TownOfHost-Pko] [20:29:58:20][Info]KiclHotNotFriend                        :×
[Info   :TownOfHost-Pko] [20:29:58:20][Info]KickInitialName                         :×
[Info   :TownOfHost-Pko] [20:29:58:20][Info]BanKickjoinplayer                       :×
[Info   :TownOfHost-Pko] [20:29:58:20][Info]-------------その他-------------
[Info   :TownOfHost-Pko] [20:29:58:20][Info]プレイヤー数: 8人
[Info   :TownOfHost-Pko] [20:29:59:85][TaskState.Init]Rの名無しさん(ネコカボチャ): InitTask
[Info   :TownOfHost-Pko] [20:29:59:85][TaskState.Init]ひとつここの(スモークメーカー): InitTask
[Info   :TownOfHost-Pko] [20:29:59:85][TaskState.Init]あそこらgrass(神): InitTask
[Info   :TownOfHost-Pko] [20:29:59:85][TaskState.Init]あそこらgrass(神): TaskCounts = 0/5
[Info   :TownOfHost-Pko] [20:29:59:85][TaskState.Init]マリエルちゃん(ペスト医師): InitTask
[Info   :TownOfHost-Pko] [20:29:59:85][TaskState.Init]グラサンマン(シーア): InitTask
[Info   :TownOfHost-Pko] [20:29:59:85][TaskState.Init]グラサンマン(シーア): TaskCounts = 0/9
[Info   :TownOfHost-Pko] [20:29:59:85][TaskState.Init]5号(キューピッド): InitTask
[Info   :TownOfHost-Pko] [20:29:59:85][TaskState.Init]みくろ(ブーストライター): InitTask
[Info   :TownOfHost-Pko] [20:29:59:85][TaskState.Init]みくろ(ブーストライター): TaskCounts = 0/9
[Info   :TownOfHost-Pko] [20:29:59:85][TaskState.Init]伝カロちゃん(ジャッカル): InitTask
[Info   :TownOfHost-Pko] [20:29:59:85][LateTask]"SetTask"is finished
[Info   :TownOfHost-Pko] [20:30:01:61][LateTask]"Roleset" is created
[Info   :TownOfHost-Pko] [20:30:02:94][LateTask]"Override Role Text"is end
[Info   :TownOfHost-Pko] [20:30:03:59][StandardIntro]SetRole
[Info   :TownOfHost-Pko] [20:30:03:59][LateTask]"Roleset"is finished
[Info   :TownOfHost-Pko] [20:30:05:44][LateTask]"ShowChatOnGameStart" is created
[Info   :TownOfHost-Pko] [20:30:05:44][Phase]タスクフェイズ開始
[Info   :TownOfHost-Pko] [20:30:05:45][IntroCutscene]OnDestroy
[Info   :TownOfHost-Pko] [20:30:05:94][LateTask]"ShowChatOnGameStart"is finished
[Info   :TownOfHost-Pko] [20:30:06:04][PetActionPatch]Rの名無しさん にペットを自動付与: pet_test
[Info   :TownOfHost-Pko] [20:30:06:04][PetActionPatch]みくろ にペットを自動付与: pet_test
[Info   :TownOfHost-Pko] [20:30:06:37][ExReportDeadBody]Rの名無しさん(ネコカボチャ) => Rの名無しさん(ネコカボチャ)
[Info   :TownOfHost-Pko] [20:30:06:38][LateTask]"SetSkin" is created
[Info   :TownOfHost-Pko] [20:30:06:39][MeetingTimeManager.OnReportDeadBody]DiscussionTime:0, VotingTime60
[Info   :TownOfHost-Pko] [20:30:06:39][UpdateSystem]SystemType: Laboratory, PlayerName: Rの名無しさん(ネコカボチャ), amount: 16
[Info   :TownOfHost-Pko] [20:30:06:40][UpdateSystem]SystemType: Reactor, PlayerName: Rの名無しさん(ネコカボチャ), amount: 16
[Info   :TownOfHost-Pko] [20:30:06:40][UpdateSystem]SystemType: LifeSupp, PlayerName: Rの名無しさん(ネコカボチャ), amount: 16
[Info   :TownOfHost-Pko] [20:30:06:46][Phase]------------会議開始　day:1------------
[Info   :TownOfHost-Pko] [20:30:06:71][LateTask]"SetSkin"is finished
[Info   :TownOfHost-Pko] [20:30:09:38][LateTask]"sendroleinfo" is created
[Info   :TownOfHost-Pko] [20:30:10:37][LateTask]"sendroleinfo"is finished
[Info   :TownOfHost-Pko] [20:30:10:48][SetName]名前変更:Rの名無しさん(ネコカボチャ) => <align="left"><#ff1919>【あなたの役職】</color>\n<size=70%><#ffffff><#ff1919><b><line-height=1.3pic><size=150%>ネコカボチャ\n\n<size=90%>死なばもろとも</b></color>\n<size=65%>陣営:インポスター    カウント:インポスター    判定:インポスター\n<#000000>From:</color><#ff0000>TOR GM Edition</color>\n<size=30%>\n<size=57%>キルされた際、自分を殺してきたプレイヤーを殺し返す。\n<line-height=0.9pic><size=45%>\nインポスターを道連れにする: ○\n
[Info   :TownOfHost-Pko] [20:30:10:48][ReceiveChat]○Rの名無しさん(ネコカボチャ): 
[Info   :TownOfHost-Pko] [20:30:10:48][SetName]名前変更:Rの名無しさん(ネコカボチャ) => Rの名無しさん
[Info   :TownOfHost-Pko] [20:30:10:68][SetName]名前変更:Rの名無しさん(ネコカボチャ) => <align="left"><size=70%><#ffffff><line-height=0.9pic><size=45%>マッドメイトを道連れにする: ○\nニュートラルを道連れにする: ○\n追放された時に誰かを道連れにする: ○\n\n
[Info   :TownOfHost-Pko] [20:30:10:68][ReceiveChat]○Rの名無しさん(ネコカボチャ): 
[Info   :TownOfHost-Pko] [20:30:10:68][SetName]名前変更:Rの名無しさん(ネコカボチャ) => Rの名無しさん
[Info   :TownOfHost-Pko] [20:30:14:23][ReceiveChat]伝カロちゃん(ジャッカル):役
[Info   :TownOfHost-Pko] [20:30:16:81][ReceiveChat]あそこらgrass(神):やくもち
[Info   :TownOfHost-Pko] [20:30:22:38][SendChat]役
[Info   :TownOfHost-Pko] [20:30:25:83][ReceiveChat]5号(キューピッド):やくもち
[Info   :TownOfHost-Pko] [20:30:27:01][ReceiveChat]グラサンマン(シーア):やくなし
[Info   :TownOfHost-Pko] [20:30:44:13][ReceiveChat]みくろ(ブーストライター):やくあり
[Info   :TownOfHost-Pko] [20:30:46:72][ReceiveChat]ひとつここの(スモークメーカー):役あり
[Info   :TownOfHost-Pko] [20:30:47:10][MeetingVoteManager]投票: 伝カロちゃん(ジャッカル) => Skip x 1 
[Info   :TownOfHost-Pko] [20:30:50:34][MeetingVoteManager]投票: みくろ(ブーストライター) => Skip x 1 
[Info   :TownOfHost-Pko] [20:30:53:06][MeetingVoteManager]投票: Rの名無しさん(ネコカボチャ) => Skip x 1 
[Info   :TownOfHost-Pko] [20:30:53:22][MeetingVoteManager]投票: グラサンマン(シーア) => Skip x 1 
[Info   :TownOfHost-Pko] [20:30:55:89][ReceiveChat]ひとつここの(スモークメーカー):はじめての役だからむずかしそう
[Info   :TownOfHost-Pko] [20:30:56:54][MeetingVoteManager]投票: 5号(キューピッド) => Skip x 1 
[Info   :TownOfHost-Pko] [20:31:00:45][ReceiveChat]マリエルちゃん(ペスト医師):あり〼
[Info   :TownOfHost-Pko] [20:31:02:14][ReceiveChat]あそこらgrass(神):グラサン約なし？
[Info   :TownOfHost-Pko] [20:31:03:53][MeetingVoteManager]投票: マリエルちゃん(ペスト医師) => Skip x 1 
[Info   :TownOfHost-Pko] [20:31:04:99][MeetingVoteManager]投票: ひとつここの(スモークメーカー) => グラサンマン(シーア) x 1 
[Info   :TownOfHost-Pko] [20:31:06:61][MeetingVoteManager]投票: あそこらgrass(神) => Skip x 1 
[Warning:TownOfHost-Pko] [20:31:06:62][GetCustomRole]TownOfHost.Modules.MeetingVoteManager.CountVotesがCustomRoleを取得しようとしましたが、対象がnullでした。
[Info   :TownOfHost-Pko] [20:31:06:62][VoteCount]グラサンマン => 1
[Info   :TownOfHost-Pko] [20:31:06:62][VoteCount]スキップ => 7
[Info   :TownOfHost-Pko] [20:31:06:62][MeetingVoteManager]最多得票者: Skip
[Info   :TownOfHost-Pko] [20:31:06:62][MeetingVoteManager]追放者: スキップ で会議を終了します
[Info   :TownOfHost-Pko] [20:31:10:50][ReceiveChat]5号(キューピッド):とりあえずはりかいした
[Info   :TownOfHost-Pko] [20:31:10:60][AntiBlackout]SetIsDead is called from EndMeeting
[Info   :TownOfHost-Pko] [20:31:10:60][AntiBlackout]SendGameData is called from SetIsDead
[Info   :TownOfHost-Pko] [20:31:10:60][AntiBlackout]Rの名無しさん => Impostor
[Info   :TownOfHost-Pko] [20:31:10:60][AntiBlackout]ひとつここの => Crewmate
[Info   :TownOfHost-Pko] [20:31:10:60][AntiBlackout]あそこらgrass => Crewmate
[Info   :TownOfHost-Pko] [20:31:10:60][AntiBlackout]マリエルちゃん => Crewmate
[Info   :TownOfHost-Pko] [20:31:10:60][AntiBlackout]グラサンマン => Crewmate
[Info   :TownOfHost-Pko] [20:31:10:60][AntiBlackout]5号 => Crewmate
[Info   :TownOfHost-Pko] [20:31:10:60][AntiBlackout]みくろ => Crewmate
[Info   :TownOfHost-Pko] [20:31:10:60][AntiBlackout]伝カロちゃん => Crewmate
[Info   :TownOfHost-Pko] [20:31:10:60][LateTask]"LateAntiBlackoutSet"is end
[Info   :TownOfHost-Pko] [20:31:12:61][Phase]------------会議終了------------
[Info   :TownOfHost-Pko] [20:31:19:53][AntiBlackout]RestoreIsDead is called from WrapUpPostfix
[Info   :TownOfHost-Pko] [20:31:19:54][CountAlivePlayers]Crew:5/5, Impostor:2/2, Jackal:1/1, All:8/8
[Info   :TownOfHost-Pko] [20:31:19:54][LateTask]"ShowChatAfterMeeting" is created
[Info   :TownOfHost-Pko] [20:31:19:56][LateTask]"Restore IsDead Task" is created
[Info   :TownOfHost-Pko] [20:31:19:56][LateTask]"AfterMeetingDeathPlayers Task" is created
[Info   :TownOfHost-Pko] [20:31:19:60][LateTask]"Tuihoufin" is created
[Info   :TownOfHost-Pko] [20:31:20:01][LateTask]"ShowChatAfterMeeting"is finished
[Info   :TownOfHost-Pko] [20:31:20:01][LateTask]"Restore IsDead Task"is finished
[Info   :TownOfHost-Pko] [20:31:20:04][UpdateSystem]SystemType: Laboratory, PlayerName: Rの名無しさん(ネコカボチャ), amount: 128
[Info   :TownOfHost-Pko] [20:31:20:05][LateTask]"Fix Reactor" is created
[Info   :TownOfHost-Pko] [20:31:20:05][RpcResetAbilityCooldown]アビリティクールダウンのリセット:Rの名無しさん(0)
[Info   :TownOfHost-Pko] [20:31:20:06][RpcResetAbilityCooldown]アビリティクールダウンのリセット:ひとつここの(1)
[Info   :TownOfHost-Pko] [20:31:20:07][RpcResetAbilityCooldown]アビリティクールダウンのリセット:あそこらgrass(2)
[Info   :TownOfHost-Pko] [20:31:20:07][RpcResetAbilityCooldown]アビリティクールダウンのリセット:マリエルちゃん(3)
[Info   :TownOfHost-Pko] [20:31:20:07][RpcResetAbilityCooldown]アビリティクールダウンのリセット:グラサンマン(4)
[Info   :TownOfHost-Pko] [20:31:20:08][RpcResetAbilityCooldown]アビリティクールダウンのリセット:5号(6)
[Info   :TownOfHost-Pko] [20:31:20:08][RpcResetAbilityCooldown]アビリティクールダウンのリセット:みくろ(7)
[Info   :TownOfHost-Pko] [20:31:20:08][RpcResetAbilityCooldown]アビリティクールダウンのリセット:伝カロちゃん(5)
[Info   :TownOfHost-Pko] [20:31:20:08][Phase]タスクフェイズ開始
[Info   :TownOfHost-Pko] [20:31:20:08][LateTask]"AfterMeetingDeathPlayers Task"is finished
[Info   :TownOfHost-Pko] [20:31:20:17][LateTask]"AfterMeetingDeathPlayer"is end
[Info   :TownOfHost-Pko] [20:31:20:25][RpcResetAbilityCooldown]アビリティクールダウンのリセット:Rの名無しさん(0)
[Info   :TownOfHost-Pko] [20:31:20:25][RpcResetAbilityCooldown]アビリティクールダウンのリセット:ひとつここの(1)
[Info   :TownOfHost-Pko] [20:31:20:26][RpcResetAbilityCooldown]アビリティクールダウンのリセット:あそこらgrass(2)
[Info   :TownOfHost-Pko] [20:31:20:26][RpcResetAbilityCooldown]アビリティクールダウンのリセット:マリエルちゃん(3)
[Info   :TownOfHost-Pko] [20:31:20:26][RpcResetAbilityCooldown]アビリティクールダウンのリセット:グラサンマン(4)
[Info   :TownOfHost-Pko] [20:31:20:26][RpcResetAbilityCooldown]アビリティクールダウンのリセット:5号(6)
[Info   :TownOfHost-Pko] [20:31:20:26][RpcResetAbilityCooldown]アビリティクールダウンのリセット:みくろ(7)
[Info   :TownOfHost-Pko] [20:31:20:26][RpcResetAbilityCooldown]アビリティクールダウンのリセット:伝カロちゃん(5)
[Info   :TownOfHost-Pko] [20:31:20:33][UpdateSystem]SystemType: Laboratory, PlayerName: Rの名無しさん(ネコカボチャ), amount: 16
[Info   :TownOfHost-Pko] [20:31:20:33][LateTask]"Fix Reactor"is finished
[Info   :TownOfHost-Pko] [20:31:20:47][MurderPlayer]Rの名無しさん(ネコカボチャ) => Rの名無しさん(ネコカボチャ) (FailedProtected)
[Info   :TownOfHost-Pko] [20:31:22:73][LateTask]"Tuihoufin"is finished
[Info   :TownOfHost-Pko] [20:31:25:18][CompleteTask]TaskComplete:グラサンマン(シーア) 2
[Info   :TownOfHost-Pko] [20:31:25:18][TaskState.Update]グラサンマン(シーア): UpdateTask
[Info   :TownOfHost-Pko] [20:31:25:18][TaskState.Update]TotalTaskCounts = 1/18
[Info   :TownOfHost-Pko] [20:31:25:18][TaskState.Update]グラサンマン(シーア): TaskCounts = 1/9
[Info   :TownOfHost-Pko] [20:31:25:19][TaskState.Update]TotalTaskCounts = 1/18
[Info   :TownOfHost-Pko] [20:31:38:55][CheckMurder]Attempt  :5号(キューピッド) => みくろ(ブーストライター)
[Info   :TownOfHost-Pko] [20:31:38:57][CheckMurder]5号(キューピッド)はキルしない。
[Info   :TownOfHost-Pko] [20:31:38:58][MurderPlayer]5号(キューピッド) => みくろ(ブーストライター) (FailedError, DecisionByHost)
[Info   :TownOfHost-Pko] [20:31:38:58][MurderPlayer]キルはホストによってキャンセルされました
[Info   :TownOfHost-Pko] [20:31:38:84][SabotageSystemType]PlayerName: ひとつここの(スモークメーカー), SabotageType: Comms
[Info   :TownOfHost-Pko] [20:31:38:84][UpdateSystem]SystemType: Comms, PlayerName: ひとつここの(スモークメーカー), amount: 128
[Info   :TownOfHost-Pko] [20:31:39:17][CompleteTask]TaskComplete:グラサンマン(シーア) 0
[Info   :TownOfHost-Pko] [20:31:39:17][TaskState.Update]グラサンマン(シーア): UpdateTask
[Info   :TownOfHost-Pko] [20:31:39:17][TaskState.Update]TotalTaskCounts = 2/18
[Info   :TownOfHost-Pko] [20:31:39:17][TaskState.Update]グラサンマン(シーア): TaskCounts = 2/9
[Info   :TownOfHost-Pko] [20:31:39:19][TaskState.Update]TotalTaskCounts = 2/18
[Info   :TownOfHost-Pko] [20:31:43:95][CompleteTask]TaskComplete:あそこらgrass(神) 3
[Info   :TownOfHost-Pko] [20:31:43:95][TaskState.Update]あそこらgrass(神): UpdateTask
[Info   :TownOfHost-Pko] [20:31:43:95][TaskState.Update]TotalTaskCounts = 3/18
[Info   :TownOfHost-Pko] [20:31:43:95][TaskState.Update]あそこらgrass(神): TaskCounts = 1/5
[Info   :TownOfHost-Pko] [20:31:43:96][TaskState.Update]TotalTaskCounts = 2/18
[Info   :TownOfHost-Pko] [20:31:44:16][PhantomButton]Use:ひとつここの
[Info   :TownOfHost-Pko] [20:31:50:96][CheckMurder]Attempt  :マリエルちゃん(ペスト医師) => 伝カロちゃん(ジャッカル)
[Info   :TownOfHost-Pko] [20:31:50:97][OnCheckMurderAsKiller]InfectRate[伝カロちゃん(ジャッカル)]:100%
[Info   :TownOfHost-Pko] [20:31:50:98][CheckMurder]マリエルちゃん(ペスト医師)はキルしない。
[Info   :TownOfHost-Pko] [20:31:50:98][MurderPlayer]マリエルちゃん(ペスト医師) => 伝カロちゃん(ジャッカル) (FailedError, DecisionByHost)
[Info   :TownOfHost-Pko] [20:31:50:98][MurderPlayer]キルはホストによってキャンセルされました
[Info   :TownOfHost-Pko] [20:31:55:30][CompleteTask]TaskComplete:あそこらgrass(神) 4
[Info   :TownOfHost-Pko] [20:31:55:30][TaskState.Update]あそこらgrass(神): UpdateTask
[Info   :TownOfHost-Pko] [20:31:55:30][TaskState.Update]TotalTaskCounts = 3/18
[Info   :TownOfHost-Pko] [20:31:55:30][TaskState.Update]あそこらgrass(神): TaskCounts = 2/5
[Info   :TownOfHost-Pko] [20:31:55:30][TaskState.Update]TotalTaskCounts = 2/18
[Info   :TownOfHost-Pko] [20:31:58:00][ReportDeadBody]5号(キューピッド) => null
[Info   :TownOfHost-Pko] [20:31:58:01][LateTask]"SetSkin" is created
[Info   :TownOfHost-Pko] [20:31:58:34][LateTask]"SetSkin"is finished
[Info   :TownOfHost-Pko] [20:31:58:57][MeetingTimeManager.OnReportDeadBody]DiscussionTime:0, VotingTime60
[Info   :TownOfHost-Pko] [20:31:58:58][UpdateSystem]SystemType: Laboratory, PlayerName: Rの名無しさん(ネコカボチャ), amount: 16
[Info   :TownOfHost-Pko] [20:31:58:58][UpdateSystem]SystemType: Reactor, PlayerName: Rの名無しさん(ネコカボチャ), amount: 16
[Info   :TownOfHost-Pko] [20:31:58:58][UpdateSystem]SystemType: LifeSupp, PlayerName: Rの名無しさん(ネコカボチャ), amount: 16
[Info   :TownOfHost-Pko] [20:31:58:71][Phase]------------会議開始　day:1------------
[Info   :TownOfHost-Pko] [20:32:01:58][LateTask]"sendroleinfo" is created
[Info   :TownOfHost-Pko] [20:32:02:56][LateTask]"sendroleinfo"is finished
[Info   :TownOfHost-Pko] [20:32:02:70][ReceiveChat]ひとつここの(スモークメーカー):なぼ
[Info   :TownOfHost-Pko] [20:32:03:16][ReceiveChat]伝カロちゃん(ジャッカル):なぼ
[Info   :TownOfHost-Pko] [20:32:04:95][ReceiveChat]あそこらgrass(神):なぼ
[Info   :TownOfHost-Pko] [20:32:07:80][SendChat]ないす
[Info   :TownOfHost-Pko] [20:32:07:83][ReceiveChat]グラサンマン(シーア):ナイス
[Info   :TownOfHost-Pko] [20:32:08:90][MeetingVoteManager]投票: 5号(キューピッド) => Skip x 1 
[Info   :TownOfHost-Pko] [20:32:11:27][MeetingVoteManager]投票: 伝カロちゃん(ジャッカル) => Skip x 1 
[Info   :TownOfHost-Pko] [20:32:11:72][MeetingVoteManager]投票: Rの名無しさん(ネコカボチャ) => Skip x 1 
[Info   :TownOfHost-Pko] [20:32:11:72][MeetingVoteManager]投票: あそこらgrass(神) => Skip x 1 
[Info   :TownOfHost-Pko] [20:32:12:73][MeetingVoteManager]投票: ひとつここの(スモークメーカー) => Skip x 1 
[Info   :TownOfHost-Pko] [20:32:14:41][MeetingVoteManager]投票: みくろ(ブーストライター) => Skip x 1 
[Info   :TownOfHost-Pko] [20:32:17:90][MeetingVoteManager]投票: マリエルちゃん(ペスト医師) => Skip x 1 
[Info   :TownOfHost-Pko] [20:32:19:01][ReceiveChat]伝カロちゃん(ジャッカル):次ボタン押します
[Info   :TownOfHost-Pko] [20:32:23:50][ReceiveChat]5号(キューピッド):りょ
[Info   :TownOfHost-Pko] [20:32:37:16][ReceiveChat]グラサンマン(シーア):一応役あるんだけどね、だれも役なしって偽装しないから怪しらまれるよね
[Info   :TownOfHost-Pko] [20:32:44:00][ReceiveChat]あそこらgrass(神):なる
[Info   :TownOfHost-Pko] [20:32:46:55][MeetingVoteManager]投票: グラサンマン(シーア) => Skip x 1 
[Warning:TownOfHost-Pko] [20:32:46:56][GetCustomRole]TownOfHost.Modules.MeetingVoteManager.CountVotesがCustomRoleを取得しようとしましたが、対象がnullでした。
[Warning:TownOfHost-Pko] [20:32:46:56][GetCustomRole]TownOfHost.Modules.MeetingVoteManager.CountVotesがCustomRoleを取得しようとしましたが、対象がnullでした。
[Info   :TownOfHost-Pko] [20:32:46:56][VoteCount]スキップ => 8
[Info   :TownOfHost-Pko] [20:32:46:56][MeetingVoteManager]最多得票者: Skip
[Info   :TownOfHost-Pko] [20:32:46:56][MeetingVoteManager]追放者: スキップ で会議を終了します
[Info   :TownOfHost-Pko] [20:32:50:54][AntiBlackout]SetIsDead is called from EndMeeting
[Info   :TownOfHost-Pko] [20:32:50:54][AntiBlackout]SendGameData is called from SetIsDead
[Info   :TownOfHost-Pko] [20:32:50:54][AntiBlackout]Rの名無しさん => Impostor
[Info   :TownOfHost-Pko] [20:32:50:54][AntiBlackout]ひとつここの => Crewmate
[Info   :TownOfHost-Pko] [20:32:50:54][AntiBlackout]あそこらgrass => Crewmate
[Info   :TownOfHost-Pko] [20:32:50:54][AntiBlackout]マリエルちゃん => Crewmate
[Info   :TownOfHost-Pko] [20:32:50:54][AntiBlackout]グラサンマン => Crewmate
[Info   :TownOfHost-Pko] [20:32:50:54][AntiBlackout]5号 => Crewmate
[Info   :TownOfHost-Pko] [20:32:50:54][AntiBlackout]みくろ => Crewmate
[Info   :TownOfHost-Pko] [20:32:50:54][AntiBlackout]伝カロちゃん => Crewmate
[Info   :TownOfHost-Pko] [20:32:50:54][LateTask]"LateAntiBlackoutSet"is end
[Info   :TownOfHost-Pko] [20:32:52:55][Phase]------------会議終了------------
[Info   :TownOfHost-Pko] [20:32:58:74][AntiBlackout]RestoreIsDead is called from WrapUpPostfix
[Info   :TownOfHost-Pko] [20:32:58:74][CountAlivePlayers]Crew:5/5, Impostor:2/2, Jackal:1/1, All:8/8
[Info   :TownOfHost-Pko] [20:32:58:75][LateTask]"ResetInfectInactiveTime" is created
[Info   :TownOfHost-Pko] [20:32:58:75][RpcResetAbilityCooldown]アビリティクールダウンのリセット:みくろ(7)
[Info   :TownOfHost-Pko] [20:32:58:75][LateTask]"ShowChatAfterMeeting" is created
[Info   :TownOfHost-Pko] [20:32:58:75][LateTask]"Restore IsDead Task" is created
[Info   :TownOfHost-Pko] [20:32:58:75][LateTask]"AfterMeetingDeathPlayers Task" is created
[Info   :TownOfHost-Pko] [20:32:58:76][LateTask]"Tuihoufin" is created
[Info   :TownOfHost-Pko] [20:32:59:23][LateTask]"ShowChatAfterMeeting"is finished
[Info   :TownOfHost-Pko] [20:32:59:23][LateTask]"Restore IsDead Task"is finished
[Info   :TownOfHost-Pko] [20:32:59:25][UpdateSystem]SystemType: Laboratory, PlayerName: Rの名無しさん(ネコカボチャ), amount: 128
[Info   :TownOfHost-Pko] [20:32:59:25][LateTask]"Fix Reactor" is created
[Info   :TownOfHost-Pko] [20:32:59:25][RpcResetAbilityCooldown]アビリティクールダウンのリセット:Rの名無しさん(0)
[Info   :TownOfHost-Pko] [20:32:59:25][RpcResetAbilityCooldown]アビリティクールダウンのリセット:ひとつここの(1)
[Info   :TownOfHost-Pko] [20:32:59:25][RpcResetAbilityCooldown]アビリティクールダウンのリセット:あそこらgrass(2)
[Info   :TownOfHost-Pko] [20:32:59:26][RpcResetAbilityCooldown]アビリティクールダウンのリセット:マリエルちゃん(3)
[Info   :TownOfHost-Pko] [20:32:59:26][RpcResetAbilityCooldown]アビリティクールダウンのリセット:グラサンマン(4)
[Info   :TownOfHost-Pko] [20:32:59:26][RpcResetAbilityCooldown]アビリティクールダウンのリセット:5号(6)
[Info   :TownOfHost-Pko] [20:32:59:26][RpcResetAbilityCooldown]アビリティクールダウンのリセット:みくろ(7)
[Info   :TownOfHost-Pko] [20:32:59:26][RpcResetAbilityCooldown]アビリティクールダウンのリセット:伝カロちゃん(5)
[Info   :TownOfHost-Pko] [20:32:59:26][Phase]タスクフェイズ開始
[Info   :TownOfHost-Pko] [20:32:59:26][LateTask]"AfterMeetingDeathPlayers Task"is finished
[Info   :TownOfHost-Pko] [20:32:59:33][LateTask]"AfterMeetingDeathPlayer"is end
[Info   :TownOfHost-Pko] [20:32:59:47][RpcResetAbilityCooldown]アビリティクールダウンのリセット:Rの名無しさん(0)
[Info   :TownOfHost-Pko] [20:32:59:47][RpcResetAbilityCooldown]アビリティクールダウンのリセット:ひとつここの(1)
[Info   :TownOfHost-Pko] [20:32:59:47][RpcResetAbilityCooldown]アビリティクールダウンのリセット:あそこらgrass(2)
[Info   :TownOfHost-Pko] [20:32:59:47][RpcResetAbilityCooldown]アビリティクールダウンのリセット:マリエルちゃん(3)
[Info   :TownOfHost-Pko] [20:32:59:47][RpcResetAbilityCooldown]アビリティクールダウンのリセット:グラサンマン(4)
[Info   :TownOfHost-Pko] [20:32:59:47][RpcResetAbilityCooldown]アビリティクールダウンのリセット:5号(6)
[Info   :TownOfHost-Pko] [20:32:59:47][RpcResetAbilityCooldown]アビリティクールダウンのリセット:みくろ(7)
[Info   :TownOfHost-Pko] [20:32:59:47][RpcResetAbilityCooldown]アビリティクールダウンのリセット:伝カロちゃん(5)
[Info   :TownOfHost-Pko] [20:32:59:53][UpdateSystem]SystemType: Laboratory, PlayerName: Rの名無しさん(ネコカボチャ), amount: 16
[Info   :TownOfHost-Pko] [20:32:59:53][LateTask]"Fix Reactor"is finished
[Info   :TownOfHost-Pko] [20:32:59:68][MurderPlayer]Rの名無しさん(ネコカボチャ) => Rの名無しさん(ネコカボチャ) (FailedProtected)
[Info   :TownOfHost-Pko] [20:33:01:97][LateTask]"Tuihoufin"is finished
[Info   :TownOfHost-Pko] [20:33:03:12][SabotageSystemType]PlayerName: マリエルちゃん(ペスト医師), SabotageType: Comms
[Info   :TownOfHost-Pko] [20:33:04:19][SabotageSystemType]PlayerName: マリエルちゃん(ペスト医師), SabotageType: Comms
[Info   :TownOfHost-Pko] [20:33:07:42][SabotageSystemType]PlayerName: マリエルちゃん(ペスト医師), SabotageType: Laboratory
[Info   :TownOfHost-Pko] [20:33:08:74][PlagueDoctor]InfectActive
[Info   :TownOfHost-Pko] [20:33:08:74][LateTask]"ResetInfectInactiveTime"is finished
[Info   :TownOfHost-Pko] [20:33:11:21][PetActionPatch]ひとつここの がペットを撫でた
[Info   :TownOfHost-Pko] [20:33:11:27][SmokeMaker]ひとつここの がスモークダミーを設置: (17.10, -0.75)
[Info   :TownOfHost-Pko] [20:33:11:27][PetActionPatch]ひとつここの のOnPet実行
[Error  :Il2CppInterop] During invoking native->managed trampoline
Exception: System.NullReferenceException: Object reference not set to an instance of an object.
   at TownOfHost.ExtendedPlayerControl.GetSubRoleName(PlayerControl player)
   at TownOfHost.ExtendedPlayerControl.GetAllRoleName(PlayerControl player)
   at TownOfHost.UtilsName.GetNameWithRole(PlayerControl player)
   at TownOfHost.ShapeshiftPatch.Prefix(PlayerControl __instance, PlayerControl target, Boolean animate)
   at DMD<PlayerControl::Shapeshift>(PlayerControl this, PlayerControl targetPlayer, Boolean animate)
   at (il2cpp -> managed) Shapeshift(IntPtr , IntPtr , Byte , Il2CppMethodInfo* )
[Info   :TownOfHost-Pko] [20:33:13:76][OnCheckMurderAsKiller]InfectRate[5号(キューピッド)]:50.333187%
[Info   :TownOfHost-Pko] [20:33:13:76][OnCheckMurderAsKiller]InfectRate[みくろ(ブーストライター)]:50.333187%
[Info   :TownOfHost-Pko] [20:33:14:21][PetActionPatch]ひとつここの がペットを撫でた
[Info   :TownOfHost-Pko] [20:33:14:21][PetActionPatch]ひとつここの のOnPet実行
[Info   :TownOfHost-Pko] [20:33:16:68][UpdateSystem]SystemType: Doors, PlayerName: Rの名無しさん(ネコカボチャ), amount: 74
[Info   :TownOfHost-Pko] [20:33:20:33][SabotageSystemType]PlayerName: マリエルちゃん(ペスト医師), SabotageType: Laboratory
[Info   :TownOfHost-Pko] [20:33:21:14][PhantomButton]Use:ひとつここの
[Info   :TownOfHost-Pko] [20:33:21:21][RpcResetAbilityCooldown]アビリティクールダウンのリセット:ひとつここの(1)
[Error  :Il2CppInterop] During invoking native->managed trampoline
Exception: System.NullReferenceException: Object reference not set to an instance of an object.
   at TownOfHost.ExtendedPlayerControl.GetSubRoleName(PlayerControl player)
   at TownOfHost.ExtendedPlayerControl.GetAllRoleName(PlayerControl player)
   at TownOfHost.UtilsName.GetNameWithRole(PlayerControl player)
   at TownOfHost.ShapeshiftPatch.Prefix(PlayerControl __instance, PlayerControl target, Boolean animate)
   at DMD<PlayerControl::Shapeshift>(PlayerControl this, PlayerControl targetPlayer, Boolean animate)
   at (il2cpp -> managed) Shapeshift(IntPtr , IntPtr , Byte , Il2CppMethodInfo* )
[Info   :TownOfHost-Pko] [20:33:24:90][CompleteTask]TaskComplete:あそこらgrass(神) 1
[Info   :TownOfHost-Pko] [20:33:24:90][TaskState.Update]あそこらgrass(神): UpdateTask
[Info   :TownOfHost-Pko] [20:33:24:90][TaskState.Update]TotalTaskCounts = 3/18
[Info   :TownOfHost-Pko] [20:33:24:90][TaskState.Update]あそこらgrass(神): TaskCounts = 3/5
[Info   :TownOfHost-Pko] [20:33:24:90][TaskState.Update]TotalTaskCounts = 2/18
[Info   :TownOfHost-Pko] [20:33:30:30][CompleteTask]TaskComplete:みくろ(ブーストライター) 0
[Info   :TownOfHost-Pko] [20:33:30:30][TaskState.Update]みくろ(ブーストライター): UpdateTask
[Info   :TownOfHost-Pko] [20:33:30:30][TaskState.Update]TotalTaskCounts = 3/18
[Info   :TownOfHost-Pko] [20:33:30:30][TaskState.Update]みくろ(ブーストライター): TaskCounts = 1/9
[Info   :TownOfHost-Pko] [20:33:30:31][TaskState.Update]TotalTaskCounts = 3/18
[Info   :TownOfHost-Pko] [20:33:33:15][CheckMurder]Attempt  :5号(キューピッド) => みくろ(ブーストライター)
[Info   :TownOfHost-Pko] [20:33:33:15][CheckMurder]5号(キューピッド)はキルしない。
[Info   :TownOfHost-Pko] [20:33:33:15][MurderPlayer]5号(キューピッド) => みくろ(ブーストライター) (FailedError, DecisionByHost)
[Info   :TownOfHost-Pko] [20:33:33:15][MurderPlayer]キルはホストによってキャンセルされました
[Info   :TownOfHost-Pko] [20:33:34:75][MurderPlayer]Rの名無しさん(ネコカボチャ) => 伝カロちゃん(ジャッカル) (FailedProtected)
[Info   :TownOfHost-Pko] [20:33:34:75][MurderPlayer]Rの名無しさん(ネコカボチャ) => Rの名無しさん(ネコカボチャ)(Protected) (FailedProtected)
[Info   :TownOfHost-Pko] [20:33:34:76][PlayerControl.RpcSetRole]Rの名無しさん(ジャッカルドール) => Crewmate
[Info   :TownOfHost-Pko] [20:33:34:77][RpcResetAbilityCooldown]アビリティクールダウンのリセット:Rの名無しさん(0)
[Info   :TownOfHost-Pko] [20:33:34:78][PlayerControl.RpcSetRole]Rの名無しさん(ジャッカルドール) => Crewmate
[Info   :TownOfHost-Pko] [20:33:34:78][PhantomButton]Use:伝カロちゃん
[Info   :TownOfHost-Pko] [20:33:34:78][CountAliveImpostors]生存しているインポスター:1人
[Info   :TownOfHost-Pko] [20:33:34:78][CountAliveNeutral]生存しているニュートラル:5人
[Info   :TownOfHost-Pko] [20:33:34:98][MurderPlayer]Rの名無しさん(ジャッカルドール) => Rの名無しさん(ジャッカルドール)(Protected) (FailedProtected)
[Info   :TownOfHost-Pko] [20:33:37:37][SabotageSystemType]PlayerName: ひとつここの(スモークメーカー), SabotageType: Laboratory
[Info   :TownOfHost-Pko] [20:33:37:37][UpdateSystem]SystemType: Laboratory, PlayerName: ひとつここの(スモークメーカー), amount: 128
[Info   :TownOfHost-Pko] [20:33:37:51][SabotageSystemType]PlayerName: ひとつここの(スモークメーカー), SabotageType: Laboratory
[Info   :TownOfHost-Pko] [20:33:37:84][CompleteTask]TaskComplete:グラサンマン(シーア) 3
[Info   :TownOfHost-Pko] [20:33:37:84][TaskState.Update]グラサンマン(シーア): UpdateTask
[Info   :TownOfHost-Pko] [20:33:37:84][TaskState.Update]TotalTaskCounts = 4/18
[Info   :TownOfHost-Pko] [20:33:37:84][TaskState.Update]グラサンマン(シーア): TaskCounts = 3/9
[Info   :TownOfHost-Pko] [20:33:37:85][TaskState.Update]TotalTaskCounts = 4/18
[Info   :TownOfHost-Pko] [20:33:40:76][OnCheckMurderAsKiller]InfectRate[Rの名無しさん(ジャッカルドール)]:50.333187%
[Info   :TownOfHost-Pko] [20:33:41:43][CheckMurder]Attempt  :ひとつここの(スモークメーカー) => あそこらgrass(神)
[Info   :TownOfHost-Pko] [20:33:41:43][MurderPlayer]ひとつここの(スモークメーカー) => あそこらgrass(神) (Succeeded, DecisionByHost)
[Info   :TownOfHost-Pko] [20:33:41:44][PlayerControl.RpcSetRole]あそこらgrass(神) => CrewmateGhost
[Info   :TownOfHost-Pko] [20:33:41:45][MurderPlayer]Real Killer=ひとつここの(スモークメーカー)
[Info   :TownOfHost-Pko] [20:33:41:47][CountAliveNeutral]生存しているニュートラル:4人
[Info   :TownOfHost-Pko] [20:33:41:47][CountAlivePlayers]Crew:4/5, Impostor:1/1, Jackal:2/2, All:7/8
[Info   :TownOfHost-Pko] [20:33:41:48][LateTask]"RemoveKillFlash" is created
[Info   :TownOfHost-Pko] [20:33:41:58][CheckMurder]Attempt  :ひとつここの(スモークメーカー) => あそこらgrass(神)
[Info   :TownOfHost-Pko] [20:33:41:58][CheckMurder]targetは既に死んでいたため、キルをキャンセルしました。
[Info   :TownOfHost-Pko] [20:33:41:58][MurderPlayer]ひとつここの(スモークメーカー) => あそこらgrass(神) (FailedError, DecisionByHost)
[Info   :TownOfHost-Pko] [20:33:41:58][MurderPlayer]キルはホストによってキャンセルされました
[Info   :TownOfHost-Pko] [20:33:41:71][LateTask]"RemoveKillFlash"is finished
[Info   :TownOfHost-Pko] [20:33:46:45][OnCheckMurderAsKiller]InfectRate[Rの名無しさん(ジャッカルドール)]:100%
[Info   :TownOfHost-Pko] [20:33:48:35][OnCheckMurderAsKiller]InfectRate[みくろ(ブーストライター)]:100%
[Info   :TownOfHost-Pko] [20:33:49:17][CheckMurder]Attempt  :5号(キューピッド) => Rの名無しさん(ジャッカルドール)
[Info   :TownOfHost-Pko] [20:33:49:19][MurderPlayer]Rの名無しさん(ジャッカルドール + キューピッドラバーズ) => Rの名無しさん(ジャッカルドール + キューピッドラバーズ)(Protected) (FailedProtected)
[Info   :TownOfHost-Pko] [20:33:49:20][CheckMurder]5号(キューピッド)はキルしない。
[Info   :TownOfHost-Pko] [20:33:49:20][MurderPlayer]5号(キューピッド) => Rの名無しさん(ジャッカルドール + キューピッドラバーズ)(Protected) (FailedError, DecisionByHost)
[Info   :TownOfHost-Pko] [20:33:49:20][MurderPlayer]キルはホストによってキャンセルされました
[Info   :TownOfHost-Pko] [20:33:49:28][SetName]名前変更:Rの名無しさん(ジャッカルドール + キューピッドラバーズ) => <align="left"><#FF9631>【===== システムメッセージ ======】</color>\n<size=70%><#ffffff><#6b2fbcff>5号</color>に指名されました。あなたはキューピッドラバーズになりました。
[Info   :TownOfHost-Pko] [20:33:49:29][ReceiveChat]○Rの名無しさん(ジャッカルドール + キューピッドラバーズ): 
[Info   :TownOfHost-Pko] [20:33:49:29][SetName]名前変更:Rの名無しさん(ジャッカルドール + キューピッドラバーズ) => Rの名無しさん
[Info   :TownOfHost-Pko] [20:33:49:37][CheckMurder]Attempt  :5号(キューピッド) => Rの名無しさん(ジャッカルドール + キューピッドラバーズ)
[Info   :TownOfHost-Pko] [20:33:49:37][CheckMurder]前回のキルからの時間が早すぎるため、キルをブロックしました。0.19840762 < 0.45599997
[Info   :TownOfHost-Pko] [20:33:49:37][MurderPlayer]5号(キューピッド) => Rの名無しさん(ジャッカルドール + キューピッドラバーズ)(Protected) (FailedError, DecisionByHost)
[Info   :TownOfHost-Pko] [20:33:49:37][MurderPlayer]キルはホストによってキャンセルされました
[Info   :TownOfHost-Pko] [20:33:50:27][OnCheckMurderAsKiller]InfectRate[5号(キューピッド)]:100%
[Info   :TownOfHost-Pko] [20:33:50:54][ReceiveChat]あそこらgrass(神):うわ
[Info   :TownOfHost-Pko] [20:34:04:10][CheckMurder]Attempt  :マリエルちゃん(ペスト医師) => みくろ(ブーストライター + キューピッドラバーズ)
[Info   :TownOfHost-Pko] [20:34:04:10][CheckMurder]マリエルちゃん(ペスト医師)はKillできないので、キルはキャンセルされました。
[Info   :TownOfHost-Pko] [20:34:04:10][MurderPlayer]マリエルちゃん(ペスト医師) => みくろ(ブーストライター + キューピッドラバーズ) (FailedError, DecisionByHost)
[Info   :TownOfHost-Pko] [20:34:04:10][MurderPlayer]キルはホストによってキャンセルされました
[Info   :TownOfHost-Pko] [20:34:04:23][CompleteTask]TaskComplete:あそこらgrass(神) 2
[Info   :TownOfHost-Pko] [20:34:04:23][TaskState.Update]あそこらgrass(神): UpdateTask
[Info   :TownOfHost-Pko] [20:34:04:23][TaskState.Update]TotalTaskCounts = 4/9
[Info   :TownOfHost-Pko] [20:34:04:23][TaskState.Update]あそこらgrass(神): TaskCounts = 4/5
[Info   :TownOfHost-Pko] [20:34:04:24][TaskState.Update]TotalTaskCounts = 3/9
[Info   :TownOfHost-Pko] [20:34:05:40][CheckMurder]Attempt  :マリエルちゃん(ペスト医師) => みくろ(ブーストライター + キューピッドラバーズ)
[Info   :TownOfHost-Pko] [20:34:05:40][CheckMurder]マリエルちゃん(ペスト医師)はKillできないので、キルはキャンセルされました。
[Info   :TownOfHost-Pko] [20:34:05:40][MurderPlayer]マリエルちゃん(ペスト医師) => みくろ(ブーストライター + キューピッドラバーズ) (FailedError, DecisionByHost)
[Info   :TownOfHost-Pko] [20:34:05:40][MurderPlayer]キルはホストによってキャンセルされました
[Info   :TownOfHost-Pko] [20:34:09:18][ReportDeadBody]伝カロちゃん(ジャッカル) => あそこらgrass(神)
[Info   :TownOfHost-Pko] [20:34:09:19][LateTask]"SetSkin" is created
[Info   :TownOfHost-Pko] [20:34:09:52][LateTask]"SetSkin"is finished
[Info   :TownOfHost-Pko] [20:34:09:76][InnerNetClient]SendOrDisconnectPatch:Large Packet(1003) ,SendOption:None
[Info   :TownOfHost-Pko] [20:34:09:80][MeetingTimeManager.OnReportDeadBody]DiscussionTime:0, VotingTime240
[Info   :TownOfHost-Pko] [20:34:09:80][UpdateSystem]SystemType: Laboratory, PlayerName: Rの名無しさん(ジャッカルドール + キューピッドラバーズ), amount: 16
[Info   :TownOfHost-Pko] [20:34:09:80][UpdateSystem]SystemType: Reactor, PlayerName: Rの名無しさん(ジャッカルドール + キューピッドラバーズ), amount: 16
[Info   :TownOfHost-Pko] [20:34:09:80][UpdateSystem]SystemType: LifeSupp, PlayerName: Rの名無しさん(ジャッカルドール + キューピッドラバーズ), amount: 16
[Info   :TownOfHost-Pko] [20:34:09:91][Phase]------------会議開始　day:2------------
[Info   :TownOfHost-Pko] [20:34:09:93][PetActionPatch]あそこらgrass が死亡したのでペットを外しました
[Info   :TownOfHost-Pko] [20:34:12:76][LateTask]"sendroleinfo" is created
[Info   :TownOfHost-Pko] [20:34:13:34][ReceiveChat]5号(キューピッド):どこ
[Info   :TownOfHost-Pko] [20:34:13:74][LateTask]"sendroleinfo"is finished
[Info   :TownOfHost-Pko] [20:34:16:21][ReceiveChat]ひとつここの(スモークメーカー):どこ
[Info   :TownOfHost-Pko] [20:34:18:13][SendChat]どこ
[Info   :TownOfHost-Pko] [20:34:20:53][ReceiveChat]グラサンマン(シーア):すまんよばれた
[Info   :TownOfHost-Pko] [20:34:22:87][ReceiveChat]伝カロちゃん(ジャッカル):オフィス左側入り口中
[Info   :TownOfHost-Pko] [20:34:34:91][ReceiveChat]ひとつここの(スモークメーカー):いてら
[Info   :TownOfHost-Pko] [20:34:38:68][SendChat]おつ
[Info   :TownOfHost-Pko] [20:34:40:53][ReceiveChat]5号(キューピッド):ほう
[Info   :TownOfHost-Pko] [20:34:40:98][ReceiveChat]マリエルちゃん(ペスト医師):オフィスかぁ
[Info   :TownOfHost-Pko] [20:34:48:43][ReceiveChat]ひとつここの(スモークメーカー):ボタンの下くらい?
[Info   :TownOfHost-Pko] [20:34:54:20][ReceiveChat]伝カロちゃん(ジャッカル):うん
[Info   :TownOfHost-Pko] [20:35:01:54][ReceiveChat]ひとつここの(スモークメーカー):はー
[Info   :TownOfHost-Pko] [20:35:03:04][ReceiveChat]伝カロちゃん(ジャッカル):かなり入り口に寄ってる
[Info   :TownOfHost-Pko] [20:35:16:88][ReceiveChat]伝カロちゃん(ジャッカル):自分目線、ブルーとオレンジは白目かな
[Info   :TownOfHost-Pko] [20:35:16:97][ReceiveChat]マリエルちゃん(ペスト医師):サボ時標本室にいました
[Info   :TownOfHost-Pko] [20:35:28:15][ReceiveChat]みくろ(ブーストライター + キューピッドラバーズ):最終は右側サボ直してした降りてる途中です
[Info   :TownOfHost-Pko] [20:35:42:92][ReceiveChat]ひとつここの(スモークメーカー):左グラさんと直しました
[Info   :TownOfHost-Pko] [20:35:43:16][ReceiveChat]マリエルちゃん(ペスト医師):最終はみくろさんとほぼ同じ
[Info   :TownOfHost-Pko] [20:35:48:51][ReceiveChat]5号(キューピッド):最終は電気室で配線なおし終わったところ
[Info   :TownOfHost-Pko] [20:36:13:88][SendChat]最終通信右
[Info   :TownOfHost-Pko] [20:36:22:43][ReceiveChat]ひとつここの(スモークメーカー):最終カメラで5号と近い
[Info   :TownOfHost-Pko] [20:36:28:84][ReceiveChat]5号(キューピッド):です
[Info   :TownOfHost-Pko] [20:36:30:88][ReceiveChat]伝カロちゃん(ジャッカル):ふーむ
[Info   :TownOfHost-Pko] [20:36:33:68][ReceiveChat]5号(キューピッド):/myrole
[Info   :TownOfHost-Pko] [20:36:42:83][ReceiveChat]マリエルちゃん(ペスト医師):グラサンマンが近くにいた覚えがある
[Info   :TownOfHost-Pko] [20:36:54:46][ReceiveChat]マリエルちゃん(ペスト医師):/my role
[Info   :TownOfHost-Pko] [20:37:07:27][ReceiveChat]ひとつここの(スモークメーカー):ちなみにこれって
[Info   :TownOfHost-Pko] [20:37:12:83][ReceiveChat]マリエルちゃん(ペスト医師):/myrole
[Info   :TownOfHost-Pko] [20:37:18:23][ReceiveChat]伝カロちゃん(ジャッカル):ん
[Info   :TownOfHost-Pko] [20:37:28:74][ReceiveChat]ひとつここの(スモークメーカー):インポとジャッカルどっちのキルとかってわかるの?
[Info   :TownOfHost-Pko] [20:37:35:69][ReceiveChat]5号(キューピッド):どうだろ
[Info   :TownOfHost-Pko] [20:37:39:78][SendChat]わからない
[Info   :TownOfHost-Pko] [20:37:43:39][ReceiveChat]伝カロちゃん(ジャッカル):わからないらず
[Info   :TownOfHost-Pko] [20:37:47:57][ReceiveChat]ひとつここの(スモークメーカー):おけありがとう
[Info   :TownOfHost-Pko] [20:37:54:72][ReceiveChat]伝カロちゃん(ジャッカル):どちらとも通常キルならキルって表示される
[Info   :TownOfHost-Pko] [20:38:01:65][ReceiveChat]マリエルちゃん(ペスト医師):溶けてたらバイパーぐらいしか判別手段なさそう
[Info   :TownOfHost-Pko] [20:38:08:74][ReceiveChat]ひとつここの(スモークメーカー):わかった
[Info   :TownOfHost-Pko] [20:38:09:43][MeetingVoteManager]投票: 5号(キューピッド) => Skip x 1 
[Info   :TownOfHost-Pko] [20:38:10:31][MeetingVoteManager]投票: ひとつここの(スモークメーカー) => Skip x 1 
[Info   :TownOfHost-Pko] [20:38:12:95][MeetingVoteManager]投票: みくろ(ブーストライター + キューピッドラバーズ) => Skip x 1 
[Info   :TownOfHost-Pko] [20:38:13:70][MeetingVoteManager]投票: Rの名無しさん(ジャッカルドール + キューピッドラバーズ) => 伝カロちゃん(ジャッカル) x 1 
[Info   :TownOfHost-Pko] [20:38:15:33][MeetingVoteManager]投票: マリエルちゃん(ペスト医師) => Skip x 1 
[Info   :TownOfHost-Pko] [20:38:15:47][MeetingVoteManager]投票: 伝カロちゃん(ジャッカル) => Skip x 1 
[Warning:TownOfHost-Pko] [20:38:17:05][GetCustomRole]TownOfHost.Modules.MeetingVoteManager.CountVotesがCustomRoleを取得しようとしましたが、対象がnullでした。
[Info   :TownOfHost-Pko] [20:38:17:05][VoteCount]伝カロちゃん => 1
[Info   :TownOfHost-Pko] [20:38:17:05][VoteCount]スキップ => 5
[Info   :TownOfHost-Pko] [20:38:17:05][MeetingVoteManager]最多得票者: Skip
[Info   :TownOfHost-Pko] [20:38:17:05][MeetingVoteManager]追放者: スキップ で会議を終了します
[Info   :TownOfHost-Pko] [20:38:21:02][AntiBlackout]SetIsDead is called from EndMeeting
[Info   :TownOfHost-Pko] [20:38:21:02][AntiBlackout]SendGameData is called from SetIsDead
[Info   :TownOfHost-Pko] [20:38:21:03][AntiBlackout]Rの名無しさん => Impostor
[Info   :TownOfHost-Pko] [20:38:21:03][AntiBlackout]ひとつここの => Crewmate
[Info   :TownOfHost-Pko] [20:38:21:03][AntiBlackout]あそこらgrass => Crewmate
[Info   :TownOfHost-Pko] [20:38:21:03][AntiBlackout]マリエルちゃん => Crewmate
[Info   :TownOfHost-Pko] [20:38:21:03][AntiBlackout]グラサンマン => Crewmate
[Info   :TownOfHost-Pko] [20:38:21:03][AntiBlackout]5号 => Crewmate
[Info   :TownOfHost-Pko] [20:38:21:03][AntiBlackout]みくろ => Crewmate
[Info   :TownOfHost-Pko] [20:38:21:03][AntiBlackout]伝カロちゃん => Crewmate
[Info   :TownOfHost-Pko] [20:38:21:03][LateTask]"LateAntiBlackoutSet"is end
[Info   :TownOfHost-Pko] [20:38:23:08][Phase]------------会議終了------------
[Info   :TownOfHost-Pko] [20:38:29:25][AntiBlackout]RestoreIsDead is called from WrapUpPostfix
[Info   :TownOfHost-Pko] [20:38:29:25][CountAlivePlayers]Crew:4/5, Impostor:1/1, Jackal:2/2, All:7/8
[Info   :TownOfHost-Pko] [20:38:29:25][LateTask]"ResetInfectInactiveTime" is created
[Info   :TownOfHost-Pko] [20:38:29:25][RpcResetAbilityCooldown]アビリティクールダウンのリセット:みくろ(7)
[Info   :TownOfHost-Pko] [20:38:29:26][LateTask]"ShowChatAfterMeeting" is created
[Info   :TownOfHost-Pko] [20:38:29:26][LateTask]"Restore IsDead Task" is created
[Info   :TownOfHost-Pko] [20:38:29:26][LateTask]"AfterMeetingDeathPlayers Task" is created
[Info   :TownOfHost-Pko] [20:38:29:28][LateTask]"Tuihoufin" is created
[Info   :TownOfHost-Pko] [20:38:29:74][LateTask]"ShowChatAfterMeeting"is finished
[Info   :TownOfHost-Pko] [20:38:29:74][LateTask]"Restore IsDead Task"is finished
[Info   :TownOfHost-Pko] [20:38:29:76][UpdateSystem]SystemType: Laboratory, PlayerName: Rの名無しさん(ジャッカルドール + キューピッドラバーズ), amount: 128
[Info   :TownOfHost-Pko] [20:38:29:76][LateTask]"Fix Reactor" is created
[Info   :TownOfHost-Pko] [20:38:29:76][RpcResetAbilityCooldown]アビリティクールダウンのリセット:Rの名無しさん(0)
[Info   :TownOfHost-Pko] [20:38:29:77][RpcResetAbilityCooldown]アビリティクールダウンのリセット:ひとつここの(1)
[Info   :TownOfHost-Pko] [20:38:29:77][RpcResetAbilityCooldown]アビリティクールダウンのリセット:あそこらgrass(2)
[Info   :TownOfHost-Pko] [20:38:29:77][RpcResetAbilityCooldown]アビリティクールダウンのリセット:マリエルちゃん(3)
[Info   :TownOfHost-Pko] [20:38:29:77][RpcResetAbilityCooldown]アビリティクールダウンのリセット:グラサンマン(4)
[Info   :TownOfHost-Pko] [20:38:29:77][RpcResetAbilityCooldown]アビリティクールダウンのリセット:5号(6)
[Info   :TownOfHost-Pko] [20:38:29:77][RpcResetAbilityCooldown]アビリティクールダウンのリセット:みくろ(7)
[Info   :TownOfHost-Pko] [20:38:29:77][RpcResetAbilityCooldown]アビリティクールダウンのリセット:伝カロちゃん(5)
[Info   :TownOfHost-Pko] [20:38:29:77][Phase]タスクフェイズ開始
[Info   :TownOfHost-Pko] [20:38:29:77][LateTask]"AfterMeetingDeathPlayers Task"is finished
[Info   :TownOfHost-Pko] [20:38:29:85][LateTask]"AfterMeetingDeathPlayer"is end
[Info   :TownOfHost-Pko] [20:38:29:98][RpcResetAbilityCooldown]アビリティクールダウンのリセット:Rの名無しさん(0)
[Info   :TownOfHost-Pko] [20:38:29:99][RpcResetAbilityCooldown]アビリティクールダウンのリセット:ひとつここの(1)
[Info   :TownOfHost-Pko] [20:38:29:99][RpcResetAbilityCooldown]アビリティクールダウンのリセット:あそこらgrass(2)
[Info   :TownOfHost-Pko] [20:38:29:99][RpcResetAbilityCooldown]アビリティクールダウンのリセット:マリエルちゃん(3)
[Info   :TownOfHost-Pko] [20:38:29:99][RpcResetAbilityCooldown]アビリティクールダウンのリセット:グラサンマン(4)
[Info   :TownOfHost-Pko] [20:38:29:99][RpcResetAbilityCooldown]アビリティクールダウンのリセット:5号(6)
[Info   :TownOfHost-Pko] [20:38:29:99][RpcResetAbilityCooldown]アビリティクールダウンのリセット:みくろ(7)
[Info   :TownOfHost-Pko] [20:38:29:99][RpcResetAbilityCooldown]アビリティクールダウンのリセット:伝カロちゃん(5)
[Info   :TownOfHost-Pko] [20:38:30:05][UpdateSystem]SystemType: Laboratory, PlayerName: Rの名無しさん(ジャッカルドール + キューピッドラバーズ), amount: 16
[Info   :TownOfHost-Pko] [20:38:30:05][LateTask]"Fix Reactor"is finished
[Info   :TownOfHost-Pko] [20:38:30:20][MurderPlayer]Rの名無しさん(ジャッカルドール + キューピッドラバーズ) => Rの名無しさん(ジャッカルドール + キューピッドラバーズ) (FailedProtected)
[Info   :TownOfHost-Pko] [20:38:32:47][LateTask]"Tuihoufin"is finished
[Info   :TownOfHost-Pko] [20:38:39:24][PlagueDoctor]InfectActive
[Info   :TownOfHost-Pko] [20:38:39:24][LateTask]"ResetInfectInactiveTime"is finished
[Info   :TownOfHost-Pko] [20:38:42:76][OnCheckMurderAsKiller]InfectRate[グラサンマン(シーア)]:50.333187%
[Info   :TownOfHost-Pko] [20:38:44:91][CompleteTask]TaskComplete:あそこらgrass(神) 0
[Info   :TownOfHost-Pko] [20:38:44:91][TaskState.Update]あそこらgrass(神): UpdateTask
[Info   :TownOfHost-Pko] [20:38:44:91][TaskState.Update]TotalTaskCounts = 4/9
[Info   :TownOfHost-Pko] [20:38:44:91][TaskState.Update]あそこらgrass(神): TaskCounts = 5/5
[Info   :TownOfHost-Pko] [20:38:44:91][TaskState.Update]TotalTaskCounts = 3/9
[Info   :TownOfHost-Pko] [20:38:45:52][OnCheckMurderAsKiller]InfectRate[グラサンマン(シーア)]:100%
[Info   :TownOfHost-Pko] [20:38:50:34][CompleteTask]TaskComplete:みくろ(ブーストライター + キューピッドラバーズ) 5
[Info   :TownOfHost-Pko] [20:38:50:34][TaskState.Update]みくろ(ブーストライター + キューピッドラバーズ): UpdateTask
[Info   :TownOfHost-Pko] [20:38:50:34][TaskState.Update]TotalTaskCounts = 4/9
[Info   :TownOfHost-Pko] [20:38:50:34][TaskState.Update]みくろ(ブーストライター + キューピッドラバーズ): TaskCounts = 2/9
[Info   :TownOfHost-Pko] [20:38:50:34][TaskState.Update]TotalTaskCounts = 3/9
[Info   :TownOfHost-Pko] [20:38:54:24][PetActionPatch]ひとつここの がペットを撫でた
[Info   :TownOfHost-Pko] [20:38:54:26][SmokeMaker]ひとつここの がスモークダミーを設置: (17.31, -1.04)
[Info   :TownOfHost-Pko] [20:38:54:26][PetActionPatch]ひとつここの のOnPet実行
[Error  :Il2CppInterop] During invoking native->managed trampoline
Exception: System.NullReferenceException: Object reference not set to an instance of an object.
   at TownOfHost.ExtendedPlayerControl.GetSubRoleName(PlayerControl player)
   at TownOfHost.ExtendedPlayerControl.GetAllRoleName(PlayerControl player)
   at TownOfHost.UtilsName.GetNameWithRole(PlayerControl player)
   at TownOfHost.ShapeshiftPatch.Prefix(PlayerControl __instance, PlayerControl target, Boolean animate)
   at DMD<PlayerControl::Shapeshift>(PlayerControl this, PlayerControl targetPlayer, Boolean animate)
   at (il2cpp -> managed) Shapeshift(IntPtr , IntPtr , Byte , Il2CppMethodInfo* )
[Info   :TownOfHost-Pko] [20:39:01:29][CheckMurder]Attempt  :伝カロちゃん(ジャッカル) => グラサンマン(シーア)
[Info   :TownOfHost-Pko] [20:39:01:29][MurderPlayer]伝カロちゃん(ジャッカル) => グラサンマン(シーア) (Succeeded, DecisionByHost)
[Info   :TownOfHost-Pko] [20:39:01:30][PlayerControl.RpcSetRole]グラサンマン(シーア) => CrewmateGhost
[Info   :TownOfHost-Pko] [20:39:01:30][MurderPlayer]Real Killer=伝カロちゃん(ジャッカル)
[Info   :TownOfHost-Pko] [20:39:01:31][CountAlivePlayers]Crew:3/5, Impostor:1/1, Jackal:2/2, All:6/8
[Info   :TownOfHost-Pko] [20:39:01:31][LateTask]"RemoveKillFlash" is created
[Info   :TownOfHost-Pko] [20:39:01:58][LateTask]"RemoveKillFlash"is finished
[Info   :TownOfHost-Pko] [20:39:03:33][PhantomButton]Use:ひとつここの
[Info   :TownOfHost-Pko] [20:39:03:41][RpcResetAbilityCooldown]アビリティクールダウンのリセット:ひとつここの(1)
[Error  :Il2CppInterop] During invoking native->managed trampoline
Exception: System.NullReferenceException: Object reference not set to an instance of an object.
   at TownOfHost.ExtendedPlayerControl.GetSubRoleName(PlayerControl player)
   at TownOfHost.ExtendedPlayerControl.GetAllRoleName(PlayerControl player)
   at TownOfHost.UtilsName.GetNameWithRole(PlayerControl player)
   at TownOfHost.ShapeshiftPatch.Prefix(PlayerControl __instance, PlayerControl target, Boolean animate)
   at DMD<PlayerControl::Shapeshift>(PlayerControl this, PlayerControl targetPlayer, Boolean animate)
   at (il2cpp -> managed) Shapeshift(IntPtr , IntPtr , Byte , Il2CppMethodInfo* )
[Info   :TownOfHost-Pko] [20:39:06:25][ReportDeadBody]Rの名無しさん(ジャッカルドール + キューピッドラバーズ) => null
[Info   :TownOfHost-Pko] [20:39:06:25][LateTask]"SetSkin" is created
[Info   :TownOfHost-Pko] [20:39:06:59][LateTask]"SetSkin"is finished
[Info   :TownOfHost-Pko] [20:39:06:82][MeetingTimeManager.OnReportDeadBody]DiscussionTime:0, VotingTime240
[Info   :TownOfHost-Pko] [20:39:06:82][UpdateSystem]SystemType: Laboratory, PlayerName: Rの名無しさん(ジャッカルドール + キューピッドラバーズ), amount: 16
[Info   :TownOfHost-Pko] [20:39:06:82][UpdateSystem]SystemType: Reactor, PlayerName: Rの名無しさん(ジャッカルドール + キューピッドラバーズ), amount: 16
[Info   :TownOfHost-Pko] [20:39:06:82][UpdateSystem]SystemType: LifeSupp, PlayerName: Rの名無しさん(ジャッカルドール + キューピッドラバーズ), amount: 16
[Info   :TownOfHost-Pko] [20:39:06:87][Phase]------------会議開始　day:3------------
[Info   :TownOfHost-Pko] [20:39:06:88][PetActionPatch]グラサンマン が死亡したのでペットを外しました
[Info   :TownOfHost-Pko] [20:39:07:77][ReceiveChat]あそこらgrass(神):あー
[Info   :TownOfHost-Pko] [20:39:09:82][LateTask]"sendroleinfo" is created
[Info   :TownOfHost-Pko] [20:39:10:81][LateTask]"sendroleinfo"is finished
[Info   :TownOfHost-Pko] [20:39:12:07][ReceiveChat]伝カロちゃん(ジャッカル):ん
[Info   :TownOfHost-Pko] [20:39:13:37][ReceiveChat]5号(キューピッド):OMG
[Info   :TownOfHost-Pko] [20:39:15:02][SendChat]ああ
[Info   :TownOfHost-Pko] [20:39:15:23][ReceiveChat]伝カロちゃん(ジャッカル):え？
[Info   :TownOfHost-Pko] [20:39:16:27][ReceiveChat]ひとつここの(スモークメーカー):???
[Info   :TownOfHost-Pko] [20:39:21:90][ReceiveChat]伝カロちゃん(ジャッカル):なんすかこれ
[Info   :TownOfHost-Pko] [20:39:22:53][ReceiveChat]5号(キューピッド):どこ
[Info   :TownOfHost-Pko] [20:39:25:60][ReceiveChat]あそこらgrass(神):動けねぇ
[Info   :TownOfHost-Pko] [20:39:26:70][ReceiveChat]グラサンマン(シーア):くそーようやく用事すませたのに
[Info   :TownOfHost-Pko] [20:39:28:06][ReceiveChat]マリエルちゃん(ペスト医師):なんてこった
[Info   :TownOfHost-Pko] [20:39:28:09][ReceiveChat]ひとつここの(スモークメーカー):なにこれ
[Info   :TownOfHost-Pko] [20:39:35:74][ReceiveChat]ひとつここの(スモークメーカー):投票してみるか
[Info   :TownOfHost-Pko] [20:39:38:86][ReceiveChat]グラサンマン(シーア):落ちますわ
[Info   :TownOfHost-Pko] [20:39:40:06][ReceiveChat]伝カロちゃん(ジャッカル):チャット表示されたから何かの緊急かと思った
[Info   :TownOfHost-Pko] [20:39:41:03][ReceiveChat]5号(キューピッド):？？？
[Info   :TownOfHost-Pko] [20:39:44:47][Session]グラサンマン(ClientID:474338)が切断(理由:ExitGame, ping:77), Platform:Switch , friendcode:waterjumpy#9451 , PuId:0002973123ba40b393e04f3bce3d09e7
[Info   :TownOfHost-Pko] [20:39:44:48][CustomWinner]RASACW Default =>? Crewmate, Call:TownOfHost.GameEndPredicate.CheckGameEndByTask
[Info   :TownOfHost-Pko] [20:39:44:48][CustomWinner]0 < 0
[Warning:TownOfHost-Pko] [20:39:44:48][GetCustomRole]TownOfHost.ExtendedPlayerControl.IsがCustomRoleを取得しようとしましたが、対象がnullでした。
[Info   :TownOfHost-Pko] [20:39:44:49][Winner]Crewmate (CrewmatesByTask)
[Info   :TownOfHost-Pko] [20:39:44:49][Winner]winnerteam:Crewmate (CrewmatesByTask)
[Info   :TownOfHost-Pko] [20:39:44:49][ResetRoleAndEndGame]Rの名無しさん(ジャッカルドール + キューピッドラバーズ): CrewmateGhostに変更
[Info   :TownOfHost-Pko] [20:39:44:49][PlayerControl.RpcSetRole]Rの名無しさん(ジャッカルドール + キューピッドラバーズ) => CrewmateGhost
[Info   :TownOfHost-Pko] [20:39:44:50][ResetRoleAndEndGame]ひとつここの(スモークメーカー): CrewmateGhostに変更
[Info   :TownOfHost-Pko] [20:39:44:50][PlayerControl.RpcSetRole]ひとつここの(スモークメーカー) => CrewmateGhost
[Info   :TownOfHost-Pko] [20:39:44:50][ResetRoleAndEndGame]あそこらgrass(神): CrewmateGhostに変更
[Info   :TownOfHost-Pko] [20:39:44:50][PlayerControl.RpcSetRole]あそこらgrass(神) => CrewmateGhost
[Info   :TownOfHost-Pko] [20:39:44:50][ResetRoleAndEndGame]マリエルちゃん(ペスト医師): CrewmateGhostに変更
[Info   :TownOfHost-Pko] [20:39:44:50][PlayerControl.RpcSetRole]マリエルちゃん(ペスト医師) => CrewmateGhost
[Info   :TownOfHost-Pko] [20:39:44:50][ResetRoleAndEndGame]5号(キューピッド): CrewmateGhostに変更
[Info   :TownOfHost-Pko] [20:39:44:50][PlayerControl.RpcSetRole]5号(キューピッド) => CrewmateGhost
[Info   :TownOfHost-Pko] [20:39:44:50][ResetRoleAndEndGame]みくろ(ブーストライター + キューピッドラバーズ): CrewmateGhostに変更
[Info   :TownOfHost-Pko] [20:39:44:50][PlayerControl.RpcSetRole]みくろ(ブーストライター + キューピッドラバーズ) => CrewmateGhost
[Info   :TownOfHost-Pko] [20:39:44:50][ResetRoleAndEndGame]伝カロちゃん(ジャッカル): CrewmateGhostに変更
[Info   :TownOfHost-Pko] [20:39:44:50][PlayerControl.RpcSetRole]伝カロちゃん(ジャッカル) => CrewmateGhost
[Info   :TownOfHost-Pko] [20:39:45:36][PreviousSession]前セッション記録: 8人
[Info   :TownOfHost-Pko] [20:39:45:39][Phase]-----------ゲーム終了-----------
[Info   :TownOfHost-Pko] [20:39:45:40][CustomRoleManager]Dispose ActiveRoles
[Info   :TownOfHost-Pko] [20:39:46:18][Phase]------------会議終了------------
[Info   :TownOfHost-Pko] [20:39:46:18][AntiBlackout]SetIsDead is called from Postfix
[Info   :TownOfHost-Pko] [20:39:46:18][AntiBlackout]SendGameData is called from SetIsDead
[Info   :TownOfHost-Pko] [20:39:58:50][TestBotManager]Canceled legacy SNR bot spawn.
[Info   :TownOfHost-Pko] [20:39:58:50][OnGameJoined]-1928552036に参加
[Info   :TownOfHost-Pko] [20:39:59:01][LateTask]"Welcome Meg" is created
[Info   :TownOfHost-Pko] [20:39:59:20][LateTask]"Welcome Meg" is created
[Info   :TownOfHost-Pko] [20:39:59:20][LateTask]"Welcome Meg" is created
[Info   :TownOfHost-Pko] [20:39:59:20][LateTask]"Welcome Meg" is created
[Info   :TownOfHost-Pko] [20:39:59:35][LateTask]"Welcome Meg" is created
[Info   :TownOfHost-Pko] [20:39:59:38][LateTask]"Welcome Meg" is created
[Info   :TownOfHost-Pko] [20:39:59:74][LateTask]"Welcome Meg" is created
[Info   :TownOfHost-Pko] [20:40:02:12][LateTask]"Welcome Meg"is finished
[Info   :TownOfHost-Pko] [20:40:02:13][LateTask]"Welcome Meg"is finished
[Info   :TownOfHost-Pko] [20:40:02:13][LateTask]"Welcome Meg"is finished
[Info   :TownOfHost-Pko] [20:40:02:13][LateTask]"Welcome Meg"is finished
[Info   :TownOfHost-Pko] [20:40:02:34][LateTask]"Welcome Meg"is finished
[Info   :TownOfHost-Pko] [20:40:02:37][LateTask]"Welcome Meg"is finished
[Info   :TownOfHost-Pko] [20:40:02:70][LateTask]"Welcome Meg"is finished
[Info   :TownOfHost-Pko] [20:40:02:77][ReceiveChat]伝カロちゃん:ん？？
[Info   :TownOfHost-Pko] [20:40:04:24][ReceiveChat]ひとつここの:???
[Info   :TownOfHost-Pko] [20:40:05:47][ReceiveChat]5号:何が起きたし
[Info   :TownOfHost-Pko] [20:40:05:68][ReceiveChat]あそこらgrass:なに
[Info   :TownOfHost-Pko] [20:40:07:09][SendChat]？？？？？？？？？？？
[Info   :TownOfHost-Pko] [20:40:08:37][ReceiveChat]ひとつここの:負けたし
[Info   :TownOfHost-Pko] [20:40:10:28][ReceiveChat]マリエルちゃん:いまのなに
[Info   :TownOfHost-Pko] [20:40:12:64][ReceiveChat]みくろ:なにがおきますたか
[Info   :TownOfHost-Pko] [20:40:13:77][ReceiveChat]伝カロちゃん:えっえ？
[Info   :TownOfHost-Pko] [20:40:19:52][SendChat]本当にわからない
[Info   :TownOfHost-Pko] [20:40:26:83][ReceiveChat]あそこらgrass:強制終了？
[Info   :TownOfHost-Pko] [20:40:33:73][ReceiveChat]ひとつここの:グラさんが抜けたの関係ある?
[Info   :TownOfHost-Pko] [20:40:35:10][ReceiveChat]伝カロちゃん:グラサンキルしてベント移動したら1秒後に突然チャットが
[Info   :TownOfHost-Pko] [20:40:39:84][ReceiveChat]あそこらgrass:グラサンが落ちたときに終わったから
[Info   :TownOfHost-Pko] [20:40:45:15][ReceiveChat]5号:もブブが落ちた瞬間負けた...
[Info   :TownOfHost-Pko] [20:40:55:30][ReceiveChat]伝カロちゃん:あっ
[Info   :TownOfHost-Pko] [20:40:56:92][ReceiveChat]ひとつここの:インポスターでした
[Info   :TownOfHost-Pko] [20:41:01:02][ReceiveChat]あそこらgrass:ちょっと見て欲しいものがある
[Info   :TownOfHost-Pko] [20:41:01:94][ReceiveChat]伝カロちゃん:ジャッカル
[Info   :TownOfHost-Pko] [20:41:08:96][ReceiveChat]伝カロちゃん:よていあるのでぬけ
[Error  :TownOfHost-Pko] [20:41:10:49][GetClientId]伝カロちゃんのclientがnull
[Info   :TownOfHost-Pko] [20:41:10:52][Session]伝カロちゃん(ClientID:474364)が切断(理由:ExitGame, ping:76), Platform:IPhone , friendcode:marshyshe#6403 , PuId:00021675f39941d0800649ec8742b168
[Info   :TownOfHost-Pko] [20:41:16:49][ReceiveChat]5号:キューピッドでした
[Info   :TownOfHost-Pko] [20:41:16:50][ReceiveChat]あそこらgrass:あとでディスコードに貼るから
[Info   :TownOfHost-Pko] [20:41:24:02][SendChat]インポからジャッカルドールになった
[Info   :TownOfHost-Pko] [20:41:30:62][SendChat]しかもラバーズ
[Info   :TownOfHost-Pko] [20:41:45:49][ReceiveChat]5号:ラバーズの効果は俺ですね
[Error  :TownOfHost-Pko] [20:41:51:59][GetClientId]マリエルちゃんのclientがnull
[Info   :TownOfHost-Pko] [20:41:51:60][Session]マリエルちゃん(ClientID:474337)が切断(理由:ExitGame, ping:77), Platform:Android , friendcode:baggyset#4293 , PuId:00021d27debf48f2858ecc1e6bcfb9b7
[Info   :TownOfHost-Pko] [20:41:56:35][ReceiveChat]あそこらgrass:神でした
[Info   :TownOfHost-Pko] [20:42:21:00][ReceiveChat]5号:神ィ？？
[Info   :TownOfHost-Pko] [20:42:23:15][ReceiveChat]みくろ:ブーストライターだった　ペットいないから能力使えなかった()
[Info   :TownOfHost-Pko] [20:43:32:16][SendChat]ちょっと知恵袋で聞いてみる
[Info   :TownOfHost-Pko] [20:43:32:69][ReceiveChat]ひとつここの:やる?
[Info   :TownOfHost-Pko] [20:43:41:95][SendChat]やるか
[Info   :TownOfHost-Pko] [20:43:49:85][ReceiveChat]あそこらgrass:やろうか
[Info   :TownOfHost-Pko] [20:43:59:47][PreviousSession]セッション記録: Rの名無しさん (NEEDFULNIL#3743)
[Info   :TownOfHost-Pko] [20:43:59:47][PreviousSession]セッション記録: 5号 (SPOTTYLOAF#5118)
[Info   :TownOfHost-Pko] [20:43:59:47][PreviousSession]セッション記録: ひとつここの (NEEDSAME#5505)
[Info   :TownOfHost-Pko] [20:43:59:47][PreviousSession]セッション記録: あそこらgrass (FISHYBOOT#8274)
[Info   :TownOfHost-Pko] [20:43:59:47][PreviousSession]セッション記録: みくろ (STARRYPRAM#3837)
[Info   :TownOfHost-Pko] [20:43:59:47][PreviousSession]現在のセッション参加者: 5人
[Info   :TownOfHost-Pko] [20:43:59:55][MeetingTimeManager.Init]DefaultDiscussionTime:0, DefaultVotingTime240
[Info   :TownOfHost-Pko] [20:43:59:56][LateTask]"setdisconnected" is created
[Info   :TownOfHost-Pko] [20:43:59:56][InitializerAttribute]初期化: Achievements.init
[Info   :TownOfHost-Pko] [20:43:59:56][InitializerAttribute]初期化: CheckGetNomalAchievement.OnStartGame
[Info   :TownOfHost-Pko] [20:43:59:56][InitializerAttribute]初期化: AntiBlackout.Reset
[Info   :TownOfHost-Pko] [20:43:59:56][AntiBlackout]==Reset==
[Info   :TownOfHost-Pko] [20:43:59:56][InitializerAttribute]初期化: CustomWinnerHolder.Reset
[Info   :TownOfHost-Pko] [20:43:59:56][InitializerAttribute]初期化: DisableDevice.Reset
[Info   :TownOfHost-Pko] [20:43:59:56][InitializerAttribute]初期化: DoubleTrigger.Init
[Info   :TownOfHost-Pko] [20:43:59:56][InitializerAttribute]初期化: DummyHunter.Init
[Info   :TownOfHost-Pko] [20:43:59:56][InitializerAttribute]初期化: MurderMystery.Init
[Info   :TownOfHost-Pko] [20:43:59:56][InitializerAttribute]初期化: TaskBattle.Init
[Info   :TownOfHost-Pko] [20:43:59:56][InitializerAttribute]初期化: GameStates.Reset
[Info   :TownOfHost-Pko] [20:43:59:56][InitializerAttribute]初期化: GuessManager.Guessreset
[Info   :TownOfHost-Pko] [20:43:59:56][InitializerAttribute]初期化: PlayerOutfitManager.RemoveAll
[Info   :TownOfHost-Pko] [20:43:59:56][InitializerAttribute]初期化: TargetArrow.Init
[Info   :TownOfHost-Pko] [20:43:59:56][InitializerAttribute]初期化: GetArrow.Init
[Info   :TownOfHost-Pko] [20:43:59:56][InitializerAttribute]初期化: Utils.Init
[Info   :TownOfHost-Pko] [20:43:59:56][InitializerAttribute]初期化: SubmergedPatch.Init
[Info   :TownOfHost-Pko] [20:43:59:56][InitializerAttribute]初期化: FallFromLadder.Reset
[Info   :TownOfHost-Pko] [20:43:59:56][InitializerAttribute]初期化: PlayerControlRpcUseZiplinePatch.Reset
[Info   :TownOfHost-Pko] [20:43:59:56][InitializerAttribute]初期化: AutoForceEndOnDisconnect.Reset
[Info   :TownOfHost-Pko] [20:43:59:56][InitializerAttribute]初期化: Lovers.Reset
[Info   :TownOfHost-Pko] [20:43:59:56][InitializerAttribute]初期化: GhostRoleCore.Init
[Info   :TownOfHost-Pko] [20:43:59:56][InitializerAttribute]初期化: Amateras.Init
[Info   :TownOfHost-Pko] [20:43:59:56][InitializerAttribute]初期化: Cupid.Mareset
[Info   :TownOfHost-Pko] [20:43:59:56][InitializerAttribute]初期化: Madonna.Mareset
[Info   :TownOfHost-Pko] [20:43:59:56][InitializerAttribute]初期化: Ruler.Init
[Info   :TownOfHost-Pko] [20:43:59:56][InitializerAttribute]初期化: ThreePigsData.Init
[Info   :TownOfHost-Pko] [20:43:59:56][InitializerAttribute]初期化: Zombie.ResetRuntimeData
[Info   :TownOfHost-Pko] [20:43:59:56][InitializerAttribute]初期化: Evolver.Init
[Info   :TownOfHost-Pko] [20:43:59:56][InitializerAttribute]初期化: Workhorse.Init
[Info   :TownOfHost-Pko] [20:43:59:56][InitializerAttribute]初期化: Guesser.Init
[Info   :TownOfHost-Pko] [20:43:59:56][InitializerAttribute]初期化: DoorsReset.Initialize
[Info   :TownOfHost-Pko] [20:43:59:56][DoorsReset]初期化: [ False, AllOpen ]
[Info   :TownOfHost-Pko] [20:43:59:56][InitializerAttribute]初期化: SuddenDeathMode.Reset
[Info   :TownOfHost-Pko] [20:43:59:56][InitializerAttribute]初期化: SelfVoteManager.Init
[Info   :TownOfHost-Pko] [20:43:59:56][InitializerAttribute]初期化: VentManager.Init
[Info   :TownOfHost-Pko] [20:43:59:56][InitializerAttribute]初期化: ChatManager.ResetChat
[Info   :TownOfHost-Pko] [20:43:59:56][OnGamStarted]==============　4試合目　==============
[Info   :TownOfHost-Pko] [20:43:59:56][OnGamStarted Fin]region:Asia ,LagTime : 0.23 ,(77) PlayerCount : 5
[Info   :TownOfHost-Pko] [20:43:59:57][CountAliveImpostors]生存しているインポスター:0人
[Info   :TownOfHost-Pko] [20:43:59:57][CountAliveNeutral]生存しているニュートラル:0人
[Info   :TownOfHost-Pko] [20:44:00:09][StandardIntro]5号
[Info   :TownOfHost-Pko] [20:44:00:09][StandardIntro]ひとつここの
[Info   :TownOfHost-Pko] [20:44:00:09][StandardIntro]みくろ
[Info   :TownOfHost-Pko] [20:44:00:09][StandardIntro]あそこらgrass
[Info   :TownOfHost-Pko] [20:44:00:09][StandardIntro]SetDisconnected
[Info   :TownOfHost-Pko] [20:44:00:09][LateTask]"setdisconnected"is finished
[Message:TownOfHost-Pko] [20:44:01:72][Method]"StartPatch.Postfix" Called in "ShipStatusPatch.cs(92)"
[Info   :TownOfHost-Pko] [20:44:01:72][Phase]-----------ゲーム開始-----------
[Info   :TownOfHost-Pko] [20:44:01:72][CountAlivePlayers]OutOfGame:5/5, All:0/0
[Info   :TownOfHost-Pko] [20:44:04:88][AssignCount][Crewmate, 2], [Impostor, 1], [Neutral, 2], [Madmate, 0]
[Info   :TownOfHost-Pko] [20:44:04:88][AssignRoleList]HadouHo, Bakery, Express, Jester, Jackal
[Info   :TownOfHost-Pko] [20:44:04:88][AssignRolesDesync]役職設定:ひとつここの = Jackal
[Info   :TownOfHost-Pko] [20:44:04:88][AssignRolesDesync]役職設定:みくろ = Jester
[Info   :TownOfHost-Pko] [20:44:04:89][PlayerControl.RpcSetRole]あそこらgrass => Phantom
[Info   :TownOfHost-Pko] [20:44:04:89][PlayerControl.RpcSetRole]Rの名無しさん => Crewmate
[Info   :TownOfHost-Pko] [20:44:04:89][PlayerControl.RpcSetRole]5号 => Crewmate
[Info   :TownOfHost-Pko] [20:44:04:89][AssignRoles]役職設定:あそこらgrass = HadouHo
[Info   :TownOfHost-Pko] [20:44:04:89][AssignRoles]役職設定:Rの名無しさん = Bakery
[Info   :TownOfHost-Pko] [20:44:04:89][AssignRoles]役職設定:5号 = Express
[Info   :TownOfHost-Pko] [20:44:04:90][IusePhantomButton]ひとつここの:ファントムワンクリに追加
[Info   :TownOfHost-Pko] [20:44:04:90][IusePhantomButton]あそこらgrass:ファントムワンクリに追加
[Info   :TownOfHost-Pko] [20:44:04:90][StandardIntro]ShowIntro
[Info   :TownOfHost-Pko] [20:44:04:90][LateTask]"SetTaskDelay" is created
[Info   :TownOfHost-Pko] [20:44:04:90][CountAliveImpostors]生存しているインポスター:1人
[Info   :TownOfHost-Pko] [20:44:04:90][CountAliveNeutral]生存しているニュートラル:2人
[Info   :TownOfHost-Pko] [20:44:04:90][CountAlivePlayers]Crew:3/3, Impostor:1/1, Jackal:1/1, All:5/5
[Message:TownOfHost-Pko] [20:44:04:92][Method]"BeginPatch.Postfix" Called in "ShipStatusPatch.cs(137)"
[Info   :TownOfHost-Pko] [20:44:05:64][LateTask]"SetTask" is created
[Info   :TownOfHost-Pko] [20:44:05:64][LateTask]"SetTaskDelay"is finished
[Info   :TownOfHost-Pko] [20:44:06:95][Info]------------名前表示------------
[Info   :TownOfHost-Pko] [20:44:06:95][Info][*]0 :Rの名無しさん       :Rの名無しさん(Blue)
[Info   :TownOfHost-Pko] [20:44:06:95][Info]   2 :5号                 :5号(Purple)
[Info   :TownOfHost-Pko] [20:44:06:95][Info]   3 :ひとつここの        :ひとつここの(White)
[Info   :TownOfHost-Pko] [20:44:06:95][Info]   4 :みくろ              :みくろ(Orange)
[Info   :TownOfHost-Pko] [20:44:06:95][Info]   6 :あそこらgrass       :あそこらgrass(Lime)
[Info   :TownOfHost-Pko] [20:44:06:95][Info]----------役職割り当て----------
[Info   :TownOfHost-Pko] [20:44:06:95][Info][*]0 :Rの名無しさん       :パン屋
[Info   :TownOfHost-Pko] [20:44:06:95][Info]   2 :5号                 :エクスプレス
[Info   :TownOfHost-Pko] [20:44:06:95][Info]   3 :ひとつここの        :ジャッカル
[Info   :TownOfHost-Pko] [20:44:06:95][Info]   4 :みくろ              :ジェスター
[Info   :TownOfHost-Pko] [20:44:06:95][Info]   6 :あそこらgrass       :波動砲
[Info   :TownOfHost-Pko] [20:44:06:95][Info]--------------環境--------------
[Info   :TownOfHost-Pko] [20:44:06:95][Info][*]0 :Rの名無しさん       :SteamPC    :Mod(TOH-PKO/5.35.22.97:084757d3(main))
[Info   :TownOfHost-Pko] [20:44:06:95][Info]   2 :5号                 :SteamPC    :Vanilla
[Info   :TownOfHost-Pko] [20:44:06:95][Info]   3 :ひとつここの        :IPhone     :Vanilla
[Info   :TownOfHost-Pko] [20:44:06:95][Info]   4 :みくろ              :Switch     :Vanilla
[Info   :TownOfHost-Pko] [20:44:06:95][Info]   6 :あそこらgrass       :Android    :Vanilla
[Info   :TownOfHost-Pko] [20:44:06:95][Info]------------基本設定------------
[Info   :TownOfHost-Pko] [20:44:06:95][Info]マップ: Polus
[Info   :TownOfHost-Pko] [20:44:06:95][Info]インポスター数: 1
[Info   :TownOfHost-Pko] [20:44:06:95][Info]追放数を確認: オフ
[Info   :TownOfHost-Pko] [20:44:06:95][Info]# 緊急会議: 1
[Info   :TownOfHost-Pko] [20:44:06:95][Info]匿名投票: オン
[Info   :TownOfHost-Pko] [20:44:06:95][Info]緊急ボタンクールダウン: 15秒
[Info   :TownOfHost-Pko] [20:44:06:95][Info]議論タイム: 0秒
[Info   :TownOfHost-Pko] [20:44:06:95][Info]投票時間: 240秒
[Info   :TownOfHost-Pko] [20:44:06:95][Info]プレイヤー速度: 1.25x
[Info   :TownOfHost-Pko] [20:44:06:95][Info]タスクバーアップデート: 行わない
[Info   :TownOfHost-Pko] [20:44:06:95][Info]視認タスク: オフ
[Info   :TownOfHost-Pko] [20:44:06:95][Info]クルービジョン: 0.5x
[Info   :TownOfHost-Pko] [20:44:06:95][Info]インポスタービジョン: 5x
[Info   :TownOfHost-Pko] [20:44:06:95][Info]キルのクールダウン時間: 30秒
[Info   :TownOfHost-Pko] [20:44:06:95][Info]キル可能距離: ミドル
[Info   :TownOfHost-Pko] [20:44:06:95][Info]# 通常タスク: 3
[Info   :TownOfHost-Pko] [20:44:06:95][Info]# ロングタスク: 2
[Info   :TownOfHost-Pko] [20:44:06:95][Info]# ショートタスク: 4
[Info   :TownOfHost-Pko] [20:44:06:95][Info]------------詳細設定------------
[Info   :TownOfHost-Pko] [20:44:06:95][Info]Preset                                  :2
[Info   :TownOfHost-Pko] [20:44:06:95][Info]GameMode                                :スタンダード
[Info   :TownOfHost-Pko] [20:44:06:95][Info]GM                                      :×
[Info   :TownOfHost-Pko] [20:44:06:96][Info]AssignMode                              :固定
[Info   :TownOfHost-Pko] [20:44:06:96][Info]SoloWinOption                           :0
[Info   :TownOfHost-Pko] [20:44:06:96][Info]SoloWinOption                           :0
[Info   :TownOfHost-Pko] [20:44:06:96][Info]SoloWinOption                           :0
[Info   :TownOfHost-Pko] [20:44:06:96][Info]ONspecialMode                           :○
[Info   :TownOfHost-Pko] [20:44:06:96][Info]┗ InsiderMode                           :×
[Info   :TownOfHost-Pko] [20:44:06:96][Info]┗ ColorNameMode                         :×
[Info   :TownOfHost-Pko] [20:44:06:96][Info]┗ CanSeeImpostorRole                    :○
[Info   :TownOfHost-Pko] [20:44:06:96][Info]ExperimentalMode                        :○
[Info   :TownOfHost-Pko] [20:44:06:96][Info]┗ ExAftermeetingflash                   :○
[Info   :TownOfHost-Pko] [20:44:06:96][Info]┗ ExHideChatCommand                     :○
[Info   :TownOfHost-Pko] [20:44:06:96][Info]┗ TeamHideChat                          :×
[Info   :TownOfHost-Pko] [20:44:06:96][Info]┗ ExRpcWeightR                          :×
[Info   :TownOfHost-Pko] [20:44:06:96][Info]┗ ExCallMeetingBlackout                 :○
[Info   :TownOfHost-Pko] [20:44:06:96][Info]┗ ExIntroWeight                         :通常の分割
[Info   :TownOfHost-Pko] [20:44:06:96][Info]┗ ExChatMonochrome                      :○
[Info   :TownOfHost-Pko] [20:44:06:96][Info]FixSpawnPacketSize                      :×
[Info   :TownOfHost-Pko] [20:44:06:96][Info]┗ VampireSpeedDown                      :○
[Info   :TownOfHost-Pko] [20:44:06:96][Info]┗ VampireSpeedDownCount                 :10秒
[Info   :TownOfHost-Pko] [20:44:06:96][Info]┗ VampireKillDelay                      :10秒
[Info   :TownOfHost-Pko] [20:44:06:96][Info]┗ blastrange                            :5
[Info   :TownOfHost-Pko] [20:44:06:96][Info]┗ PuppeteerPuppetCool                   :5秒
[Info   :TownOfHost-Pko] [20:44:06:96][Info]┗ StealthDarkenDuration                 :1秒
[Info   :TownOfHost-Pko] [20:44:06:96][Info]┗ KillAnimation                         :×
[Info   :TownOfHost-Pko] [20:44:06:96][Info]┗ NotifierProbability                   :50%
[Info   :TownOfHost-Pko] [20:44:06:96][Info]┗ TimeThiefDecreaseMeetingTime          :50秒
[Info   :TownOfHost-Pko] [20:44:06:96][Info]┗ TimeThiefReturnStolenTimeUponDeath    :×
[Info   :TownOfHost-Pko] [20:44:06:96][Info]┗ TairoDeathReason                      :×
[Info   :TownOfHost-Pko] [20:44:06:96][Info]┗ MayorAdditionalVote                   :1票
[Info   :TownOfHost-Pko] [20:44:06:96][Info]┗ ProgressKillerMadseen                 :×
[Info   :TownOfHost-Pko] [20:44:06:96][Info]┗ ProgressWorkhorseseen                 :×
[Info   :TownOfHost-Pko] [20:44:06:96][Info]┗ NekoKabochaImpostorsGetRevenged       :×
[Info   :TownOfHost-Pko] [20:44:06:96][Info]┗ NekoKabochaMadmatesGetRevenged        :×
[Info   :TownOfHost-Pko] [20:44:06:96][Info]┗ NekoKabochaNeutralsGetRevenged        :×
[Info   :TownOfHost-Pko] [20:44:06:96][Info]┗ NekoKabochaRevengeOnExile             :×
[Info   :TownOfHost-Pko] [20:44:06:96][Info]┗ PenguinAbductTimerLimit               :10秒
[Info   :TownOfHost-Pko] [20:44:06:96][Info]┗ PenguinMeetingKill                    :×
[Info   :TownOfHost-Pko] [20:44:06:96][Info]┗ EvilHackerCanSeeMurderRoom            :×
[Info   :TownOfHost-Pko] [20:44:06:96][Info]┗ EvilHackerCanSeeDistance              :×
[Info   :TownOfHost-Pko] [20:44:06:96][Info]┗ CanCreateSideKick                     :×
[Info   :TownOfHost-Pko] [20:44:06:96][Info]Evilgambler                             :30%
[Info   :TownOfHost-Pko] [20:44:06:96][Info]┗ Maximum                               :1人
[Info   :TownOfHost-Pko] [20:44:06:96][Info]┗ Evillgamblergamblecollect             :50%
[Info   :TownOfHost-Pko] [20:44:06:96][Info]┗ EvillgamblercollectkillCooldown       :5秒
[Info   :TownOfHost-Pko] [20:44:06:96][Info]┗ EvillgamblernotcollectkillCooldown    :60秒
[Info   :TownOfHost-Pko] [20:44:06:96][Info]┗ GiveGuesser                           :×
[Info   :TownOfHost-Pko] [20:44:06:96][Info]┗ GiveWatching                          :×
[Info   :TownOfHost-Pko] [20:44:06:96][Info]┗ GivePlusVote                          :×
[Info   :TownOfHost-Pko] [20:44:06:96][Info]┗ GiveTiebreaker                        :×
[Info   :TownOfHost-Pko] [20:44:06:96][Info]┗ GiveAutopsy                           :×
[Info   :TownOfHost-Pko] [20:44:06:96][Info]┗ GiveRevenger                          :×
[Info   :TownOfHost-Pko] [20:44:06:96][Info]┗ GiveSpeeding                          :×
[Info   :TownOfHost-Pko] [20:44:06:96][Info]┗ GiveGuarding                          :×
[Info   :TownOfHost-Pko] [20:44:06:96][Info]┗ GiveManagement                        :×
[Info   :TownOfHost-Pko] [20:44:06:96][Info]┗ GiveSeeing                            :×
[Info   :TownOfHost-Pko] [20:44:06:96][Info]┗ GiveOpener                            :×
[Info   :TownOfHost-Pko] [20:44:06:96][Info]┗ GiveNotvoter                          :×
[Info   :TownOfHost-Pko] [20:44:06:96][Info]┗ GiveElector                           :×
[Info   :TownOfHost-Pko] [20:44:06:96][Info]┗ GiveInfoPoor                          :×
[Info   :TownOfHost-Pko] [20:44:06:96][Info]┗ GiveNonReport                         :×
[Info   :TownOfHost-Pko] [20:44:06:96][Info]┗ GiveTransparent                       :×
[Info   :TownOfHost-Pko] [20:44:06:96][Info]┗ GiveWater                             :×
[Info   :TownOfHost-Pko] [20:44:06:96][Info]┗ GiveClumsy                            :×
[Info   :TownOfHost-Pko] [20:44:06:96][Info]┗ GiveSlacker                           :×
[Info   :TownOfHost-Pko] [20:44:06:96][Info]┗ GiveStamina                           :×
[Info   :TownOfHost-Pko] [20:44:06:96][Info]┗ GiveJumbo                             :×
[Info   :TownOfHost-Pko] [20:44:06:96][Info]┗ GiveSunglasses                        :×
[Info   :TownOfHost-Pko] [20:44:06:96][Info]┗ GiveSecurer                           :×
[Info   :TownOfHost-Pko] [20:44:06:96][Info]┗ GiveSealer                            :×
[Info   :TownOfHost-Pko] [20:44:06:96][Info]┗ GiveSilverBuzzer                      :×
[Info   :TownOfHost-Pko] [20:44:06:96][Info]Minimalist                              :30%
[Info   :TownOfHost-Pko] [20:44:06:96][Info]┗ Maximum                               :1人
[Info   :TownOfHost-Pko] [20:44:06:96][Info]┗ KillCooldown                          :30秒
[Info   :TownOfHost-Pko] [20:44:06:96][Info]┗ MinimalistCanVent                     :×
[Info   :TownOfHost-Pko] [20:44:06:96][Info]┗ MinimalistCanSabotage                 :×
[Info   :TownOfHost-Pko] [20:44:06:96][Info]SelfBomber                              :10%
[Info   :TownOfHost-Pko] [20:44:06:96][Info]┗ SelfBomberCooldown                    :32秒
[Info   :TownOfHost-Pko] [20:44:06:96][Info]┗ SelfBomberExplosionRadius             :3x
[Info   :TownOfHost-Pko] [20:44:06:96][Info]HateKiller                              :30%
[Info   :TownOfHost-Pko] [20:44:06:96][Info]┗ KillCooldown                          :30秒
[Info   :TownOfHost-Pko] [20:44:06:96][Info]┗ HateKillerDecreaseKillCool            :4秒
[Info   :TownOfHost-Pko] [20:44:06:96][Info]┗ HateKillerMinimumKillCool             :10秒
[Info   :TownOfHost-Pko] [20:44:06:96][Info]┗ HateKillerCountImpostorVotes          :○
[Info   :TownOfHost-Pko] [20:44:06:96][Info]┗ HateKillerCountSelfVotes              :×
[Info   :TownOfHost-Pko] [20:44:06:96][Info]SmokeMaker                              :30%
[Info   :TownOfHost-Pko] [20:44:06:96][Info]┗ Maximum                               :1人
[Info   :TownOfHost-Pko] [20:44:06:96][Info]┗ SmokeMakerPlaceCooldown               :10秒
[Info   :TownOfHost-Pko] [20:44:06:96][Info]┗ SmokeMakerSmokeCooldown               :15秒
[Info   :TownOfHost-Pko] [20:44:06:96][Info]┗ SmokeMakerSmokeDuration               :10秒
[Info   :TownOfHost-Pko] [20:44:06:96][Info]┗ SmokeMakerSmokeSize                   :150%
[Info   :TownOfHost-Pko] [20:44:06:96][Info]┗ SmokeMakerMaxDummies                  :5個
[Info   :TownOfHost-Pko] [20:44:06:96][Info]┗ SmokeMakerSwapControls                :×
[Info   :TownOfHost-Pko] [20:44:06:96][Info]┗ EvilStandMasterTeammateKillCDReduce   :10秒
[Info   :TownOfHost-Pko] [20:44:06:96][Info]┗ EvilStandMasterOwnKillCDReduce        :5秒
[Info   :TownOfHost-Pko] [20:44:06:96][Info]HadouHo                                 :10%
[Info   :TownOfHost-Pko] [20:44:06:96][Info]┗ Maximum                               :1人
[Info   :TownOfHost-Pko] [20:44:06:96][Info]┗ KillCooldown                          :30秒
[Info   :TownOfHost-Pko] [20:44:06:96][Info]┗ Cooldown                              :30秒
[Info   :TownOfHost-Pko] [20:44:06:96][Info]┗ HadouHoChargeTime                     :3秒
[Info   :TownOfHost-Pko] [20:44:06:96][Info]┗ HadouHoBeamTime                       :1秒
[Info   :TownOfHost-Pko] [20:44:06:96][Info]┗ HadouHoSelfDestruct                   :×
[Info   :TownOfHost-Pko] [20:44:06:96][Info]┗ HadouHoKillImpostor                   :○
[Info   :TownOfHost-Pko] [20:44:06:96][Info]DoubleKiller                            :10%
[Info   :TownOfHost-Pko] [20:44:06:96][Info]┗ DoubleKillerKillCooldown              :30秒
[Info   :TownOfHost-Pko] [20:44:06:96][Info]┗ DoubleKillerPhantomCooldown           :30秒
[Info   :TownOfHost-Pko] [20:44:06:96][Info]┗ DoubleKillerCanVent                   :×
[Info   :TownOfHost-Pko] [20:44:06:96][Info]┗ DoubleKillerCanSabotage               :×
[Info   :TownOfHost-Pko] [20:44:06:96][Info]┗ DoubleKillerPhantomUsageCount         :1回
[Info   :TownOfHost-Pko] [20:44:06:96][Info]Samurai                                 :10%
[Info   :TownOfHost-Pko] [20:44:06:96][Info]┗ KillCooldown                          :30秒
[Info   :TownOfHost-Pko] [20:44:06:96][Info]┗ Cooldown                              :50秒
[Info   :TownOfHost-Pko] [20:44:06:96][Info]┗ CanVent                               :×
[Info   :TownOfHost-Pko] [20:44:06:96][Info]┗ CanUseSabotage                        :×
[Info   :TownOfHost-Pko] [20:44:06:96][Info]┗ SamuraiSlashRange                     :2x
[Info   :TownOfHost-Pko] [20:44:06:96][Info]Penguin                                 :30%
[Info   :TownOfHost-Pko] [20:44:06:96][Info]┗ Maximum                               :1人
[Info   :TownOfHost-Pko] [20:44:06:96][Info]┗ PenguinAbductTimerLimit               :10秒
[Info   :TownOfHost-Pko] [20:44:06:96][Info]┗ PenguinMeetingKill                    :○
[Info   :TownOfHost-Pko] [20:44:06:96][Info]Vampire                                 :10%
[Info   :TownOfHost-Pko] [20:44:06:96][Info]┗ KillCooldown                          :30秒
[Info   :TownOfHost-Pko] [20:44:06:96][Info]┗ VampireKillDelay                      :9.7秒
[Info   :TownOfHost-Pko] [20:44:06:96][Info]┗ VampireSpeedDown                      :×
[Info   :TownOfHost-Pko] [20:44:06:96][Info]┗ KillCooldown                          :30秒
[Info   :TownOfHost-Pko] [20:44:06:96][Info]NekoKabocha                             :20%
[Info   :TownOfHost-Pko] [20:44:06:96][Info]┗ Maximum                               :1人
[Info   :TownOfHost-Pko] [20:44:06:96][Info]┗ NekoKabochaImpostorsGetRevenged       :○
[Info   :TownOfHost-Pko] [20:44:06:96][Info]┗ NekoKabochaMadmatesGetRevenged        :○
[Info   :TownOfHost-Pko] [20:44:06:96][Info]┗ NekoKabochaNeutralsGetRevenged        :○
[Info   :TownOfHost-Pko] [20:44:06:96][Info]┗ NekoKabochaRevengeOnExile             :○
[Info   :TownOfHost-Pko] [20:44:06:96][Info]┗ DecrescendoVisionx                    :0.75x
[Info   :TownOfHost-Pko] [20:44:06:96][Info]┗ DecrescendoMinVision                  :0.1x
[Info   :TownOfHost-Pko] [20:44:06:96][Info]DoubleTriggerThreashould                :0.5秒
[Info   :TownOfHost-Pko] [20:44:06:96][Info]DefaultShapeshiftCooldown               :15秒
[Info   :TownOfHost-Pko] [20:44:06:96][Info]DefaultShapeshiftDuration               :10秒
[Info   :TownOfHost-Pko] [20:44:06:96][Info]MadSnitch                               :20%
[Info   :TownOfHost-Pko] [20:44:06:96][Info]┗ Maximum                               :1人
[Info   :TownOfHost-Pko] [20:44:06:96][Info]┗ CanVent                               :○
[Info   :TownOfHost-Pko] [20:44:06:96][Info]┗ MadSnitchCanAlsoBeExposedToImpostor   :×
[Info   :TownOfHost-Pko] [20:44:06:96][Info]┗ TaskTrigger                           :4個
[Info   :TownOfHost-Pko] [20:44:06:96][Info]┗ doOverride                            :○
[Info   :TownOfHost-Pko] [20:44:06:96][Info]┗ roleCommonTasksNum                    :3個
[Info   :TownOfHost-Pko] [20:44:06:96][Info]┗ roleLongTasksNum                      :0個
[Info   :TownOfHost-Pko] [20:44:06:96][Info]┗ roleShortTasksNum                     :5個
[Info   :TownOfHost-Pko] [20:44:06:96][Info]┗ addaddons                             :×
[Info   :TownOfHost-Pko] [20:44:06:96][Info]┗ BlackSantaNeedsTaskForKnowImpostors   :×
[Info   :TownOfHost-Pko] [20:44:06:96][Info]┗ MadBaitIgnoreImpostor                 :×
[Info   :TownOfHost-Pko] [20:44:06:96][Info]┗ MadWareRemoveSabotageCooldown         :3秒
[Info   :TownOfHost-Pko] [20:44:06:96][Info]┗ GiveGuesser                           :×
[Info   :TownOfHost-Pko] [20:44:06:96][Info]┗ GiveWatching                          :×
[Info   :TownOfHost-Pko] [20:44:06:96][Info]┗ GivePlusVote                          :×
[Info   :TownOfHost-Pko] [20:44:06:96][Info]┗ GiveTiebreaker                        :×
[Info   :TownOfHost-Pko] [20:44:06:96][Info]┗ GiveAutopsy                           :×
[Info   :TownOfHost-Pko] [20:44:06:96][Info]┗ GiveRevenger                          :×
[Info   :TownOfHost-Pko] [20:44:06:96][Info]┗ GiveSpeeding                          :×
[Info   :TownOfHost-Pko] [20:44:06:96][Info]┗ GiveGuarding                          :×
[Info   :TownOfHost-Pko] [20:44:06:96][Info]┗ GiveManagement                        :×
[Info   :TownOfHost-Pko] [20:44:06:96][Info]┗ GiveSeeing                            :×
[Info   :TownOfHost-Pko] [20:44:06:96][Info]┗ GiveOpener                            :×
[Info   :TownOfHost-Pko] [20:44:06:96][Info]┗ GiveLighting                          :×
[Info   :TownOfHost-Pko] [20:44:06:96][Info]┗ GiveMoon                              :○
[Info   :TownOfHost-Pko] [20:44:06:96][Info]┗ GiveNotvoter                          :×
[Info   :TownOfHost-Pko] [20:44:06:96][Info]┗ GiveElector                           :×
[Info   :TownOfHost-Pko] [20:44:06:96][Info]┗ GiveInfoPoor                          :×
[Info   :TownOfHost-Pko] [20:44:06:96][Info]┗ GiveNonReport                         :×
[Info   :TownOfHost-Pko] [20:44:06:96][Info]┗ GiveTransparent                       :×
[Info   :TownOfHost-Pko] [20:44:06:96][Info]┗ GiveWater                             :○
[Info   :TownOfHost-Pko] [20:44:06:96][Info]┗ GiveClumsy                            :○
[Info   :TownOfHost-Pko] [20:44:06:96][Info]┗ GiveSlacker                           :×
[Info   :TownOfHost-Pko] [20:44:06:96][Info]┗ GiveStamina                           :×
[Info   :TownOfHost-Pko] [20:44:06:96][Info]┗ GiveJumbo                             :×
[Info   :TownOfHost-Pko] [20:44:06:96][Info]┗ GiveSunglasses                        :×
[Info   :TownOfHost-Pko] [20:44:06:96][Info]┗ GiveSecurer                           :×
[Info   :TownOfHost-Pko] [20:44:06:96][Info]┗ GiveSealer                            :×
[Info   :TownOfHost-Pko] [20:44:06:96][Info]┗ GiveSilverBuzzer                      :×
[Info   :TownOfHost-Pko] [20:44:06:96][Info]┗ SheriffShotLimit                      :1回
[Info   :TownOfHost-Pko] [20:44:06:96][Info]┗ MeetingSheriffCanKillMadMate          :○
[Info   :TownOfHost-Pko] [20:44:06:96][Info]┗ MeetingSheriffCanKillNeutrals         :○
[Info   :TownOfHost-Pko] [20:44:06:96][Info]┗ SheriffCanKillLovers                  :○
[Info   :TownOfHost-Pko] [20:44:06:96][Info]┗ MeetingMaxTime                        :∞
[Info   :TownOfHost-Pko] [20:44:06:96][Info]┗ SabotageMasterSkillLimit              :1回
[Info   :TownOfHost-Pko] [20:44:06:96][Info]┗ SeerMindelay                          :3秒
[Info   :TownOfHost-Pko] [20:44:06:96][Info]┗ SeerMaxdelay                          :3秒
[Info   :TownOfHost-Pko] [20:44:06:96][Info]┗ TimeManagerIncreaseMeetingTime        :15秒
[Info   :TownOfHost-Pko] [20:44:06:96][Info]┗ TrapperBlockMoveTime                  :5秒
[Info   :TownOfHost-Pko] [20:44:06:96][Info]┗ AwakeningTaskcount                    :5
[Info   :TownOfHost-Pko] [20:44:06:96][Info]┗ GiveGuesser                           :×
[Info   :TownOfHost-Pko] [20:44:06:96][Info]┗ GiveWatching                          :×
[Info   :TownOfHost-Pko] [20:44:06:96][Info]┗ GivePlusVote                          :×
[Info   :TownOfHost-Pko] [20:44:06:96][Info]┗ GiveTiebreaker                        :×
[Info   :TownOfHost-Pko] [20:44:06:96][Info]┗ GiveAutopsy                           :×
[Info   :TownOfHost-Pko] [20:44:06:96][Info]┗ GiveRevenger                          :×
[Info   :TownOfHost-Pko] [20:44:06:96][Info]┗ GiveSpeeding                          :×
[Info   :TownOfHost-Pko] [20:44:06:96][Info]┗ GiveGuarding                          :×
[Info   :TownOfHost-Pko] [20:44:06:96][Info]┗ GiveManagement                        :×
[Info   :TownOfHost-Pko] [20:44:06:96][Info]┗ GiveSeeing                            :×
[Info   :TownOfHost-Pko] [20:44:06:96][Info]┗ GiveOpener                            :×
[Info   :TownOfHost-Pko] [20:44:06:96][Info]┗ GiveLighting                          :×
[Info   :TownOfHost-Pko] [20:44:06:96][Info]┗ GiveMoon                              :×
[Info   :TownOfHost-Pko] [20:44:06:96][Info]┗ GiveNotvoter                          :×
[Info   :TownOfHost-Pko] [20:44:06:96][Info]┗ GiveElector                           :×
[Info   :TownOfHost-Pko] [20:44:06:96][Info]┗ GiveInfoPoor                          :×
[Info   :TownOfHost-Pko] [20:44:06:96][Info]┗ GiveNonReport                         :×
[Info   :TownOfHost-Pko] [20:44:06:96][Info]┗ GiveTransparent                       :×
[Info   :TownOfHost-Pko] [20:44:06:96][Info]┗ GiveWater                             :×
[Info   :TownOfHost-Pko] [20:44:06:96][Info]┗ GiveClumsy                            :×
[Info   :TownOfHost-Pko] [20:44:06:96][Info]┗ GiveSlacker                           :×
[Info   :TownOfHost-Pko] [20:44:06:96][Info]┗ GiveStamina                           :×
[Info   :TownOfHost-Pko] [20:44:06:96][Info]┗ GiveJumbo                             :×
[Info   :TownOfHost-Pko] [20:44:06:96][Info]┗ GiveSunglasses                        :×
[Info   :TownOfHost-Pko] [20:44:06:96][Info]┗ GiveSecurer                           :×
[Info   :TownOfHost-Pko] [20:44:06:96][Info]┗ GiveSealer                            :×
[Info   :TownOfHost-Pko] [20:44:06:96][Info]┗ GiveSilverBuzzer                      :×
[Info   :TownOfHost-Pko] [20:44:06:96][Info]Sheriff                                 :100%
[Info   :TownOfHost-Pko] [20:44:06:96][Info]┗ Maximum                               :1人
[Info   :TownOfHost-Pko] [20:44:06:96][Info]┗ KillCooldown                          :30秒
[Info   :TownOfHost-Pko] [20:44:06:96][Info]┗ Killdistance                          :ショート
[Info   :TownOfHost-Pko] [20:44:06:96][Info]┗ SheriffMisfireKillsTarget             :×
[Info   :TownOfHost-Pko] [20:44:06:96][Info]┗ SheriffShotLimit                      :15回
[Info   :TownOfHost-Pko] [20:44:06:96][Info]┗ SheriffStartInTaskMode                :○
[Info   :TownOfHost-Pko] [20:44:06:96][Info]┗ doOverride                            :×
[Info   :TownOfHost-Pko] [20:44:06:96][Info]┗ SheriffCanKillAllAlive                :○
[Info   :TownOfHost-Pko] [20:44:06:96][Info]┗ SheriffCanKill%role%                  :○
[Info   :TownOfHost-Pko] [20:44:06:96][Info]┗ SheriffCanKillNeutrals                :全てオン
[Info   :TownOfHost-Pko] [20:44:06:96][Info]┗ SheriffCanKillLovers                  :○
[Info   :TownOfHost-Pko] [20:44:06:96][Info]┗ WolfBoyCountteam                      :○
[Info   :TownOfHost-Pko] [20:44:06:96][Info]┗ WolfBoyCountteam                      :×
[Info   :TownOfHost-Pko] [20:44:06:96][Info]┗ WolfBoyCountteam                      :×
[Info   :TownOfHost-Pko] [20:44:06:96][Info]┗ WolfBoyCountteam                      :×
[Info   :TownOfHost-Pko] [20:44:06:96][Info]┗ TellMaximum                           :1回
[Info   :TownOfHost-Pko] [20:44:06:96][Info]┗ AbilityVotemode                       :自投票
[Info   :TownOfHost-Pko] [20:44:06:96][Info]┗ TellerCanSeeRolename                  :○
[Info   :TownOfHost-Pko] [20:44:06:96][Info]┗ TellRole                              :○
[Info   :TownOfHost-Pko] [20:44:06:96][Info]┗ cantaskcount                          :5
[Info   :TownOfHost-Pko] [20:44:06:96][Info]┗ MeetingMaxTime                        :∞
[Info   :TownOfHost-Pko] [20:44:06:96][Info]┗ AbilityAwakening                      :×
[Info   :TownOfHost-Pko] [20:44:06:96][Info]┗ AmateurTellerTargetCanseeArrow        :○
[Info   :TownOfHost-Pko] [20:44:06:96][Info]┗ SuspiciousTellerChangeRoleFilter      :未設定
[Info   :TownOfHost-Pko] [20:44:06:96][Info]Mayor                                   :50%
[Info   :TownOfHost-Pko] [20:44:06:96][Info]┗ Maximum                               :1人
[Info   :TownOfHost-Pko] [20:44:06:96][Info]┗ MayorAdditionalVote                   :2票
[Info   :TownOfHost-Pko] [20:44:06:96][Info]┗ MayorAwakening                        :×
[Info   :TownOfHost-Pko] [20:44:06:96][Info]┗ MayorHasPortableButton                :×
[Info   :TownOfHost-Pko] [20:44:06:96][Info]┗ WalkureNeedRevealCount                :3回
[Info   :TownOfHost-Pko] [20:44:06:96][Info]┗ WalkureReflectCrewmateRoleChanges     :○
[Info   :TownOfHost-Pko] [20:44:06:96][Info]┗ WalkureReflectImpostorRoleChanges     :○
[Info   :TownOfHost-Pko] [20:44:06:96][Info]┗ WalkureReflectJackalRoleChanges       :○
[Info   :TownOfHost-Pko] [20:44:06:96][Info]┗ WalkureKillRevealCount                :6回
[Info   :TownOfHost-Pko] [20:44:06:96][Info]┗ KillCooldown                          :40秒
[Info   :TownOfHost-Pko] [20:44:06:96][Info]┗ CanVent                               :×
[Info   :TownOfHost-Pko] [20:44:06:96][Info]Bakery                                  :20%
[Info   :TownOfHost-Pko] [20:44:06:96][Info]┗ Maximum                               :1人
[Info   :TownOfHost-Pko] [20:44:06:96][Info]┗ PoisonedBakeryRole77                  :0%
[Info   :TownOfHost-Pko] [20:44:06:96][Info]Express                                 :20%
[Info   :TownOfHost-Pko] [20:44:06:96][Info]┗ Maximum                               :1人
[Info   :TownOfHost-Pko] [20:44:06:96][Info]┗ ExpressSpeed                          :1.5x
[Info   :TownOfHost-Pko] [20:44:06:96][Info]Sage                                    :20%
[Info   :TownOfHost-Pko] [20:44:06:96][Info]┗ Maximum                               :1人
[Info   :TownOfHost-Pko] [20:44:06:96][Info]┗ SageBarrierDuration                   :10秒
[Info   :TownOfHost-Pko] [20:44:06:96][Info]┗ SageBarrierCooldown                   :25秒
[Info   :TownOfHost-Pko] [20:44:06:96][Info]┗ StolenerCanUseaddonOnfinish           :○
[Info   :TownOfHost-Pko] [20:44:06:96][Info]┗ GiveGuesser                           :×
[Info   :TownOfHost-Pko] [20:44:06:96][Info]┗ GiveWatching                          :×
[Info   :TownOfHost-Pko] [20:44:06:96][Info]┗ GivePlusVote                          :×
[Info   :TownOfHost-Pko] [20:44:06:96][Info]┗ GiveTiebreaker                        :×
[Info   :TownOfHost-Pko] [20:44:06:96][Info]┗ GiveAutopsy                           :×
[Info   :TownOfHost-Pko] [20:44:06:96][Info]┗ GiveRevenger                          :×
[Info   :TownOfHost-Pko] [20:44:06:96][Info]┗ GiveSpeeding                          :×
[Info   :TownOfHost-Pko] [20:44:06:96][Info]┗ GiveGuarding                          :×
[Info   :TownOfHost-Pko] [20:44:06:96][Info]┗ GiveManagement                        :×
[Info   :TownOfHost-Pko] [20:44:06:96][Info]┗ GiveSeeing                            :×
[Info   :TownOfHost-Pko] [20:44:06:96][Info]┗ GiveOpener                            :×
[Info   :TownOfHost-Pko] [20:44:06:96][Info]┗ GiveLighting                          :×
[Info   :TownOfHost-Pko] [20:44:06:96][Info]┗ GiveMoon                              :×
[Info   :TownOfHost-Pko] [20:44:06:96][Info]┗ GiveNotvoter                          :×
[Info   :TownOfHost-Pko] [20:44:06:96][Info]┗ GiveElector                           :×
[Info   :TownOfHost-Pko] [20:44:06:96][Info]┗ GiveInfoPoor                          :×
[Info   :TownOfHost-Pko] [20:44:06:96][Info]┗ GiveNonReport                         :×
[Info   :TownOfHost-Pko] [20:44:06:96][Info]┗ GiveTransparent                       :×
[Info   :TownOfHost-Pko] [20:44:06:96][Info]┗ GiveWater                             :×
[Info   :TownOfHost-Pko] [20:44:06:96][Info]┗ GiveClumsy                            :×
[Info   :TownOfHost-Pko] [20:44:06:96][Info]┗ GiveSlacker                           :×
[Info   :TownOfHost-Pko] [20:44:06:96][Info]┗ GiveStamina                           :×
[Info   :TownOfHost-Pko] [20:44:06:96][Info]┗ GiveJumbo                             :×
[Info   :TownOfHost-Pko] [20:44:06:96][Info]┗ GiveSunglasses                        :×
[Info   :TownOfHost-Pko] [20:44:06:96][Info]┗ GiveSecurer                           :×
[Info   :TownOfHost-Pko] [20:44:06:96][Info]┗ GiveSealer                            :×
[Info   :TownOfHost-Pko] [20:44:06:96][Info]┗ GiveSilverBuzzer                      :×
[Info   :TownOfHost-Pko] [20:44:06:96][Info]Bait                                    :20%
[Info   :TownOfHost-Pko] [20:44:06:96][Info]┗ Maximum                               :1人
[Info   :TownOfHost-Pko] [20:44:06:96][Info]┗ CanUseActiveComms                     :○
[Info   :TownOfHost-Pko] [20:44:06:96][Info]┗ BaitReportDelay                       :0秒
[Info   :TownOfHost-Pko] [20:44:06:96][Info]┗ BaitMaxDelay                          :0秒
[Info   :TownOfHost-Pko] [20:44:06:96][Info]┗ TaskAwakening                         :×
[Info   :TownOfHost-Pko] [20:44:06:96][Info]BoostLighter                            :30%
[Info   :TownOfHost-Pko] [20:44:06:96][Info]┗ Maximum                               :1人
[Info   :TownOfHost-Pko] [20:44:06:96][Info]┗ BoostLighterCooldown                  :30秒
[Info   :TownOfHost-Pko] [20:44:06:96][Info]┗ BoostLighterDuration                  :15秒
[Info   :TownOfHost-Pko] [20:44:06:96][Info]┗ BoostLighterVision                    :3x
[Info   :TownOfHost-Pko] [20:44:06:96][Info]┗ BoostLighterAffectedByBlackout        :○
[Info   :TownOfHost-Pko] [20:44:06:96][Info]┗ FanaticOmoikomiPick1                  :クルーメイト
[Info   :TownOfHost-Pko] [20:44:06:96][Info]┗ FanaticOmoikomiPick2                  :クルーメイト
[Info   :TownOfHost-Pko] [20:44:06:96][Info]┗ FanaticOmoikomiPick3                  :クルーメイト
[Info   :TownOfHost-Pko] [20:44:06:96][Info]┗ FanaticCantOmoikomiroles              :未設定
[Info   :TownOfHost-Pko] [20:44:06:96][Info]Doctor                                  :30%
[Info   :TownOfHost-Pko] [20:44:06:96][Info]┗ Maximum                               :1人
[Info   :TownOfHost-Pko] [20:44:06:96][Info]┗ DoctorTaskCompletedBatteryCharge      :10秒
[Info   :TownOfHost-Pko] [20:44:06:96][Info]┗ CanUseActiveComms                     :×
[Info   :TownOfHost-Pko] [20:44:06:96][Info]Seer                                    :50%
[Info   :TownOfHost-Pko] [20:44:06:96][Info]┗ Maximum                               :1人
[Info   :TownOfHost-Pko] [20:44:06:96][Info]┗ CanUseActiveComms                     :○
[Info   :TownOfHost-Pko] [20:44:06:96][Info]┗ AbilityAwakening                      :×
[Info   :TownOfHost-Pko] [20:44:06:96][Info]┗ cantaskcount                          :0
[Info   :TownOfHost-Pko] [20:44:06:96][Info]┗ SeerDelayMode                         :×
[Info   :TownOfHost-Pko] [20:44:06:96][Info]┗ PukupukuGuardCount                    :1
[Info   :TownOfHost-Pko] [20:44:06:96][Info]┗ PukupukuNotifyOnGuard                 :○
[Info   :TownOfHost-Pko] [20:44:06:96][Info]TimeManager                             :20%
[Info   :TownOfHost-Pko] [20:44:06:96][Info]┗ Maximum                               :1人
[Info   :TownOfHost-Pko] [20:44:06:96][Info]┗ TimeManagerIncreaseMeetingTime        :10秒
[Info   :TownOfHost-Pko] [20:44:06:96][Info]SabotageMaster                          :30%
[Info   :TownOfHost-Pko] [20:44:06:96][Info]┗ Maximum                               :1人
[Info   :TownOfHost-Pko] [20:44:06:96][Info]┗ SabotageMasterSkillLimit              :3回
[Info   :TownOfHost-Pko] [20:44:06:96][Info]┗ SabotageMasterFixesDoors              :○
[Info   :TownOfHost-Pko] [20:44:06:96][Info]┗ SabotageMasterFixesReactors           :○
[Info   :TownOfHost-Pko] [20:44:06:96][Info]┗ SabotageMasterFixesOxygens            :○
[Info   :TownOfHost-Pko] [20:44:06:96][Info]┗ SabotageMasterFixesCommunications     :○
[Info   :TownOfHost-Pko] [20:44:06:96][Info]┗ SabotageMasterFixesElectrical         :○
[Info   :TownOfHost-Pko] [20:44:06:96][Info]┗ roleCommonTasksNum                    :1個
[Info   :TownOfHost-Pko] [20:44:06:96][Info]┗ roleLongTasksNum                      :0個
[Info   :TownOfHost-Pko] [20:44:06:96][Info]┗ roleShortTasksNum                     :0個
[Info   :TownOfHost-Pko] [20:44:06:96][Info]┗ AndroidRemove                         :7.5%
[Info   :TownOfHost-Pko] [20:44:06:96][Info]┗ AndroidRemoveTime                     :4秒
[Info   :TownOfHost-Pko] [20:44:06:96][Info]DefaultEngineerCooldown                 :15秒
[Info   :TownOfHost-Pko] [20:44:06:96][Info]DefaultEngineerInVentMaxTime            :5秒
[Info   :TownOfHost-Pko] [20:44:06:96][Info]┗ GiveGuesser                           :○
[Info   :TownOfHost-Pko] [20:44:06:96][Info]┗ CanGuessTime                          :1人
[Info   :TownOfHost-Pko] [20:44:06:96][Info]┗ AddShotLimit                          :×
[Info   :TownOfHost-Pko] [20:44:06:96][Info]┗ OwnCanGuessTime                       :1人
[Info   :TownOfHost-Pko] [20:44:06:96][Info]┗ CanGuessVanilla                       :×
[Info   :TownOfHost-Pko] [20:44:06:96][Info]┗ CanGuessNakama                        :×
[Info   :TownOfHost-Pko] [20:44:06:96][Info]┗ CanGuessTaskDoneSnitch                :×
[Info   :TownOfHost-Pko] [20:44:06:96][Info]┗ CanWhiteCrew                          :×
[Info   :TownOfHost-Pko] [20:44:06:96][Info]┗ GiveWatching                          :○
[Info   :TownOfHost-Pko] [20:44:06:96][Info]┗ GivePlusVote                          :×
[Info   :TownOfHost-Pko] [20:44:06:96][Info]┗ GiveTiebreaker                        :○
[Info   :TownOfHost-Pko] [20:44:06:96][Info]┗ GiveAutopsy                           :○
[Info   :TownOfHost-Pko] [20:44:06:96][Info]┗ CanUseActiveComms                     :○
[Info   :TownOfHost-Pko] [20:44:06:96][Info]┗ GiveRevenger                          :×
[Info   :TownOfHost-Pko] [20:44:06:96][Info]┗ GiveSpeeding                          :×
[Info   :TownOfHost-Pko] [20:44:06:96][Info]┗ GiveGuarding                          :×
[Info   :TownOfHost-Pko] [20:44:06:96][Info]┗ GiveManagement                        :×
[Info   :TownOfHost-Pko] [20:44:06:96][Info]┗ GiveSeeing                            :×
[Info   :TownOfHost-Pko] [20:44:06:96][Info]┗ GiveOpener                            :×
[Info   :TownOfHost-Pko] [20:44:06:96][Info]┗ GiveLighting                          :×
[Info   :TownOfHost-Pko] [20:44:06:96][Info]┗ GiveMoon                              :×
[Info   :TownOfHost-Pko] [20:44:06:96][Info]┗ GiveNotvoter                          :×
[Info   :TownOfHost-Pko] [20:44:06:96][Info]┗ GiveElector                           :×
[Info   :TownOfHost-Pko] [20:44:06:96][Info]┗ GiveInfoPoor                          :×
[Info   :TownOfHost-Pko] [20:44:06:96][Info]┗ GiveNonReport                         :×
[Info   :TownOfHost-Pko] [20:44:06:96][Info]┗ GiveTransparent                       :×
[Info   :TownOfHost-Pko] [20:44:06:96][Info]┗ GiveWater                             :×
[Info   :TownOfHost-Pko] [20:44:06:96][Info]┗ GiveClumsy                            :○
[Info   :TownOfHost-Pko] [20:44:06:96][Info]┗ GiveSlacker                           :×
[Info   :TownOfHost-Pko] [20:44:06:96][Info]┗ GiveStamina                           :×
[Info   :TownOfHost-Pko] [20:44:06:96][Info]┗ GiveJumbo                             :×
[Info   :TownOfHost-Pko] [20:44:06:96][Info]┗ GiveSunglasses                        :×
[Info   :TownOfHost-Pko] [20:44:06:96][Info]┗ GiveSecurer                           :×
[Info   :TownOfHost-Pko] [20:44:06:96][Info]┗ GiveSealer                            :×
[Info   :TownOfHost-Pko] [20:44:06:96][Info]┗ GiveSilverBuzzer                      :×
[Info   :TownOfHost-Pko] [20:44:06:96][Info]Jackal                                  :50%
[Info   :TownOfHost-Pko] [20:44:06:96][Info]┗ KillCooldown                          :30秒
[Info   :TownOfHost-Pko] [20:44:06:96][Info]┗ CanVent                               :○
[Info   :TownOfHost-Pko] [20:44:06:96][Info]┗ CanUseSabotage                        :×
[Info   :TownOfHost-Pko] [20:44:06:96][Info]┗ ImpostorVision                        :○
[Info   :TownOfHost-Pko] [20:44:06:96][Info]┗ CanCreateSideKick                     :○
[Info   :TownOfHost-Pko] [20:44:06:96][Info]┗ JackalImpostorCanSidekick             :○
[Info   :TownOfHost-Pko] [20:44:06:96][Info]┗ JackalbeforeImpCanSeeImp              :○
[Info   :TownOfHost-Pko] [20:44:06:96][Info]┗ Jackaldollimpgaimpnimieru             :○
[Info   :TownOfHost-Pko] [20:44:06:96][Info]┗ Cooldown                              :30秒
[Info   :TownOfHost-Pko] [20:44:06:96][Info]┗ JackalSidekickPromotion               :○
[Info   :TownOfHost-Pko] [20:44:06:96][Info]┗ addaddons                             :×
[Info   :TownOfHost-Pko] [20:44:06:96][Info]┗ JackalImpostorCanSidekick             :×
[Info   :TownOfHost-Pko] [20:44:06:96][Info]┗ Cooldown                              :30秒
[Info   :TownOfHost-Pko] [20:44:06:96][Info]┗ JackalSidekickPromotion               :×
[Info   :TownOfHost-Pko] [20:44:06:96][Info]┗ VampireSpeedDown                      :○
[Info   :TownOfHost-Pko] [20:44:06:96][Info]┗ VampireSpeedDownCount                 :10秒
[Info   :TownOfHost-Pko] [20:44:06:96][Info]┗ VampireKillDelay                      :10秒
[Info   :TownOfHost-Pko] [20:44:06:96][Info]┗ blastrange                            :5
[Info   :TownOfHost-Pko] [20:44:06:96][Info]┗ PuppeteerPuppetCool                   :5秒
[Info   :TownOfHost-Pko] [20:44:06:96][Info]┗ StealthDarkenDuration                 :1秒
[Info   :TownOfHost-Pko] [20:44:06:96][Info]┗ KillAnimation                         :×
[Info   :TownOfHost-Pko] [20:44:06:96][Info]┗ NotifierProbability                   :50%
[Info   :TownOfHost-Pko] [20:44:06:96][Info]┗ TimeThiefDecreaseMeetingTime          :50秒
[Info   :TownOfHost-Pko] [20:44:06:96][Info]┗ TimeThiefReturnStolenTimeUponDeath    :×
[Info   :TownOfHost-Pko] [20:44:06:96][Info]┗ TairoDeathReason                      :×
[Info   :TownOfHost-Pko] [20:44:06:96][Info]┗ MayorAdditionalVote                   :1票
[Info   :TownOfHost-Pko] [20:44:06:96][Info]┗ ProgressKillerMadseen                 :×
[Info   :TownOfHost-Pko] [20:44:06:96][Info]┗ ProgressWorkhorseseen                 :×
[Info   :TownOfHost-Pko] [20:44:06:96][Info]┗ NekoKabochaImpostorsGetRevenged       :×
[Info   :TownOfHost-Pko] [20:44:06:96][Info]┗ NekoKabochaMadmatesGetRevenged        :×
[Info   :TownOfHost-Pko] [20:44:06:96][Info]┗ NekoKabochaNeutralsGetRevenged        :×
[Info   :TownOfHost-Pko] [20:44:06:96][Info]┗ NekoKabochaRevengeOnExile             :×
[Info   :TownOfHost-Pko] [20:44:06:96][Info]┗ PenguinAbductTimerLimit               :10秒
[Info   :TownOfHost-Pko] [20:44:06:96][Info]┗ PenguinMeetingKill                    :×
[Info   :TownOfHost-Pko] [20:44:06:96][Info]┗ GiveGuesser                           :×
[Info   :TownOfHost-Pko] [20:44:06:96][Info]┗ GiveWatching                          :×
[Info   :TownOfHost-Pko] [20:44:06:96][Info]┗ GivePlusVote                          :×
[Info   :TownOfHost-Pko] [20:44:06:96][Info]┗ GiveTiebreaker                        :×
[Info   :TownOfHost-Pko] [20:44:06:96][Info]┗ GiveAutopsy                           :×
[Info   :TownOfHost-Pko] [20:44:06:96][Info]┗ GiveRevenger                          :×
[Info   :TownOfHost-Pko] [20:44:06:96][Info]┗ GiveSpeeding                          :×
[Info   :TownOfHost-Pko] [20:44:06:96][Info]┗ GiveGuarding                          :×
[Info   :TownOfHost-Pko] [20:44:06:96][Info]┗ GiveManagement                        :×
[Info   :TownOfHost-Pko] [20:44:06:96][Info]┗ GiveSeeing                            :×
[Info   :TownOfHost-Pko] [20:44:06:96][Info]┗ GiveOpener                            :×
[Info   :TownOfHost-Pko] [20:44:06:96][Info]┗ GiveLighting                          :○
[Info   :TownOfHost-Pko] [20:44:06:96][Info]┗ GiveMoon                              :○
[Info   :TownOfHost-Pko] [20:44:06:96][Info]┗ GiveNotvoter                          :×
[Info   :TownOfHost-Pko] [20:44:06:96][Info]┗ GiveElector                           :×
[Info   :TownOfHost-Pko] [20:44:06:96][Info]┗ GiveInfoPoor                          :×
[Info   :TownOfHost-Pko] [20:44:06:96][Info]┗ GiveNonReport                         :×
[Info   :TownOfHost-Pko] [20:44:06:96][Info]┗ GiveTransparent                       :×
[Info   :TownOfHost-Pko] [20:44:06:96][Info]┗ GiveWater                             :×
[Info   :TownOfHost-Pko] [20:44:06:96][Info]┗ GiveClumsy                            :×
[Info   :TownOfHost-Pko] [20:44:06:96][Info]┗ GiveSlacker                           :×
[Info   :TownOfHost-Pko] [20:44:06:96][Info]┗ GiveStamina                           :×
[Info   :TownOfHost-Pko] [20:44:06:96][Info]┗ GiveJumbo                             :×
[Info   :TownOfHost-Pko] [20:44:06:96][Info]┗ GiveSunglasses                        :×
[Info   :TownOfHost-Pko] [20:44:06:96][Info]┗ GiveSecurer                           :×
[Info   :TownOfHost-Pko] [20:44:06:96][Info]┗ GiveSealer                            :×
[Info   :TownOfHost-Pko] [20:44:06:96][Info]┗ GiveSilverBuzzer                      :×
[Info   :TownOfHost-Pko] [20:44:06:96][Info]┗ JackalImpostorCanSidekick             :×
[Info   :TownOfHost-Pko] [20:44:06:96][Info]┗ Cooldown                              :30秒
[Info   :TownOfHost-Pko] [20:44:06:96][Info]┗ JackalSidekickPromotion               :×
[Info   :TownOfHost-Pko] [20:44:06:96][Info]┗ GiveGuesser                           :×
[Info   :TownOfHost-Pko] [20:44:06:96][Info]┗ GiveWatching                          :×
[Info   :TownOfHost-Pko] [20:44:06:96][Info]┗ GivePlusVote                          :×
[Info   :TownOfHost-Pko] [20:44:06:96][Info]┗ GiveTiebreaker                        :×
[Info   :TownOfHost-Pko] [20:44:06:96][Info]┗ GiveAutopsy                           :×
[Info   :TownOfHost-Pko] [20:44:06:96][Info]┗ GiveRevenger                          :×
[Info   :TownOfHost-Pko] [20:44:06:96][Info]┗ GiveSpeeding                          :×
[Info   :TownOfHost-Pko] [20:44:06:96][Info]┗ GiveGuarding                          :×
[Info   :TownOfHost-Pko] [20:44:06:96][Info]┗ GiveManagement                        :×
[Info   :TownOfHost-Pko] [20:44:06:96][Info]┗ GiveSeeing                            :×
[Info   :TownOfHost-Pko] [20:44:06:96][Info]┗ GiveOpener                            :×
[Info   :TownOfHost-Pko] [20:44:06:96][Info]┗ GiveLighting                          :○
[Info   :TownOfHost-Pko] [20:44:06:96][Info]┗ GiveMoon                              :○
[Info   :TownOfHost-Pko] [20:44:06:96][Info]┗ GiveNotvoter                          :×
[Info   :TownOfHost-Pko] [20:44:06:96][Info]┗ GiveElector                           :×
[Info   :TownOfHost-Pko] [20:44:06:96][Info]┗ GiveInfoPoor                          :×
[Info   :TownOfHost-Pko] [20:44:06:96][Info]┗ GiveNonReport                         :×
[Info   :TownOfHost-Pko] [20:44:06:96][Info]┗ GiveTransparent                       :×
[Info   :TownOfHost-Pko] [20:44:06:96][Info]┗ GiveWater                             :×
[Info   :TownOfHost-Pko] [20:44:06:96][Info]┗ GiveClumsy                            :×
[Info   :TownOfHost-Pko] [20:44:06:96][Info]┗ GiveSlacker                           :×
[Info   :TownOfHost-Pko] [20:44:06:96][Info]┗ GiveStamina                           :×
[Info   :TownOfHost-Pko] [20:44:06:96][Info]┗ GiveJumbo                             :×
[Info   :TownOfHost-Pko] [20:44:06:96][Info]┗ GiveSunglasses                        :×
[Info   :TownOfHost-Pko] [20:44:06:96][Info]┗ GiveSecurer                           :×
[Info   :TownOfHost-Pko] [20:44:06:96][Info]┗ GiveSealer                            :×
[Info   :TownOfHost-Pko] [20:44:06:96][Info]┗ GiveSilverBuzzer                      :×
[Info   :TownOfHost-Pko] [20:44:06:96][Info]┗ GiveGuesser                           :×
[Info   :TownOfHost-Pko] [20:44:06:96][Info]┗ GiveWatching                          :×
[Info   :TownOfHost-Pko] [20:44:06:96][Info]┗ GivePlusVote                          :×
[Info   :TownOfHost-Pko] [20:44:06:96][Info]┗ GiveTiebreaker                        :×
[Info   :TownOfHost-Pko] [20:44:06:96][Info]┗ GiveAutopsy                           :×
[Info   :TownOfHost-Pko] [20:44:06:96][Info]┗ GiveRevenger                          :×
[Info   :TownOfHost-Pko] [20:44:06:96][Info]┗ GiveSpeeding                          :×
[Info   :TownOfHost-Pko] [20:44:06:96][Info]┗ GiveGuarding                          :×
[Info   :TownOfHost-Pko] [20:44:06:96][Info]┗ GiveManagement                        :×
[Info   :TownOfHost-Pko] [20:44:06:96][Info]┗ GiveSeeing                            :×
[Info   :TownOfHost-Pko] [20:44:06:96][Info]┗ GiveOpener                            :×
[Info   :TownOfHost-Pko] [20:44:06:96][Info]┗ GiveLighting                          :○
[Info   :TownOfHost-Pko] [20:44:06:96][Info]┗ GiveMoon                              :○
[Info   :TownOfHost-Pko] [20:44:06:96][Info]┗ GiveNotvoter                          :×
[Info   :TownOfHost-Pko] [20:44:06:96][Info]┗ GiveElector                           :×
[Info   :TownOfHost-Pko] [20:44:06:96][Info]┗ GiveInfoPoor                          :×
[Info   :TownOfHost-Pko] [20:44:06:96][Info]┗ GiveNonReport                         :×
[Info   :TownOfHost-Pko] [20:44:06:96][Info]┗ GiveTransparent                       :×
[Info   :TownOfHost-Pko] [20:44:06:96][Info]┗ GiveWater                             :×
[Info   :TownOfHost-Pko] [20:44:06:96][Info]┗ GiveClumsy                            :×
[Info   :TownOfHost-Pko] [20:44:06:96][Info]┗ GiveSlacker                           :×
[Info   :TownOfHost-Pko] [20:44:06:96][Info]┗ GiveStamina                           :×
[Info   :TownOfHost-Pko] [20:44:06:96][Info]┗ GiveJumbo                             :×
[Info   :TownOfHost-Pko] [20:44:06:96][Info]┗ GiveSunglasses                        :×
[Info   :TownOfHost-Pko] [20:44:06:96][Info]┗ GiveSecurer                           :×
[Info   :TownOfHost-Pko] [20:44:06:96][Info]┗ GiveSealer                            :×
[Info   :TownOfHost-Pko] [20:44:06:96][Info]┗ GiveSilverBuzzer                      :×
[Info   :TownOfHost-Pko] [20:44:06:96][Info]┗ JackaldollCountAsKillerOnlyWhenPromotionEnabled:×
[Info   :TownOfHost-Pko] [20:44:06:96][Info]JackalHadouHo                           :10%
[Info   :TownOfHost-Pko] [20:44:06:96][Info]┗ KillCooldown                          :30秒
[Info   :TownOfHost-Pko] [20:44:06:96][Info]┗ Cooldown                              :30秒
[Info   :TownOfHost-Pko] [20:44:06:96][Info]┗ JackalHadouHoChargeTime               :5秒
[Info   :TownOfHost-Pko] [20:44:06:96][Info]┗ JackalHadouHoSuperChargeTime          :3秒
[Info   :TownOfHost-Pko] [20:44:06:96][Info]┗ JackalHadouHoBeamTime                 :0.5秒
[Info   :TownOfHost-Pko] [20:44:06:96][Info]┗ JackalHadouHoSuperBeamTime            :2秒
[Info   :TownOfHost-Pko] [20:44:06:96][Info]┗ JackalHadouHoSelfDestruct             :×
[Info   :TownOfHost-Pko] [20:44:06:96][Info]┗ JackalHadouHoKillJackal               :○
[Info   :TownOfHost-Pko] [20:44:06:96][Info]┗ CanVent                               :○
[Info   :TownOfHost-Pko] [20:44:06:96][Info]┗ CanUseSabotage                        :×
[Info   :TownOfHost-Pko] [20:44:06:96][Info]┗ ImpostorVision                        :○
[Info   :TownOfHost-Pko] [20:44:06:96][Info]┗ CanCreateSideKick                     :○
[Info   :TownOfHost-Pko] [20:44:06:96][Info]┗ JackalHadouHoSidekickCooldown         :30秒
[Info   :TownOfHost-Pko] [20:44:06:96][Info]┗ JackalHadouHoImpostorCanSidekick      :○
[Info   :TownOfHost-Pko] [20:44:06:96][Info]┗ JackalHadouHoSidekickCanSeeOldImpostorTeammates:○
[Info   :TownOfHost-Pko] [20:44:06:96][Info]┗ JackalHadouHoImpostorCanSeeNameColor  :○
[Info   :TownOfHost-Pko] [20:44:06:96][Info]┗ JackalHadouHoSidekickPromotion        :○
[Info   :TownOfHost-Pko] [20:44:06:96][Info]┗ TamaCanLoad                           :○
[Info   :TownOfHost-Pko] [20:44:06:96][Info]┗ TamaLoadCooldown                      :10秒
[Info   :TownOfHost-Pko] [20:44:06:96][Info]┗ CanVent                               :×
[Info   :TownOfHost-Pko] [20:44:06:96][Info]┗ TamaCountAsJackalKiller               :○
[Info   :TownOfHost-Pko] [20:44:06:96][Info]┗ TamaCountAsKillerOnlyWhenPromotionEnabled:×
[Info   :TownOfHost-Pko] [20:44:06:96][Info]┗ addaddons                             :×
[Info   :TownOfHost-Pko] [20:44:06:96][Info]┗ GiveGuesser                           :×
[Info   :TownOfHost-Pko] [20:44:06:96][Info]┗ GiveWatching                          :×
[Info   :TownOfHost-Pko] [20:44:06:96][Info]┗ GivePlusVote                          :×
[Info   :TownOfHost-Pko] [20:44:06:96][Info]┗ GiveTiebreaker                        :×
[Info   :TownOfHost-Pko] [20:44:06:96][Info]┗ GiveAutopsy                           :×
[Info   :TownOfHost-Pko] [20:44:06:96][Info]┗ GiveRevenger                          :×
[Info   :TownOfHost-Pko] [20:44:06:96][Info]┗ GiveSpeeding                          :×
[Info   :TownOfHost-Pko] [20:44:06:96][Info]┗ GiveGuarding                          :×
[Info   :TownOfHost-Pko] [20:44:06:96][Info]┗ GiveManagement                        :×
[Info   :TownOfHost-Pko] [20:44:06:96][Info]┗ GiveSeeing                            :×
[Info   :TownOfHost-Pko] [20:44:06:96][Info]┗ GiveOpener                            :×
[Info   :TownOfHost-Pko] [20:44:06:96][Info]┗ GiveLighting                          :○
[Info   :TownOfHost-Pko] [20:44:06:96][Info]┗ GiveMoon                              :○
[Info   :TownOfHost-Pko] [20:44:06:96][Info]┗ GiveNotvoter                          :×
[Info   :TownOfHost-Pko] [20:44:06:96][Info]┗ GiveElector                           :×
[Info   :TownOfHost-Pko] [20:44:06:96][Info]┗ GiveInfoPoor                          :×
[Info   :TownOfHost-Pko] [20:44:06:96][Info]┗ GiveNonReport                         :×
[Info   :TownOfHost-Pko] [20:44:06:96][Info]┗ GiveTransparent                       :×
[Info   :TownOfHost-Pko] [20:44:06:96][Info]┗ GiveWater                             :×
[Info   :TownOfHost-Pko] [20:44:06:96][Info]┗ GiveClumsy                            :×
[Info   :TownOfHost-Pko] [20:44:06:96][Info]┗ GiveSlacker                           :×
[Info   :TownOfHost-Pko] [20:44:06:96][Info]┗ GiveStamina                           :×
[Info   :TownOfHost-Pko] [20:44:06:96][Info]┗ GiveJumbo                             :×
[Info   :TownOfHost-Pko] [20:44:06:96][Info]┗ GiveSunglasses                        :×
[Info   :TownOfHost-Pko] [20:44:06:96][Info]┗ GiveSecurer                           :×
[Info   :TownOfHost-Pko] [20:44:06:96][Info]┗ GiveSealer                            :×
[Info   :TownOfHost-Pko] [20:44:06:96][Info]┗ GiveSilverBuzzer                      :×
[Info   :TownOfHost-Pko] [20:44:06:96][Info]┗ CountKillerAddWinToSoloWin            :×
[Info   :TownOfHost-Pko] [20:44:06:96][Info]┗ GiveGuesser                           :×
[Info   :TownOfHost-Pko] [20:44:06:96][Info]┗ GiveWatching                          :×
[Info   :TownOfHost-Pko] [20:44:06:96][Info]┗ GivePlusVote                          :×
[Info   :TownOfHost-Pko] [20:44:06:96][Info]┗ GiveTiebreaker                        :×
[Info   :TownOfHost-Pko] [20:44:06:96][Info]┗ GiveAutopsy                           :×
[Info   :TownOfHost-Pko] [20:44:06:96][Info]┗ GiveRevenger                          :×
[Info   :TownOfHost-Pko] [20:44:06:96][Info]┗ GiveSpeeding                          :×
[Info   :TownOfHost-Pko] [20:44:06:96][Info]┗ GiveGuarding                          :×
[Info   :TownOfHost-Pko] [20:44:06:96][Info]┗ GiveManagement                        :×
[Info   :TownOfHost-Pko] [20:44:06:96][Info]┗ GiveSeeing                            :×
[Info   :TownOfHost-Pko] [20:44:06:96][Info]┗ GiveOpener                            :×
[Info   :TownOfHost-Pko] [20:44:06:96][Info]┗ GiveLighting                          :○
[Info   :TownOfHost-Pko] [20:44:06:96][Info]┗ GiveMoon                              :○
[Info   :TownOfHost-Pko] [20:44:06:96][Info]┗ GiveNotvoter                          :×
[Info   :TownOfHost-Pko] [20:44:06:96][Info]┗ GiveElector                           :×
[Info   :TownOfHost-Pko] [20:44:06:96][Info]┗ GiveInfoPoor                          :×
[Info   :TownOfHost-Pko] [20:44:06:96][Info]┗ GiveNonReport                         :×
[Info   :TownOfHost-Pko] [20:44:06:96][Info]┗ GiveTransparent                       :×
[Info   :TownOfHost-Pko] [20:44:06:96][Info]┗ GiveWater                             :×
[Info   :TownOfHost-Pko] [20:44:06:96][Info]┗ GiveClumsy                            :×
[Info   :TownOfHost-Pko] [20:44:06:96][Info]┗ GiveSlacker                           :×
[Info   :TownOfHost-Pko] [20:44:06:96][Info]┗ GiveStamina                           :×
[Info   :TownOfHost-Pko] [20:44:06:96][Info]┗ GiveJumbo                             :×
[Info   :TownOfHost-Pko] [20:44:06:96][Info]┗ GiveSunglasses                        :×
[Info   :TownOfHost-Pko] [20:44:06:96][Info]┗ GiveSecurer                           :×
[Info   :TownOfHost-Pko] [20:44:06:96][Info]┗ GiveSealer                            :×
[Info   :TownOfHost-Pko] [20:44:06:96][Info]┗ GiveSilverBuzzer                      :×
[Info   :TownOfHost-Pko] [20:44:06:96][Info]┗ GiveGuesser                           :×
[Info   :TownOfHost-Pko] [20:44:06:96][Info]┗ GiveWatching                          :×
[Info   :TownOfHost-Pko] [20:44:06:96][Info]┗ GivePlusVote                          :×
[Info   :TownOfHost-Pko] [20:44:06:96][Info]┗ GiveTiebreaker                        :×
[Info   :TownOfHost-Pko] [20:44:06:96][Info]┗ GiveAutopsy                           :×
[Info   :TownOfHost-Pko] [20:44:06:96][Info]┗ GiveRevenger                          :×
[Info   :TownOfHost-Pko] [20:44:06:96][Info]┗ GiveSpeeding                          :×
[Info   :TownOfHost-Pko] [20:44:06:96][Info]┗ GiveGuarding                          :×
[Info   :TownOfHost-Pko] [20:44:06:96][Info]┗ GiveManagement                        :×
[Info   :TownOfHost-Pko] [20:44:06:96][Info]┗ GiveSeeing                            :×
[Info   :TownOfHost-Pko] [20:44:06:96][Info]┗ GiveOpener                            :×
[Info   :TownOfHost-Pko] [20:44:06:96][Info]┗ GiveLighting                          :○
[Info   :TownOfHost-Pko] [20:44:06:96][Info]┗ GiveMoon                              :○
[Info   :TownOfHost-Pko] [20:44:06:96][Info]┗ GiveNotvoter                          :×
[Info   :TownOfHost-Pko] [20:44:06:96][Info]┗ GiveElector                           :×
[Info   :TownOfHost-Pko] [20:44:06:96][Info]┗ GiveInfoPoor                          :×
[Info   :TownOfHost-Pko] [20:44:06:96][Info]┗ GiveNonReport                         :×
[Info   :TownOfHost-Pko] [20:44:06:96][Info]┗ GiveTransparent                       :×
[Info   :TownOfHost-Pko] [20:44:06:96][Info]┗ GiveWater                             :×
[Info   :TownOfHost-Pko] [20:44:06:96][Info]┗ GiveClumsy                            :×
[Info   :TownOfHost-Pko] [20:44:06:96][Info]┗ GiveSlacker                           :×
[Info   :TownOfHost-Pko] [20:44:06:96][Info]┗ GiveStamina                           :×
[Info   :TownOfHost-Pko] [20:44:06:96][Info]┗ GiveJumbo                             :×
[Info   :TownOfHost-Pko] [20:44:06:96][Info]┗ GiveSunglasses                        :×
[Info   :TownOfHost-Pko] [20:44:06:96][Info]┗ GiveSecurer                           :×
[Info   :TownOfHost-Pko] [20:44:06:96][Info]┗ GiveSealer                            :×
[Info   :TownOfHost-Pko] [20:44:06:96][Info]┗ GiveSilverBuzzer                      :×
[Info   :TownOfHost-Pko] [20:44:06:96][Info]Arsonist                                :10%
[Info   :TownOfHost-Pko] [20:44:06:96][Info]┗ Maximum                               :1人
[Info   :TownOfHost-Pko] [20:44:06:96][Info]┗ SoloWinOption                         :1
[Info   :TownOfHost-Pko] [20:44:06:96][Info]┗ ArsonistCanSeeAllplayer               :×
[Info   :TownOfHost-Pko] [20:44:06:96][Info]┗ CanVent                               :×
[Info   :TownOfHost-Pko] [20:44:06:96][Info]┗ ArsonistDouseTime                     :3秒
[Info   :TownOfHost-Pko] [20:44:06:96][Info]┗ Cooldown                              :15秒
[Info   :TownOfHost-Pko] [20:44:06:96][Info]┗ ArsonistRange                         :1.5x
[Info   :TownOfHost-Pko] [20:44:06:96][Info]┗ Killdistance                          :ミドル
[Info   :TownOfHost-Pko] [20:44:06:96][Info]PlagueDoctor                            :10%
[Info   :TownOfHost-Pko] [20:44:06:96][Info]┗ Maximum                               :1人
[Info   :TownOfHost-Pko] [20:44:06:96][Info]┗ SoloWinOption                         :1
[Info   :TownOfHost-Pko] [20:44:06:96][Info]┗ PlagueDoctorInfectLimit               :1回
[Info   :TownOfHost-Pko] [20:44:06:96][Info]┗ PlagueDoctorInfectWhenKilled          :×
[Info   :TownOfHost-Pko] [20:44:06:96][Info]┗ PlagueDoctorInfectTime                :10秒
[Info   :TownOfHost-Pko] [20:44:06:96][Info]┗ PlagueDoctorInfectDistance            :1.5
[Info   :TownOfHost-Pko] [20:44:06:96][Info]┗ PlagueDoctorInfectInactiveTime        :10秒
[Info   :TownOfHost-Pko] [20:44:06:96][Info]┗ PlagueDoctorCanInfectSelf             :×
[Info   :TownOfHost-Pko] [20:44:06:96][Info]┗ PlagueDoctorCanInfectVent             :○
[Info   :TownOfHost-Pko] [20:44:06:96][Info]┗ PlagueDoctorDestroyPlague             :×
[Info   :TownOfHost-Pko] [20:44:06:97][Info]┗ Killdistance                          :ショート
[Info   :TownOfHost-Pko] [20:44:06:97][Info]Jester                                  :20%
[Info   :TownOfHost-Pko] [20:44:06:97][Info]┗ Maximum                               :1人
[Info   :TownOfHost-Pko] [20:44:06:97][Info]┗ SoloWinOption                         :1
[Info   :TownOfHost-Pko] [20:44:06:97][Info]┗ CanVent                               :×
[Info   :TownOfHost-Pko] [20:44:06:97][Info]┗ JesterRequireTask                     :○
[Info   :TownOfHost-Pko] [20:44:06:97][Info]┗ doOverride                            :○
[Info   :TownOfHost-Pko] [20:44:06:97][Info]┗ roleCommonTasksNum                    :0個
[Info   :TownOfHost-Pko] [20:44:06:97][Info]┗ roleLongTasksNum                      :0個
[Info   :TownOfHost-Pko] [20:44:06:97][Info]┗ roleShortTasksNum                     :3個
[Info   :TownOfHost-Pko] [20:44:06:97][Info]Cupid                                   :20%
[Info   :TownOfHost-Pko] [20:44:06:97][Info]┗ CupidKillCooldown                     :15秒
[Info   :TownOfHost-Pko] [20:44:06:97][Info]┗ SoloWinOption                         :13
[Info   :TownOfHost-Pko] [20:44:06:97][Info]┗ CupidFallChenge                       :オポチュニスト
[Info   :TownOfHost-Pko] [20:44:06:97][Info]┗ LoversRole                            :○
[Info   :TownOfHost-Pko] [20:44:06:97][Info]┗ LoversRoleAddwin                      :×
[Info   :TownOfHost-Pko] [20:44:06:97][Info]┗ LoverSoloWin3players                  :×
[Info   :TownOfHost-Pko] [20:44:06:97][Info]┗ EngineerCooldown                      :15秒
[Info   :TownOfHost-Pko] [20:44:06:97][Info]┗ EngineerInVentCooldown                :5秒
[Info   :TownOfHost-Pko] [20:44:06:97][Info]┗ roleCommonTasksNum                    :0個
[Info   :TownOfHost-Pko] [20:44:06:97][Info]┗ roleLongTasksNum                      :0個
[Info   :TownOfHost-Pko] [20:44:06:97][Info]┗ roleShortTasksNum                     :3個
[Info   :TownOfHost-Pko] [20:44:06:97][Info]┗ BankerDieRemoveCoin                   :30
[Info   :TownOfHost-Pko] [20:44:06:97][Info]┗ BankerDieRemoveTurn                   :10
[Info   :TownOfHost-Pko] [20:44:06:97][Info]┗ roleCommonTasksNum                    :0個
[Info   :TownOfHost-Pko] [20:44:06:97][Info]┗ roleLongTasksNum                      :1個
[Info   :TownOfHost-Pko] [20:44:06:97][Info]┗ roleShortTasksNum                     :2個
[Info   :TownOfHost-Pko] [20:44:06:97][Info]┗ roleCommonTasksNum                    :1個
[Info   :TownOfHost-Pko] [20:44:06:97][Info]┗ roleLongTasksNum                      :1個
[Info   :TownOfHost-Pko] [20:44:06:97][Info]┗ roleShortTasksNum                     :1個
[Info   :TownOfHost-Pko] [20:44:06:97][Info]┗ roleCommonTasksNum                    :1個
[Info   :TownOfHost-Pko] [20:44:06:97][Info]┗ roleLongTasksNum                      :1個
[Info   :TownOfHost-Pko] [20:44:06:97][Info]┗ roleShortTasksNum                     :1個
[Info   :TownOfHost-Pko] [20:44:06:97][Info]┗ OnmyojiVentCooldown                   :15秒
[Info   :TownOfHost-Pko] [20:44:06:97][Info]┗ OnmyojiVentDuration                   :10秒
[Info   :TownOfHost-Pko] [20:44:06:97][Info]┗ OnmyojiCreateShikigamiCooldown        :20秒
[Info   :TownOfHost-Pko] [20:44:06:97][Info]Freeter                                 :40%
[Info   :TownOfHost-Pko] [20:44:06:97][Info]┗ Maximum                               :1人
[Info   :TownOfHost-Pko] [20:44:06:97][Info]┗ FreeterUnemployedDeathTurns           :3回
[Info   :TownOfHost-Pko] [20:44:06:97][Info]┗ FreeterInitialCooldown                :20秒
[Info   :TownOfHost-Pko] [20:44:06:97][Info]┗ FreeterFinalCooldown                  :60秒
[Info   :TownOfHost-Pko] [20:44:06:97][Info]┗ FreeterSeeEmployerRole                :○
[Info   :TownOfHost-Pko] [20:44:06:97][Info]┗ FreeterSurvivalRequiredForWin         :×
[Info   :TownOfHost-Pko] [20:44:06:97][Info]Opportunist                             :50%
[Info   :TownOfHost-Pko] [20:44:06:97][Info]┗ Maximum                               :1人
[Info   :TownOfHost-Pko] [20:44:06:97][Info]┗ OpportunistHasKillButton              :×
[Info   :TownOfHost-Pko] [20:44:06:97][Info]┗ PhantomThiefNoticeType                :陣営
[Info   :TownOfHost-Pko] [20:44:06:97][Info]God                                     :20%
[Info   :TownOfHost-Pko] [20:44:06:97][Info]┗ Maximum                               :1人
[Info   :TownOfHost-Pko] [20:44:06:97][Info]┗ SoloWinOption                         :5
[Info   :TownOfHost-Pko] [20:44:06:97][Info]┗ doOverride                            :○
[Info   :TownOfHost-Pko] [20:44:06:97][Info]┗ roleCommonTasksNum                    :0個
[Info   :TownOfHost-Pko] [20:44:06:97][Info]┗ roleLongTasksNum                      :0個
[Info   :TownOfHost-Pko] [20:44:06:97][Info]┗ roleShortTasksNum                     :5個
[Info   :TownOfHost-Pko] [20:44:06:97][Info]┗ GodBakuro                             :×
[Info   :TownOfHost-Pko] [20:44:06:97][Info]┗ GodSeeVotes                           :○
[Info   :TownOfHost-Pko] [20:44:06:97][Info]┗ GodCanSeeDeathReason                  :○
[Info   :TownOfHost-Pko] [20:44:06:97][Info]┗ GodSeeAddons                          :○
[Info   :TownOfHost-Pko] [20:44:06:97][Info]┗ GodRequireTasksToWin                  :○
[Info   :TownOfHost-Pko] [20:44:06:97][Info]┗ GodTaskCount                          :3
[Info   :TownOfHost-Pko] [20:44:06:97][Info]┗ GodCantFixReactor                     :○
[Info   :TownOfHost-Pko] [20:44:06:97][Info]┗ GodCantFixLightsOut                   :○
[Info   :TownOfHost-Pko] [20:44:06:97][Info]┗ GodCantFixHeli                        :○
[Info   :TownOfHost-Pko] [20:44:06:97][Info]┗ GodCantFixComms                       :○
[Info   :TownOfHost-Pko] [20:44:06:97][Info]┗ GiveGuesser                           :×
[Info   :TownOfHost-Pko] [20:44:06:97][Info]┗ GiveWatching                          :×
[Info   :TownOfHost-Pko] [20:44:06:97][Info]┗ GivePlusVote                          :×
[Info   :TownOfHost-Pko] [20:44:06:97][Info]┗ GiveTiebreaker                        :×
[Info   :TownOfHost-Pko] [20:44:06:97][Info]┗ GiveAutopsy                           :×
[Info   :TownOfHost-Pko] [20:44:06:97][Info]┗ GiveRevenger                          :×
[Info   :TownOfHost-Pko] [20:44:06:97][Info]┗ GiveSpeeding                          :×
[Info   :TownOfHost-Pko] [20:44:06:97][Info]┗ GiveGuarding                          :×
[Info   :TownOfHost-Pko] [20:44:06:97][Info]┗ GiveManagement                        :×
[Info   :TownOfHost-Pko] [20:44:06:97][Info]┗ GiveSeeing                            :×
[Info   :TownOfHost-Pko] [20:44:06:97][Info]┗ GiveOpener                            :×
[Info   :TownOfHost-Pko] [20:44:06:97][Info]┗ GiveLighting                          :○
[Info   :TownOfHost-Pko] [20:44:06:97][Info]┗ GiveMoon                              :○
[Info   :TownOfHost-Pko] [20:44:06:97][Info]┗ GiveNotvoter                          :×
[Info   :TownOfHost-Pko] [20:44:06:97][Info]┗ GiveElector                           :×
[Info   :TownOfHost-Pko] [20:44:06:97][Info]┗ GiveInfoPoor                          :×
[Info   :TownOfHost-Pko] [20:44:06:97][Info]┗ GiveNonReport                         :×
[Info   :TownOfHost-Pko] [20:44:06:97][Info]┗ GiveTransparent                       :×
[Info   :TownOfHost-Pko] [20:44:06:97][Info]┗ GiveWater                             :×
[Info   :TownOfHost-Pko] [20:44:06:97][Info]┗ GiveClumsy                            :×
[Info   :TownOfHost-Pko] [20:44:06:97][Info]┗ GiveSlacker                           :×
[Info   :TownOfHost-Pko] [20:44:06:97][Info]┗ GiveStamina                           :×
[Info   :TownOfHost-Pko] [20:44:06:97][Info]┗ GiveJumbo                             :×
[Info   :TownOfHost-Pko] [20:44:06:97][Info]┗ GiveSunglasses                        :×
[Info   :TownOfHost-Pko] [20:44:06:97][Info]┗ GiveSecurer                           :×
[Info   :TownOfHost-Pko] [20:44:06:97][Info]┗ GiveSealer                            :×
[Info   :TownOfHost-Pko] [20:44:06:97][Info]┗ GiveSilverBuzzer                      :×
[Info   :TownOfHost-Pko] [20:44:06:97][Info]┗ BakeCatDieKillerTime                  :1秒
[Info   :TownOfHost-Pko] [20:44:06:97][Info]┗ BakeCatShowRoleNameToKillerTeam       :×
[Info   :TownOfHost-Pko] [20:44:06:97][Info]CanMakeMadmateCount                     :0人
[Info   :TownOfHost-Pko] [20:44:06:97][Info]MadmateOption                           :×
[Info   :TownOfHost-Pko] [20:44:06:97][Info]┗ FixedRole                             :未設定
[Info   :TownOfHost-Pko] [20:44:06:97][Info]┗ FixedRole                             :未設定
[Info   :TownOfHost-Pko] [20:44:06:97][Info]┗ KillCooldown                          :15秒
[Info   :TownOfHost-Pko] [20:44:06:97][Info]┗ KillCooldown                          :15秒
[Info   :TownOfHost-Pko] [20:44:06:97][Info]┗ FixedRole                             :未設定
[Info   :TownOfHost-Pko] [20:44:06:97][Info]┗ FixedRole                             :未設定
[Info   :TownOfHost-Pko] [20:44:06:97][Info]┗ FixedRole                             :未設定
[Info   :TownOfHost-Pko] [20:44:06:97][Info]┗ FixedRole                             :未設定
[Info   :TownOfHost-Pko] [20:44:06:97][Info]┗ FixedRole                             :未設定
[Info   :TownOfHost-Pko] [20:44:06:97][Info]┗ FixedRole                             :未設定
[Info   :TownOfHost-Pko] [20:44:06:97][Info]┗ FixedRole                             :未設定
[Info   :TownOfHost-Pko] [20:44:06:97][Info]┗ FixedRole                             :未設定
[Info   :TownOfHost-Pko] [20:44:06:97][Info]┗ FixedRole                             :未設定
[Info   :TownOfHost-Pko] [20:44:06:97][Info]┗ FixedRole                             :未設定
[Info   :TownOfHost-Pko] [20:44:06:97][Info]┗ FixedRole                             :未設定
[Info   :TownOfHost-Pko] [20:44:06:97][Info]┗ FixedRole                             :未設定
[Info   :TownOfHost-Pko] [20:44:06:97][Info]┗ FixedRole                             :未設定
[Info   :TownOfHost-Pko] [20:44:06:97][Info]┗ FixedRole                             :未設定
[Info   :TownOfHost-Pko] [20:44:06:97][Info]┗ FixedRole                             :未設定
[Info   :TownOfHost-Pko] [20:44:06:97][Info]┗ FixedRole                             :未設定
[Info   :TownOfHost-Pko] [20:44:06:97][Info]┗ FixedRole                             :未設定
[Info   :TownOfHost-Pko] [20:44:06:97][Info]┗ FixedRole                             :未設定
[Info   :TownOfHost-Pko] [20:44:06:97][Info]┗ FixedRole                             :未設定
[Info   :TownOfHost-Pko] [20:44:06:97][Info]┗ FixedRole                             :未設定
[Info   :TownOfHost-Pko] [20:44:06:97][Info]┗ FixedRole                             :未設定
[Info   :TownOfHost-Pko] [20:44:06:97][Info]┗ FixedRole                             :未設定
[Info   :TownOfHost-Pko] [20:44:06:97][Info]┗ FixedRole                             :未設定
[Info   :TownOfHost-Pko] [20:44:06:97][Info]┗ FixedRole                             :未設定
[Info   :TownOfHost-Pko] [20:44:06:97][Info]┗ FixedRole                             :未設定
[Info   :TownOfHost-Pko] [20:44:06:97][Info]┗ FixedRole                             :未設定
[Info   :TownOfHost-Pko] [20:44:06:97][Info]┗ FixedRole                             :未設定
[Info   :TownOfHost-Pko] [20:44:06:97][Info]┗ FixedRole                             :未設定
[Info   :TownOfHost-Pko] [20:44:06:97][Info]┗ FixedRole                             :未設定
[Info   :TownOfHost-Pko] [20:44:06:97][Info]┗ FixedRole                             :未設定
[Info   :TownOfHost-Pko] [20:44:06:97][Info]┗ FixedRole                             :未設定
[Info   :TownOfHost-Pko] [20:44:06:97][Info]┗ FixedRole                             :未設定
[Info   :TownOfHost-Pko] [20:44:06:97][Info]┗ FixedRole                             :未設定
[Info   :TownOfHost-Pko] [20:44:06:97][Info]┗ FixedRole                             :未設定
[Info   :TownOfHost-Pko] [20:44:06:97][Info]┗ FixedRole                             :未設定
[Info   :TownOfHost-Pko] [20:44:06:97][Info]┗ FixedRole                             :未設定
[Info   :TownOfHost-Pko] [20:44:06:97][Info]┗ FixedRole                             :未設定
[Info   :TownOfHost-Pko] [20:44:06:97][Info]┗ FixedRole                             :未設定
[Info   :TownOfHost-Pko] [20:44:06:97][Info]┗ FixedRole                             :未設定
[Info   :TownOfHost-Pko] [20:44:06:97][Info]┗ FixedRole                             :未設定
[Info   :TownOfHost-Pko] [20:44:06:97][Info]┗ FixedRole                             :未設定
[Info   :TownOfHost-Pko] [20:44:06:97][Info]┗ FixedRole                             :未設定
[Info   :TownOfHost-Pko] [20:44:06:97][Info]┗ FixedRole                             :未設定
[Info   :TownOfHost-Pko] [20:44:06:97][Info]┗ FixedRole                             :未設定
[Info   :TownOfHost-Pko] [20:44:06:97][Info]┗ FixedRole                             :未設定
[Info   :TownOfHost-Pko] [20:44:06:97][Info]┗ FixedRole                             :未設定
[Info   :TownOfHost-Pko] [20:44:06:97][Info]┗ FixedRole                             :未設定
[Info   :TownOfHost-Pko] [20:44:06:97][Info]┗ FixedRole                             :未設定
[Info   :TownOfHost-Pko] [20:44:06:97][Info]┗ FixedRole                             :未設定
[Info   :TownOfHost-Pko] [20:44:06:97][Info]┗ FixedRole                             :未設定
[Info   :TownOfHost-Pko] [20:44:06:97][Info]┗ FixedRole                             :未設定
[Info   :TownOfHost-Pko] [20:44:06:97][Info]┗ FixedRole                             :未設定
[Info   :TownOfHost-Pko] [20:44:06:97][Info]┗ RoughPercentage                       :○
[Info   :TownOfHost-Pko] [20:44:06:97][Info]┗ FixedRole                             :未設定
[Info   :TownOfHost-Pko] [20:44:06:97][Info]┗ FixedRole                             :未設定
[Info   :TownOfHost-Pko] [20:44:06:97][Info]┗ FixedRole                             :未設定
[Info   :TownOfHost-Pko] [20:44:06:97][Info]┗ FixedRole                             :未設定
[Info   :TownOfHost-Pko] [20:44:06:97][Info]┗ FixedRole                             :未設定
[Info   :TownOfHost-Pko] [20:44:06:97][Info]┗ FixedRole                             :未設定
[Info   :TownOfHost-Pko] [20:44:06:97][Info]┗ FixedRole                             :未設定
[Info   :TownOfHost-Pko] [20:44:06:97][Info]┗ FixedRole                             :未設定
[Info   :TownOfHost-Pko] [20:44:06:97][Info]┗ FixedRole                             :未設定
[Info   :TownOfHost-Pko] [20:44:06:97][Info]┗ FixedRole                             :未設定
[Info   :TownOfHost-Pko] [20:44:06:97][Info]┗ FixedRole                             :未設定
[Info   :TownOfHost-Pko] [20:44:06:97][Info]┗ FixedRole                             :未設定
[Info   :TownOfHost-Pko] [20:44:06:97][Info]┗ FixedRole                             :未設定
[Info   :TownOfHost-Pko] [20:44:06:97][Info]┗ FixedRole                             :未設定
[Info   :TownOfHost-Pko] [20:44:06:97][Info]┗ FixedRole                             :未設定
[Info   :TownOfHost-Pko] [20:44:06:97][Info]┗ FixedRole                             :未設定
[Info   :TownOfHost-Pko] [20:44:06:97][Info]┗ FixedRole                             :未設定
[Info   :TownOfHost-Pko] [20:44:06:97][Info]┗ FixedRole                             :未設定
[Info   :TownOfHost-Pko] [20:44:06:97][Info]┗ AmnesiaDefaultKillCool                :○
[Info   :TownOfHost-Pko] [20:44:06:97][Info]┗ AmnesiaRealizeDayCount                :4日
[Info   :TownOfHost-Pko] [20:44:06:97][Info]┗ AmnesiaRealizeTaskCount               :4
[Info   :TownOfHost-Pko] [20:44:06:97][Info]┗ AmnesiaRealizeKillcount               :2
[Info   :TownOfHost-Pko] [20:44:06:97][Info]┗ FixedRole                             :未設定
[Info   :TownOfHost-Pko] [20:44:06:97][Info]┗ FixedRole                             :未設定
[Info   :TownOfHost-Pko] [20:44:06:97][Info]┗ FixedRole                             :未設定
[Info   :TownOfHost-Pko] [20:44:06:97][Info]┗ FixedRole                             :未設定
[Info   :TownOfHost-Pko] [20:44:06:97][Info]┗ Everyturn                             :×
[Info   :TownOfHost-Pko] [20:44:06:97][Info]┗ Everyturn                             :×
[Info   :TownOfHost-Pko] [20:44:06:97][Info]┗ FixedRole                             :未設定
[Info   :TownOfHost-Pko] [20:44:06:97][Info]┗ FixedRole                             :未設定
[Info   :TownOfHost-Pko] [20:44:06:97][Info]┗ FixedRole                             :未設定
[Info   :TownOfHost-Pko] [20:44:06:97][Info]┗ FixedRole                             :未設定
[Info   :TownOfHost-Pko] [20:44:06:97][Info]┗ FixedRole                             :未設定
[Info   :TownOfHost-Pko] [20:44:06:97][Info]┗ FixedRole                             :未設定
[Info   :TownOfHost-Pko] [20:44:06:97][Info]┗ FixedRole                             :未設定
[Info   :TownOfHost-Pko] [20:44:06:97][Info]┗ FixedRole                             :未設定
[Info   :TownOfHost-Pko] [20:44:06:97][Info]┗ FixedRole                             :未設定
[Info   :TownOfHost-Pko] [20:44:06:97][Info]┗ FixedRole                             :未設定
[Info   :TownOfHost-Pko] [20:44:06:97][Info]┗ FixedRole                             :未設定
[Info   :TownOfHost-Pko] [20:44:06:97][Info]┗ FixedRole                             :未設定
[Info   :TownOfHost-Pko] [20:44:06:97][Info]┗ FixedRole                             :未設定
[Info   :TownOfHost-Pko] [20:44:06:97][Info]┗ FixedRole                             :未設定
[Info   :TownOfHost-Pko] [20:44:06:97][Info]┗ FixedRole                             :未設定
[Info   :TownOfHost-Pko] [20:44:06:97][Info]┗ FixedRole                             :未設定
[Info   :TownOfHost-Pko] [20:44:06:97][Info]┗ FixedRole                             :未設定
[Info   :TownOfHost-Pko] [20:44:06:97][Info]┗ FixedRole                             :未設定
[Info   :TownOfHost-Pko] [20:44:06:97][Info]┗ FixedRole                             :未設定
[Info   :TownOfHost-Pko] [20:44:06:97][Info]┗ FixedRole                             :未設定
[Info   :TownOfHost-Pko] [20:44:06:97][Info]┗ FixedRole                             :未設定
[Info   :TownOfHost-Pko] [20:44:06:97][Info]┗ FixedRole                             :未設定
[Info   :TownOfHost-Pko] [20:44:06:97][Info]┗ FixedRole                             :未設定
[Info   :TownOfHost-Pko] [20:44:06:97][Info]┗ FixedRole                             :未設定
[Info   :TownOfHost-Pko] [20:44:06:97][Info]┗ FixedRole                             :未設定
[Info   :TownOfHost-Pko] [20:44:06:97][Info]┗ FixedRole                             :未設定
[Info   :TownOfHost-Pko] [20:44:06:97][Info]┗ FixedRole                             :未設定
[Info   :TownOfHost-Pko] [20:44:06:97][Info]┗ FixedRole                             :未設定
[Info   :TownOfHost-Pko] [20:44:06:97][Info]┗ FixedRole                             :未設定
[Info   :TownOfHost-Pko] [20:44:06:97][Info]┗ FixedRole                             :未設定
[Info   :TownOfHost-Pko] [20:44:06:97][Info]┗ FixedRole                             :未設定
[Info   :TownOfHost-Pko] [20:44:06:97][Info]┗ FixedRole                             :未設定
[Info   :TownOfHost-Pko] [20:44:06:97][Info]┗ FixedRole                             :未設定
[Info   :TownOfHost-Pko] [20:44:06:97][Info]┗ FixedRole                             :未設定
[Info   :TownOfHost-Pko] [20:44:06:97][Info]┗ FixedRole                             :未設定
[Info   :TownOfHost-Pko] [20:44:06:97][Info]┗ FixedRole                             :未設定
[Info   :TownOfHost-Pko] [20:44:06:97][Info]┗ FixedRole                             :未設定
[Info   :TownOfHost-Pko] [20:44:06:97][Info]┗ FixedRole                             :未設定
[Info   :TownOfHost-Pko] [20:44:06:97][Info]┗ FixedRole                             :未設定
[Info   :TownOfHost-Pko] [20:44:06:97][Info]┗ FixedRole                             :未設定
[Info   :TownOfHost-Pko] [20:44:06:97][Info]┗ FixedRole                             :未設定
[Info   :TownOfHost-Pko] [20:44:06:97][Info]┗ FixedRole                             :未設定
[Info   :TownOfHost-Pko] [20:44:06:97][Info]┗ FixedRole                             :未設定
[Info   :TownOfHost-Pko] [20:44:06:97][Info]┗ FixedRole                             :未設定
[Info   :TownOfHost-Pko] [20:44:06:97][Info]┗ FixedRole                             :未設定
[Info   :TownOfHost-Pko] [20:44:06:97][Info]┗ FixedRole                             :未設定
[Info   :TownOfHost-Pko] [20:44:06:97][Info]┗ FixedRole                             :未設定
[Info   :TownOfHost-Pko] [20:44:06:97][Info]┗ FixedRole                             :未設定
[Info   :TownOfHost-Pko] [20:44:06:97][Info]┗ FixedRole                             :未設定
[Info   :TownOfHost-Pko] [20:44:06:97][Info]┗ FixedRole                             :未設定
[Info   :TownOfHost-Pko] [20:44:06:97][Info]┗ FixedRole                             :未設定
[Info   :TownOfHost-Pko] [20:44:06:97][Info]SlotRole1                               :設定済み(4)
[Info   :TownOfHost-Pko] [20:44:06:97][Info]SlotRole2                               :設定済み(2)
[Info   :TownOfHost-Pko] [20:44:06:97][Info]SlotRole3                               :未設定
[Info   :TownOfHost-Pko] [20:44:06:97][Info]SlotRole4                               :未設定
[Info   :TownOfHost-Pko] [20:44:06:97][Info]SlotRole5                               :未設定
[Info   :TownOfHost-Pko] [20:44:06:97][Info]SlotRole6                               :未設定
[Info   :TownOfHost-Pko] [20:44:06:97][Info]SlotRole7                               :未設定
[Info   :TownOfHost-Pko] [20:44:06:97][Info]SlotRole8                               :未設定
[Info   :TownOfHost-Pko] [20:44:06:97][Info]SlotRole9                               :未設定
[Info   :TownOfHost-Pko] [20:44:06:97][Info]SlotRole10                              :未設定
[Info   :TownOfHost-Pko] [20:44:06:97][Info]SlotRole11                              :未設定
[Info   :TownOfHost-Pko] [20:44:06:97][Info]SlotRole12                              :未設定
[Info   :TownOfHost-Pko] [20:44:06:97][Info]SlotRole13                              :未設定
[Info   :TownOfHost-Pko] [20:44:06:97][Info]SlotRole14                              :未設定
[Info   :TownOfHost-Pko] [20:44:06:97][Info]SlotRole15                              :未設定
[Info   :TownOfHost-Pko] [20:44:06:97][Info]GhostRoleOptions                        :×
[Info   :TownOfHost-Pko] [20:44:06:97][Info]KillFlashDuration                       :0.3秒
[Info   :TownOfHost-Pko] [20:44:06:97][Info]MapModification                         :×
[Info   :TownOfHost-Pko] [20:44:06:97][Info]TaskOption                              :×
[Info   :TownOfHost-Pko] [20:44:06:97][Info]DevicesOption                           :×
[Info   :TownOfHost-Pko] [20:44:06:97][Info]Sabotage                                :×
[Info   :TownOfHost-Pko] [20:44:06:97][Info]RandomMapsMode                          :×
[Info   :TownOfHost-Pko] [20:44:06:97][Info]RandomSpawn                             :×
[Info   :TownOfHost-Pko] [20:44:06:97][Info]MeetingAndVoteOpt                       :○
[Info   :TownOfHost-Pko] [20:44:06:97][Info]┗ LowerLimitVotingTime                  :60秒
[Info   :TownOfHost-Pko] [20:44:06:97][Info]┗ LimitMeetingTime                      :300秒
[Info   :TownOfHost-Pko] [20:44:06:97][Info]┗ AllAliveMeeting                       :○
[Info   :TownOfHost-Pko] [20:44:06:97][Info]┗ AllAliveMeetingTime                   :60秒
[Info   :TownOfHost-Pko] [20:44:06:97][Info]┗ VoteMode                              :×
[Info   :TownOfHost-Pko] [20:44:06:97][Info]┗ SyncButtonMode                        :×
[Info   :TownOfHost-Pko] [20:44:06:97][Info]┗ AdditionalEmergencyCooldown           :×
[Info   :TownOfHost-Pko] [20:44:06:97][Info]┗ ShowVoteResult                        :×
[Info   :TownOfHost-Pko] [20:44:06:97][Info]LadderDeath                             :×
[Info   :TownOfHost-Pko] [20:44:06:97][Info]GhostOptions                            :×
[Info   :TownOfHost-Pko] [20:44:06:97][Info]ConvenientOptions                       :○
[Info   :TownOfHost-Pko] [20:44:06:97][Info]┗ FirstTurnMeeting                      :○
[Info   :TownOfHost-Pko] [20:44:06:97][Info]┗ FirstTurnMeetingCantability           :×
[Info   :TownOfHost-Pko] [20:44:06:97][Info]┗ FixFirstKillCooldown                  :×
[Info   :TownOfHost-Pko] [20:44:06:97][Info]┗ CommnTaskResetAssing                  :○
[Info   :TownOfHost-Pko] [20:44:06:97][Info]┗ CanseeVoteresult                      :×
[Info   :TownOfHost-Pko] [20:44:06:97][Info]┗ OutroCrewWinreasonchenge              :○
[Info   :TownOfHost-Pko] [20:44:06:97][Info]┗ AutoGrantPet                          :○
[Info   :TownOfHost-Pko] [20:44:06:97][Info]OptionBatchSetting                      :○
[Info   :TownOfHost-Pko] [20:44:06:97][Info]┗ OptionAllImpostorKillCool             :30
[Info   :TownOfHost-Pko] [20:44:06:97][Info]┗ OptionAllNeutralKillCool              :30
[Info   :TownOfHost-Pko] [20:44:06:97][Info]RandomPreset                            :×
[Info   :TownOfHost-Pko] [20:44:06:97][Info]DisableTaskWin                          :×
[Info   :TownOfHost-Pko] [20:44:06:97][Info]NoGameEnd                               :×
[Info   :TownOfHost-Pko] [20:44:06:97][Info]HideGameSettings                        :×
[Info   :TownOfHost-Pko] [20:44:06:97][Info]HideGameSettingsDuringGame              :×
[Info   :TownOfHost-Pko] [20:44:06:97][Info]SuffixMode                              :なし
[Info   :TownOfHost-Pko] [20:44:06:97][Info]ChangeNameToRoleInfo                    :○
[Info   :TownOfHost-Pko] [20:44:06:98][Info]RoleAssigningAlgorithm                  :デフォルト
[Info   :TownOfHost-Pko] [20:44:06:98][Info]UseZoom                                 :×
[Info   :TownOfHost-Pko] [20:44:06:98][Info]CommandSetting                          :×
[Info   :TownOfHost-Pko] [20:44:06:98][Info]┗ DisableCommandPkoNotUseInGame         :×
[Info   :TownOfHost-Pko] [20:44:06:98][Info]┗ NameCharLimit                         :30
[Info   :TownOfHost-Pko] [20:44:06:98][Info]AutoFunction                            :×
[Info   :TownOfHost-Pko] [20:44:06:98][Info]GameChatSetting                         :×
[Info   :TownOfHost-Pko] [20:44:06:98][Info]ApplyDenyNameList                       :○
[Info   :TownOfHost-Pko] [20:44:06:98][Info]KickPlayerFriendCodeNotExist            :×
[Info   :TownOfHost-Pko] [20:44:06:98][Info]ApplyBanList                            :○
[Info   :TownOfHost-Pko] [20:44:06:98][Info]KiclHotNotFriend                        :×
[Info   :TownOfHost-Pko] [20:44:06:98][Info]KickInitialName                         :×
[Info   :TownOfHost-Pko] [20:44:06:98][Info]BanKickjoinplayer                       :×
[Info   :TownOfHost-Pko] [20:44:06:98][Info]-------------その他-------------
[Info   :TownOfHost-Pko] [20:44:06:98][Info]プレイヤー数: 5人
[Info   :TownOfHost-Pko] [20:44:08:64][TaskState.Init]Rの名無しさん(パン屋): InitTask
[Info   :TownOfHost-Pko] [20:44:08:64][TaskState.Init]Rの名無しさん(パン屋): TaskCounts = 0/9
[Info   :TownOfHost-Pko] [20:44:08:64][TaskState.Init]5号(エクスプレス): InitTask
[Info   :TownOfHost-Pko] [20:44:08:64][TaskState.Init]5号(エクスプレス): TaskCounts = 0/9
[Info   :TownOfHost-Pko] [20:44:08:64][TaskState.Init]ひとつここの(ジャッカル): InitTask
[Info   :TownOfHost-Pko] [20:44:08:64][TaskState.Init]みくろ(ジェスター): InitTask
[Info   :TownOfHost-Pko] [20:44:08:64][TaskState.Init]みくろ(ジェスター): TaskCounts = 0/3
[Info   :TownOfHost-Pko] [20:44:08:64][TaskState.Init]あそこらgrass(波動砲): InitTask
[Info   :TownOfHost-Pko] [20:44:08:64][LateTask]"SetTask"is finished
[Info   :TownOfHost-Pko] [20:44:10:39][LateTask]"Roleset" is created
[Info   :TownOfHost-Pko] [20:44:11:50][LateTask]"Override Role Text"is end
[Info   :TownOfHost-Pko] [20:44:12:37][StandardIntro]SetRole
[Info   :TownOfHost-Pko] [20:44:12:37][LateTask]"Roleset"is finished
[Info   :TownOfHost-Pko] [20:44:14:00][Phase]タスクフェイズ開始
[Info   :TownOfHost-Pko] [20:44:14:02][IntroCutscene]OnDestroy
[Info   :TownOfHost-Pko] [20:44:14:61][PetActionPatch]Rの名無しさん にペットを自動付与: pet_test
[Info   :TownOfHost-Pko] [20:44:14:61][PetActionPatch]みくろ にペットを自動付与: pet_test
[Info   :TownOfHost-Pko] [20:44:14:94][ExReportDeadBody]Rの名無しさん(パン屋) => Rの名無しさん(パン屋)
[Info   :TownOfHost-Pko] [20:44:14:95][LateTask]"SetSkin" is created
[Info   :TownOfHost-Pko] [20:44:14:95][MeetingTimeManager.OnReportDeadBody]DiscussionTime:0, VotingTime60
[Info   :TownOfHost-Pko] [20:44:14:96][UpdateSystem]SystemType: Laboratory, PlayerName: Rの名無しさん(パン屋), amount: 16
[Info   :TownOfHost-Pko] [20:44:14:96][UpdateSystem]SystemType: Reactor, PlayerName: Rの名無しさん(パン屋), amount: 16
[Info   :TownOfHost-Pko] [20:44:14:96][UpdateSystem]SystemType: LifeSupp, PlayerName: Rの名無しさん(パン屋), amount: 16
[Info   :TownOfHost-Pko] [20:44:15:01][Phase]------------会議開始　day:1------------
[Info   :TownOfHost-Pko] [20:44:15:29][LateTask]"SetSkin"is finished
[Info   :TownOfHost-Pko] [20:44:17:96][LateTask]"sendroleinfo" is created
[Info   :TownOfHost-Pko] [20:44:18:95][LateTask]"sendroleinfo"is finished
[Info   :TownOfHost-Pko] [20:44:19:06][SetName]名前変更:Rの名無しさん(パン屋) => <align="left"><#8f6121>【あなたの役職】</color>\n<size=70%><#ffffff><#8f6121><b><line-height=1.3pic><size=150%>パン屋\n\n<size=90%>美味しいパンはいかが？</b></color>\n<size=65%>陣営:クルー    カウント:クルーメイト    判定:クルーメイト\n<size=30%>\n<size=57%>パン屋が生存していると、会議開始時にパン屋生存コメントがチャット欄に表示される。一定の確率で毒入りパン屋に変化する。\n<line-height=0.9pic><size=45%>\n毒入りパン屋に変化する確率: 0%\n
[Info   :TownOfHost-Pko] [20:44:19:06][ReceiveChat]○Rの名無しさん(パン屋): 
[Info   :TownOfHost-Pko] [20:44:19:06][SetName]名前変更:Rの名無しさん(パン屋) => Rの名無しさん
[Info   :TownOfHost-Pko] [20:44:20:83][ReceiveChat]5号(エクスプレス):エクスプレス
[Info   :TownOfHost-Pko] [20:44:25:76][ReceiveChat]あそこらgrass(波動砲):パン屋いるんだ
[Info   :TownOfHost-Pko] [20:44:36:34][SendChat]パン屋
[Info   :TownOfHost-Pko] [20:44:44:31][ReceiveChat]ひとつここの(ジャッカル):役
[Info   :TownOfHost-Pko] [20:44:47:84][ReceiveChat]5号(エクスプレス):毒をふりまくぜー!!
[Info   :TownOfHost-Pko] [20:44:49:13][ReceiveChat]あそこらgrass(波動砲):やくもち
[Info   :TownOfHost-Pko] [20:44:56:39][MeetingVoteManager]投票: ひとつここの(ジャッカル) => Skip x 1 
[Info   :TownOfHost-Pko] [20:44:57:99][ReceiveChat]みくろ(ジェスター):やくあり
[Info   :TownOfHost-Pko] [20:44:58:48][MeetingVoteManager]投票: 5号(エクスプレス) => Skip x 1 
[Info   :TownOfHost-Pko] [20:44:59:48][ReceiveChat]あそこらgrass(波動砲):ペスト医師だ　吊ろう
[Info   :TownOfHost-Pko] [20:44:59:96][MeetingVoteManager]投票: みくろ(ジェスター) => Skip x 1 
[Info   :TownOfHost-Pko] [20:45:03:39][MeetingVoteManager]投票: Rの名無しさん(パン屋) => Skip x 1 
[Info   :TownOfHost-Pko] [20:45:05:67][ReceiveChat]5号(エクスプレス):エクスです
[Info   :TownOfHost-Pko] [20:45:05:77][MeetingVoteManager]投票: あそこらgrass(波動砲) => Skip x 1 
[Warning:TownOfHost-Pko] [20:45:05:77][GetCustomRole]TownOfHost.Modules.MeetingVoteManager.CountVotesがCustomRoleを取得しようとしましたが、対象がnullでした。
[Info   :TownOfHost-Pko] [20:45:05:77][VoteCount]スキップ => 5
[Info   :TownOfHost-Pko] [20:45:05:78][MeetingVoteManager]最多得票者: Skip
[Info   :TownOfHost-Pko] [20:45:05:78][MeetingVoteManager]追放者: スキップ で会議を終了します
[Info   :TownOfHost-Pko] [20:45:09:75][AntiBlackout]SetIsDead is called from EndMeeting
[Info   :TownOfHost-Pko] [20:45:09:76][AntiBlackout]SendGameData is called from SetIsDead
[Info   :TownOfHost-Pko] [20:45:09:76][AntiBlackout]Rの名無しさん => Impostor
[Info   :TownOfHost-Pko] [20:45:09:76][AntiBlackout]5号 => Crewmate
[Info   :TownOfHost-Pko] [20:45:09:76][AntiBlackout]ひとつここの => Crewmate
[Info   :TownOfHost-Pko] [20:45:09:76][AntiBlackout]みくろ => Crewmate
[Info   :TownOfHost-Pko] [20:45:09:76][AntiBlackout]あそこらgrass => Crewmate
[Info   :TownOfHost-Pko] [20:45:09:76][LateTask]"LateAntiBlackoutSet"is end
[Info   :TownOfHost-Pko] [20:45:11:77][Phase]------------会議終了------------
[Info   :TownOfHost-Pko] [20:45:17:96][AntiBlackout]RestoreIsDead is called from WrapUpPostfix
[Info   :TownOfHost-Pko] [20:45:17:96][CountAlivePlayers]Crew:3/3, Impostor:1/1, Jackal:1/1, All:5/5
[Info   :TownOfHost-Pko] [20:45:17:96][LateTask]"Restore IsDead Task" is created
[Info   :TownOfHost-Pko] [20:45:17:96][LateTask]"AfterMeetingDeathPlayers Task" is created
[Info   :TownOfHost-Pko] [20:45:17:97][LateTask]"Tuihoufin" is created
[Info   :TownOfHost-Pko] [20:45:18:44][LateTask]"Restore IsDead Task"is finished
[Info   :TownOfHost-Pko] [20:45:18:46][UpdateSystem]SystemType: Laboratory, PlayerName: Rの名無しさん(パン屋), amount: 128
[Info   :TownOfHost-Pko] [20:45:18:46][LateTask]"Fix Reactor" is created
[Info   :TownOfHost-Pko] [20:45:18:46][RpcResetAbilityCooldown]アビリティクールダウンのリセット:Rの名無しさん(0)
[Info   :TownOfHost-Pko] [20:45:18:47][RpcResetAbilityCooldown]アビリティクールダウンのリセット:5号(2)
[Info   :TownOfHost-Pko] [20:45:18:47][RpcResetAbilityCooldown]アビリティクールダウンのリセット:ひとつここの(3)
[Info   :TownOfHost-Pko] [20:45:18:47][RpcResetAbilityCooldown]アビリティクールダウンのリセット:みくろ(4)
[Info   :TownOfHost-Pko] [20:45:18:47][RpcResetAbilityCooldown]アビリティクールダウンのリセット:あそこらgrass(6)
[Info   :TownOfHost-Pko] [20:45:18:47][Phase]タスクフェイズ開始
[Info   :TownOfHost-Pko] [20:45:18:47][LateTask]"AfterMeetingDeathPlayers Task"is finished
[Info   :TownOfHost-Pko] [20:45:18:51][RpcResetAbilityCooldown]アビリティクールダウンのリセット:あそこらgrass(6)
[Info   :TownOfHost-Pko] [20:45:18:55][LateTask]"AfterMeetingDeathPlayer"is end
[Info   :TownOfHost-Pko] [20:45:18:68][RpcResetAbilityCooldown]アビリティクールダウンのリセット:Rの名無しさん(0)
[Info   :TownOfHost-Pko] [20:45:18:68][RpcResetAbilityCooldown]アビリティクールダウンのリセット:5号(2)
[Info   :TownOfHost-Pko] [20:45:18:68][RpcResetAbilityCooldown]アビリティクールダウンのリセット:ひとつここの(3)
[Info   :TownOfHost-Pko] [20:45:18:68][RpcResetAbilityCooldown]アビリティクールダウンのリセット:みくろ(4)
[Info   :TownOfHost-Pko] [20:45:18:68][RpcResetAbilityCooldown]アビリティクールダウンのリセット:あそこらgrass(6)
[Info   :TownOfHost-Pko] [20:45:18:71][LateTask]"abilityrset"is end
[Info   :TownOfHost-Pko] [20:45:18:74][UpdateSystem]SystemType: Laboratory, PlayerName: Rの名無しさん(パン屋), amount: 16
[Info   :TownOfHost-Pko] [20:45:18:74][LateTask]"Fix Reactor"is finished
[Info   :TownOfHost-Pko] [20:45:18:90][MurderPlayer]Rの名無しさん(パン屋) => Rの名無しさん(パン屋) (FailedProtected)
[Info   :TownOfHost-Pko] [20:45:21:18][LateTask]"Tuihoufin"is finished
[Info   :TownOfHost-Pko] [20:45:25:73][CompleteTask]TaskComplete:Rの名無しさん(パン屋) 2
[Info   :TownOfHost-Pko] [20:45:25:73][TaskState.Update]Rの名無しさん(パン屋): UpdateTask
[Info   :TownOfHost-Pko] [20:45:25:73][TaskState.Update]TotalTaskCounts = 1/18
[Info   :TownOfHost-Pko] [20:45:25:73][TaskState.Update]Rの名無しさん(パン屋): TaskCounts = 1/9
[Info   :TownOfHost-Pko] [20:45:25:74][TaskState.Update]TotalTaskCounts = 1/18
[Info   :TownOfHost-Pko] [20:45:31:68][CompleteTask]TaskComplete:5号(エクスプレス) 0
[Info   :TownOfHost-Pko] [20:45:31:68][TaskState.Update]5号(エクスプレス): UpdateTask
[Info   :TownOfHost-Pko] [20:45:31:68][TaskState.Update]TotalTaskCounts = 2/18
[Info   :TownOfHost-Pko] [20:45:31:68][TaskState.Update]5号(エクスプレス): TaskCounts = 1/9
[Info   :TownOfHost-Pko] [20:45:31:68][TaskState.Update]TotalTaskCounts = 2/18
[Info   :TownOfHost-Pko] [20:45:32:29][UpdateSystem]SystemType: Doors, PlayerName: Rの名無しさん(パン屋), amount: 71
[Info   :TownOfHost-Pko] [20:45:33:16][CompleteTask]TaskComplete:みくろ(ジェスター) 1
[Info   :TownOfHost-Pko] [20:45:33:16][TaskState.Update]みくろ(ジェスター): UpdateTask
[Info   :TownOfHost-Pko] [20:45:33:16][TaskState.Update]TotalTaskCounts = 3/18
[Info   :TownOfHost-Pko] [20:45:33:16][TaskState.Update]みくろ(ジェスター): TaskCounts = 1/3
[Info   :TownOfHost-Pko] [20:45:33:16][TaskState.Update]TotalTaskCounts = 2/18
[Info   :TownOfHost-Pko] [20:45:37:76][CompleteTask]TaskComplete:Rの名無しさん(パン屋) 8
[Info   :TownOfHost-Pko] [20:45:37:76][TaskState.Update]Rの名無しさん(パン屋): UpdateTask
[Info   :TownOfHost-Pko] [20:45:37:76][TaskState.Update]TotalTaskCounts = 3/18
[Info   :TownOfHost-Pko] [20:45:37:76][TaskState.Update]Rの名無しさん(パン屋): TaskCounts = 2/9
[Info   :TownOfHost-Pko] [20:45:37:76][TaskState.Update]TotalTaskCounts = 3/18
[Info   :TownOfHost-Pko] [20:45:43:35][CompleteTask]TaskComplete:5号(エクスプレス) 5
[Info   :TownOfHost-Pko] [20:45:43:35][TaskState.Update]5号(エクスプレス): UpdateTask
[Info   :TownOfHost-Pko] [20:45:43:35][TaskState.Update]TotalTaskCounts = 4/18
[Info   :TownOfHost-Pko] [20:45:43:35][TaskState.Update]5号(エクスプレス): TaskCounts = 2/9
[Info   :TownOfHost-Pko] [20:45:43:35][TaskState.Update]TotalTaskCounts = 4/18
[Info   :TownOfHost-Pko] [20:45:49:32][CompleteTask]TaskComplete:Rの名無しさん(パン屋) 0
[Info   :TownOfHost-Pko] [20:45:49:32][TaskState.Update]Rの名無しさん(パン屋): UpdateTask
[Info   :TownOfHost-Pko] [20:45:49:32][TaskState.Update]TotalTaskCounts = 5/18
[Info   :TownOfHost-Pko] [20:45:49:32][TaskState.Update]Rの名無しさん(パン屋): TaskCounts = 3/9
[Info   :TownOfHost-Pko] [20:45:49:32][TaskState.Update]TotalTaskCounts = 5/18
[Info   :TownOfHost-Pko] [20:45:50:53][PhantomButton]Use:ひとつここの
[Info   :TownOfHost-Pko] [20:45:52:25][PhantomButton]Use:ひとつここの
[Info   :TownOfHost-Pko] [20:45:52:53][SabotageSystemType]PlayerName: あそこらgrass(波動砲), SabotageType: Electrical
[Info   :TownOfHost-Pko] [20:45:52:53][UpdateSystem]SystemType: Electrical, PlayerName: Rの名無しさん(パン屋), amount: 142
[Info   :TownOfHost-Pko] [20:45:55:32][CompleteTask]TaskComplete:みくろ(ジェスター) 2
[Info   :TownOfHost-Pko] [20:45:55:32][TaskState.Update]みくろ(ジェスター): UpdateTask
[Info   :TownOfHost-Pko] [20:45:55:32][TaskState.Update]TotalTaskCounts = 6/18
[Info   :TownOfHost-Pko] [20:45:55:32][TaskState.Update]みくろ(ジェスター): TaskCounts = 2/3
[Info   :TownOfHost-Pko] [20:45:55:32][TaskState.Update]TotalTaskCounts = 5/18
[Info   :TownOfHost-Pko] [20:45:56:00][PhantomButton]Use:ひとつここの
[Info   :TownOfHost-Pko] [20:45:56:67][UpdateSystem]SystemType: Doors, PlayerName: Rの名無しさん(パン屋), amount: 64
[Info   :TownOfHost-Pko] [20:46:00:55][UpdateSystem]SystemType: Doors, PlayerName: Rの名無しさん(パン屋), amount: 65
[Info   :TownOfHost-Pko] [20:46:14:79][UpdateSystem]SystemType: Doors, PlayerName: Rの名無しさん(パン屋), amount: 66
[Info   :TownOfHost-Pko] [20:46:15:67][CompleteTask]TaskComplete:5号(エクスプレス) 1
[Info   :TownOfHost-Pko] [20:46:15:67][TaskState.Update]5号(エクスプレス): UpdateTask
[Info   :TownOfHost-Pko] [20:46:15:67][TaskState.Update]TotalTaskCounts = 6/18
[Info   :TownOfHost-Pko] [20:46:15:67][TaskState.Update]5号(エクスプレス): TaskCounts = 3/9
[Info   :TownOfHost-Pko] [20:46:15:68][TaskState.Update]TotalTaskCounts = 6/18
[Info   :TownOfHost-Pko] [20:46:20:46][UpdateSystem]SystemType: Doors, PlayerName: Rの名無しさん(パン屋), amount: 67
[Info   :TownOfHost-Pko] [20:46:20:99][CompleteTask]TaskComplete:みくろ(ジェスター) 0
[Info   :TownOfHost-Pko] [20:46:20:99][TaskState.Update]みくろ(ジェスター): UpdateTask
[Info   :TownOfHost-Pko] [20:46:20:99][TaskState.Update]TotalTaskCounts = 7/18
[Info   :TownOfHost-Pko] [20:46:20:99][TaskState.Update]みくろ(ジェスター): TaskCounts = 3/3
[Info   :TownOfHost-Pko] [20:46:20:99][TaskState.Update]TotalTaskCounts = 6/18
[Info   :TownOfHost-Pko] [20:46:25:29][CheckMurder]Attempt  :ひとつここの(ジャッカル) => あそこらgrass(波動砲)
[Info   :TownOfHost-Pko] [20:46:25:29][MurderPlayer]ひとつここの(ジャッカル) => あそこらgrass(波動砲) (Succeeded, DecisionByHost)
[Info   :TownOfHost-Pko] [20:46:25:30][PlayerControl.RpcSetRole]あそこらgrass(波動砲) => ImpostorGhost
[Info   :TownOfHost-Pko] [20:46:25:30][MurderPlayer]Real Killer=ひとつここの(ジャッカル)
[Info   :TownOfHost-Pko] [20:46:25:30][CountAliveImpostors]生存しているインポスター:0人
[Info   :TownOfHost-Pko] [20:46:25:30][CountAlivePlayers]Crew:3/3, Impostor:0/1, Jackal:1/1, All:4/5
[Info   :TownOfHost-Pko] [20:46:25:48][PlayerControl.RpcSetRole]あそこらgrass(波動砲) => ImpostorGhost
[Info   :TownOfHost-Pko] [20:46:28:34][ReportDeadBody]5号(エクスプレス) => あそこらgrass(波動砲)
[Info   :TownOfHost-Pko] [20:46:28:35][LateTask]"SetSkin" is created
[Info   :TownOfHost-Pko] [20:46:28:68][LateTask]"SetSkin"is finished
[Info   :TownOfHost-Pko] [20:46:28:92][MeetingTimeManager.OnReportDeadBody]DiscussionTime:0, VotingTime240
[Info   :TownOfHost-Pko] [20:46:28:92][UpdateSystem]SystemType: Laboratory, PlayerName: Rの名無しさん(パン屋), amount: 16
[Info   :TownOfHost-Pko] [20:46:28:92][UpdateSystem]SystemType: Reactor, PlayerName: Rの名無しさん(パン屋), amount: 16
[Info   :TownOfHost-Pko] [20:46:28:92][UpdateSystem]SystemType: LifeSupp, PlayerName: Rの名無しさん(パン屋), amount: 16
[Info   :TownOfHost-Pko] [20:46:28:93][Phase]------------会議開始　day:1------------
[Info   :TownOfHost-Pko] [20:46:28:94][PetActionPatch]あそこらgrass が死亡したのでペットを外しました
[Info   :TownOfHost-Pko] [20:46:31:92][LateTask]"sendroleinfo" is created
[Info   :TownOfHost-Pko] [20:46:32:91][LateTask]"sendroleinfo"is finished
[Info   :TownOfHost-Pko] [20:46:33:06][SendChat]どこ
[Info   :TownOfHost-Pko] [20:46:33:84][ReceiveChat]5号(エクスプレス):しろいんぽ
[Info   :TownOfHost-Pko] [20:46:34:12][ReceiveChat]あそこらgrass(波動砲):はい？
[Info   :TownOfHost-Pko] [20:46:34:36][ReceiveChat]ひとつここの(ジャッカル):どこ
[Info   :TownOfHost-Pko] [20:46:40:84][ReceiveChat]5号(エクスプレス):管理室
[Info   :TownOfHost-Pko] [20:46:43:87][SendChat]おけ
[Info   :TownOfHost-Pko] [20:46:46:27][MeetingVoteManager]投票: 5号(エクスプレス) => ひとつここの(ジャッカル) x 1 
[Info   :TownOfHost-Pko] [20:46:50:54][MeetingVoteManager]投票: Rの名無しさん(パン屋) => ひとつここの(ジャッカル) x 1 
[Info   :TownOfHost-Pko] [20:46:51:03][ReceiveChat]ひとつここの(ジャッカル):まってちがう
[Info   :TownOfHost-Pko] [20:46:56:17][ReceiveChat]5号(エクスプレス):？
[Info   :TownOfHost-Pko] [20:46:58:89][ReceiveChat]ひとつここの(ジャッカル):インポみくろたぶん
[Info   :TownOfHost-Pko] [20:47:01:85][MeetingVoteManager]投票: ひとつここの(ジャッカル) => ひとつここの(ジャッカル) x 1 
[Info   :TownOfHost-Pko] [20:47:12:84][ReceiveChat]みくろ(ジェスター):えなぜ
[Info   :TownOfHost-Pko] [20:47:19:18][ReceiveChat]5号(エクスプレス):ミクロの最終位置は
[Info   :TownOfHost-Pko] [20:47:22:12][ReceiveChat]あそこらgrass(波動砲):どぼぢでぞんなごど...
[Info   :TownOfHost-Pko] [20:47:25:98][ReceiveChat]ひとつここの(ジャッカル):みたの ベント
[Info   :TownOfHost-Pko] [20:47:31:04][ReceiveChat]ひとつここの(ジャッカル):だから吊らないで
[Info   :TownOfHost-Pko] [20:47:34:17][ReceiveChat]みくろ(ジェスター):研究です
[Info   :TownOfHost-Pko] [20:47:54:34][ReceiveChat]みくろ(ジェスター):むちゃうき
[Info   :TownOfHost-Pko] [20:48:07:99][ReceiveChat]ひとつここの(ジャッカル):みのがしてください
[Info   :TownOfHost-Pko] [20:48:14:85][ReceiveChat]5号(エクスプレス):5秒前ぐらいに標本室からドア使って来た？
[Info   :TownOfHost-Pko] [20:48:36:34][ReceiveChat]みくろ(ジェスター):いってない
[Info   :TownOfHost-Pko] [20:48:49:54][ReceiveChat]5号(エクスプレス):ふむ...
[Info   :TownOfHost-Pko] [20:49:16:84][ReceiveChat]みくろ(ジェスター):みんなこれどこに投票してるの
[Info   :TownOfHost-Pko] [20:49:29:35][ReceiveChat]5号(エクスプレス):ボタン残ってるから白違ったらオレンジで吊っても良いのだけれど
[Info   :TownOfHost-Pko] [20:49:32:87][ReceiveChat]ひとつここの(ジャッカル):たぶんスキップ
[Info   :TownOfHost-Pko] [20:49:55:71][ReceiveChat]5号(エクスプレス):さすがにリスキー過ぎるか？
[Info   :TownOfHost-Pko] [20:50:04:51][ReceiveChat]みくろ(ジェスター):スキップ?
[Info   :TownOfHost-Pko] [20:50:09:86][ReceiveChat]5号(エクスプレス):わからん
[Info   :TownOfHost-Pko] [20:50:17:20][ReceiveChat]ひとつここの(ジャッカル):任せる
[Info   :TownOfHost-Pko] [20:50:22:52][ReceiveChat]みくろ(ジェスター):スキップ、します
[Info   :TownOfHost-Pko] [20:50:23:87][ReceiveChat]5号(エクスプレス):ただおれはもう白に居れてしまった
[Info   :TownOfHost-Pko] [20:50:25:17][MeetingVoteManager]投票: みくろ(ジェスター) => Skip x 1 
[Info   :TownOfHost-Pko] [20:50:25:17][VoteCount]スキップ => 1
[Info   :TownOfHost-Pko] [20:50:25:17][VoteCount]ひとつここの => 3
[Info   :TownOfHost-Pko] [20:50:25:17][MeetingVoteManager]最多得票者: ひとつここの(ジャッカル)
[Info   :TownOfHost-Pko] [20:50:25:17][MeetingVoteManager]追放者: ひとつここの(ジャッカル) で会議を終了します
[Info   :TownOfHost-Pko] [20:50:29:16][AntiBlackout]SetIsDead is called from EndMeeting
[Info   :TownOfHost-Pko] [20:50:29:16][AntiBlackout]SendGameData is called from SetIsDead
[Info   :TownOfHost-Pko] [20:50:29:16][AntiBlackout]Rの名無しさん => Impostor
[Info   :TownOfHost-Pko] [20:50:29:16][AntiBlackout]5号 => Crewmate
[Info   :TownOfHost-Pko] [20:50:29:16][AntiBlackout]ひとつここの => Crewmate
[Info   :TownOfHost-Pko] [20:50:29:16][AntiBlackout]みくろ => Crewmate
[Info   :TownOfHost-Pko] [20:50:29:16][AntiBlackout]あそこらgrass => Crewmate
[Info   :TownOfHost-Pko] [20:50:29:16][LateTask]"LateAntiBlackoutSet"is end
[Info   :TownOfHost-Pko] [20:50:31:20][Phase]------------会議終了------------
[Info   :TownOfHost-Pko] [20:50:37:40][PlayerControl.RpcSetRole]ひとつここの(ジャッカル) => CrewmateGhost
[Info   :TownOfHost-Pko] [20:50:37:40][RpcSetRole]AntiBlackoutが動作中だからキャンセル！
[Info   :TownOfHost-Pko] [20:50:37:41][AntiBlackout]RestoreIsDead is called from WrapUpPostfix
[Info   :TownOfHost-Pko] [20:50:37:44][CountAliveNeutral]生存しているニュートラル:1人
[Info   :TownOfHost-Pko] [20:50:37:44][CountAlivePlayers]Crew:3/3, Impostor:0/1, Jackal:0/1, All:3/5
[Info   :TownOfHost-Pko] [20:50:37:45][LateTask]"Restore IsDead Task" is created
[Info   :TownOfHost-Pko] [20:50:37:45][LateTask]"AfterMeetingDeathPlayers Task" is created
[Info   :TownOfHost-Pko] [20:50:37:49][LateTask]"Tuihoufin" is created
[Info   :TownOfHost-Pko] [20:50:37:50][CustomWinner]RASACW Default =>? Crewmate, Call:TownOfHost.NormalGameEndPredicate.CheckGameEndByLivingPlayers
[Info   :TownOfHost-Pko] [20:50:37:50][CustomWinner]0 < 0
[Info   :TownOfHost-Pko] [20:50:37:51][Winner]Crewmate (CrewmatesByVote)
[Info   :TownOfHost-Pko] [20:50:37:51][Winner]winnerteam:Crewmate (CrewmatesByVote)
[Info   :TownOfHost-Pko] [20:50:37:51][ResetRoleAndEndGame]Rの名無しさん(パン屋): ImpostorGhostに変更
[Info   :TownOfHost-Pko] [20:50:37:51][PlayerControl.RpcSetRole]Rの名無しさん(パン屋) => ImpostorGhost
[Info   :TownOfHost-Pko] [20:50:37:52][ResetRoleAndEndGame]5号(エクスプレス): ImpostorGhostに変更
[Info   :TownOfHost-Pko] [20:50:37:52][PlayerControl.RpcSetRole]5号(エクスプレス) => ImpostorGhost
[Info   :TownOfHost-Pko] [20:50:37:52][ResetRoleAndEndGame]ひとつここの(ジャッカル): CrewmateGhostに変更
[Info   :TownOfHost-Pko] [20:50:37:52][PlayerControl.RpcSetRole]ひとつここの(ジャッカル) => CrewmateGhost
[Info   :TownOfHost-Pko] [20:50:37:52][ResetRoleAndEndGame]みくろ(ジェスター): CrewmateGhostに変更
[Info   :TownOfHost-Pko] [20:50:37:52][PlayerControl.RpcSetRole]みくろ(ジェスター) => CrewmateGhost
[Info   :TownOfHost-Pko] [20:50:37:52][ResetRoleAndEndGame]あそこらgrass(波動砲): CrewmateGhostに変更
[Info   :TownOfHost-Pko] [20:50:37:52][PlayerControl.RpcSetRole]あそこらgrass(波動砲) => CrewmateGhost
[Info   :TownOfHost-Pko] [20:50:37:89][LateTask]"Restore IsDead Task"is finished
[Info   :TownOfHost-Pko] [20:50:37:91][UpdateSystem]SystemType: Laboratory, PlayerName: Rの名無しさん(パン屋), amount: 128
[Info   :TownOfHost-Pko] [20:50:37:91][LateTask]"Fix Reactor" is created
[Info   :TownOfHost-Pko] [20:50:37:91][Phase]タスクフェイズ開始
[Info   :TownOfHost-Pko] [20:50:37:91][LateTask]"AfterMeetingDeathPlayers Task"is finished
[Info   :TownOfHost-Pko] [20:50:37:99][LateTask]"AfterMeetingDeathPlayer"is end
[Info   :TownOfHost-Pko] [20:50:38:19][UpdateSystem]SystemType: Laboratory, PlayerName: Rの名無しさん(パン屋), amount: 16
[Info   :TownOfHost-Pko] [20:50:38:19][LateTask]"Fix Reactor"is finished
[Info   :TownOfHost-Pko] [20:50:38:39][PreviousSession]前セッション記録: 5人
[Info   :TownOfHost-Pko] [20:50:38:42][Phase]-----------ゲーム終了-----------
[Info   :TownOfHost-Pko] [20:50:38:43][CustomRoleManager]Dispose ActiveRoles
[Info   :TownOfHost-Pko] [20:50:42:15][LateTask]"Tuihoufin"is finished
[Info   :TownOfHost-Pko] [20:50:49:93][TestBotManager]Canceled legacy SNR bot spawn.
[Info   :TownOfHost-Pko] [20:50:49:93][OnGameJoined]-1928552036に参加
[Info   :TownOfHost-Pko] [20:50:50:41][LateTask]"Welcome Meg" is created
[Info   :TownOfHost-Pko] [20:50:50:61][LateTask]"Welcome Meg" is created
[Info   :TownOfHost-Pko] [20:50:50:62][LateTask]"Welcome Meg" is created
[Info   :TownOfHost-Pko] [20:50:50:62][LateTask]"Welcome Meg" is created
[Info   :TownOfHost-Pko] [20:50:51:06][LateTask]"Welcome Meg" is created
[Info   :TownOfHost-Pko] [20:50:53:55][LateTask]"Welcome Meg"is finished
[Info   :TownOfHost-Pko] [20:50:53:55][LateTask]"Welcome Meg"is finished
[Info   :TownOfHost-Pko] [20:50:53:55][LateTask]"Welcome Meg"is finished
[Info   :TownOfHost-Pko] [20:50:53:55][LateTask]"Welcome Meg"is finished
[Info   :TownOfHost-Pko] [20:50:53:59][ReceiveChat]5号:GG
[Info   :TownOfHost-Pko] [20:50:54:06][LateTask]"Welcome Meg"is finished
[Info   :TownOfHost-Pko] [20:50:59:34][SendChat]GG
[Info   :TownOfHost-Pko] [20:51:01:70][ReceiveChat]あそこらgrass:波動砲撃ちたかった
[Info   :TownOfHost-Pko] [20:51:02:34][ReceiveChat]ひとつここの:みくろ擦ってごめん
[Info   :TownOfHost-Pko] [20:51:10:60][ReceiveChat]みくろ:ジェスターだったんです　タスク終わってたんです
[Info   :TownOfHost-Pko] [20:51:18:66][ReceiveChat]あそこらgrass:みくらジェスターだったしね
[Error  :TownOfHost-Pko] [20:51:22:36][GetClientId]あそこらgrassのclientがnull
[Info   :TownOfHost-Pko] [20:51:22:37][Session]あそこらgrass(ClientID:474335)が切断(理由:ExitGame, ping:77), Platform:Android , friendcode:fishyboot#8274 , PuId:00024b10a2764c5d9cde5abed648f7a4
[Info   :TownOfHost-Pko] [20:51:27:77][ReceiveChat]みくろ:僕をつってくれれば!!
[Info   :TownOfHost-Pko] [20:51:33:47][Session]あそこらgrass(ClientID:474757)(FriendCode:fishyboot#8274)(PuId:00024b10a2764c5d9cde5abed648f7a4)が参加
[Info   :TownOfHost-Pko] [20:51:34:30][LateTask]"Welcome Meg" is created
[Info   :TownOfHost-Pko] [20:51:37:29][LateTask]"Welcome Meg"is finished
[Info   :TownOfHost-Pko] [20:51:38:37][ReceiveChat]ひとつここの:ジャッカルドール作ろうとしたら倒しちゃった
[Info   :TownOfHost-Pko] [20:51:43:22][ReceiveChat]ひとつここの:()
[Info   :TownOfHost-Pko] [20:51:46:37][SendChat]かいさんしていいっすか
[Info   :TownOfHost-Pko] [20:51:47:70][ReceiveChat]ひとつここの:'・w・'
[Info   :TownOfHost-Pko] [20:51:48:24][ReceiveChat]あそこらgrass:どぼぢで...
[Info   :TownOfHost-Pko] [20:51:49:09][ReceiveChat]みくろ:みんな即投票しちゃって・・・
[Info   :TownOfHost-Pko] [20:51:50:71][ReceiveChat]ひとつここの:いいよ
[Info   :TownOfHost-Pko] [20:51:52:08][ReceiveChat]5号:おk
[Info   :TownOfHost-Pko] [20:51:54:96][ReceiveChat]あそこらgrass:おけ
[Info   :TownOfHost-Pko] [20:51:54:98][SendChat]おつ
[Error  :TownOfHost-Pko] [20:51:57:59][GetClientId]5号のclientがnull
[Info   :TownOfHost-Pko] [20:51:57:60][Session]5号(ClientID:474343)が切断(理由:ExitGame, ping:77), Platform:StandaloneSteamPC , friendcode:spottyloaf#5118 , PuId:00024bd90585418a864c0e93eef94ded
[Info   :TownOfHost-Pko] [20:51:58:75][ReceiveChat]あそこらgrass:おつした
[Error  :TownOfHost-Pko] [20:52:02:04][GetClientId]ひとつここののclientがnull
[Info   :TownOfHost-Pko] [20:52:02:04][Session]ひとつここの(ClientID:474334)が切断(理由:ExitGame, ping:77), Platform:IPhone , friendcode:needsame#5505 , PuId:0002cf29a03740028191c90f6d69517e
[Info   :TownOfHost-Pko] [20:52:02:11][ReceiveChat]みくろ:たのしかったです
[Error  :TownOfHost-Pko] [20:52:04:37][GetClientId]あそこらgrassのclientがnull
[Info   :TownOfHost-Pko] [20:52:04:37][Session]あそこらgrass(ClientID:474757)が切断(理由:ExitGame, ping:76), Platform:Android , friendcode:fishyboot#8274 , PuId:00024b10a2764c5d9cde5abed648f7a4
[Error  :TownOfHost-Pko] [20:52:09:13][GetClientId]みくろのclientがnull
[Info   :TownOfHost-Pko] [20:52:09:13][Session]みくろ(ClientID:474354)が切断(理由:ExitGame, ping:76), Platform:Switch , friendcode:starrypram#3837 , PuId:0002b8809c4841aa8770be571da45354
[Info   :TownOfHost-Pko] [20:52:33:97][Session]切断(理由:ExitGame:, ping:80,FriendCode:needfulnil#3743,PUID:0002baec0d304fb3bd3013a145cbcd21)
[Info   :TownOfHost-Pko] [20:52:33:97][CustomRoleManager]Dispose ActiveRoles
[Info   :TownOfHost-Pko] [20:52:33:98][DiscordMatchmakingRelayService]Relay send: action=delete, room=IJXPTG, state=Closed, players=0/0, progress=0%, reason=ExitGame
[Info   :TownOfHost-Pko] [20:52:34:38][DiscordMatchmakingRelayService]Relay success: action=delete, room=IJXPTG, state=Closed, reason=ExitGame
[Info   :TownOfHost-Pko] [20:52:35:95][ModNews]ModNews Error Fetch:0
[Info   :TownOfHost-Pko] [20:52:36:09][PKO]PKO画像を読み込み: TownOfHost.Resources.TOHP.PKO.png
